domain,category,score,first_seen,last_seen,ports,ip,url,type,file_hash
ads-0.depositfiles.com,MegaUploadSites,0,3/19/2025,3/19/2025,,,,Intel::DOMAIN,
ads-1.depositfiles.com,MegaUploadSites,0,3/19/2025,3/19/2025,,,,Intel::DOMAIN,
ads-2.depositfiles.com,MegaUploadSites,0,3/19/2025,3/19/2025,,,,Intel::DOMAIN,
ads-3.depositfiles.com,MegaUploadSites,0,3/19/2025,3/19/2025,,,,Intel::DOMAIN,
ads-4.depositfiles.com,MegaUploadSites,0,3/19/2025,3/19/2025,,,,Intel::DOMAIN,
ads-a.depositfiles.com,MegaUploadSites,0,3/19/2025,3/19/2025,,,,Intel::DOMAIN,
ads-b.depositfiles.com,MegaUploadSites,0,3/19/2025,3/19/2025,,,,Intel::DOMAIN,
ads-c.depositfiles.com,MegaUploadSites,0,3/19/2025,3/19/2025,,,,Intel::DOMAIN,
ads-d.depositfiles.com,MegaUploadSites,0,3/19/2025,3/19/2025,,,,Intel::DOMAIN,
ads-e.depositfiles.com,MegaUploadSites,0,3/19/2025,3/19/2025,,,,Intel::DOMAIN,
ads-f.depositfiles.com,MegaUploadSites,0,3/19/2025,3/19/2025,,,,Intel::DOMAIN,
ads-g.depositfiles.com,MegaUploadSites,0,3/19/2025,3/19/2025,,,,Intel::DOMAIN,
ads-h.depositfiles.com,MegaUploadSites,0,3/19/2025,3/19/2025,,,,Intel::DOMAIN,
ads-i.depositfiles.com,MegaUploadSites,0,3/19/2025,3/19/2025,,,,Intel::DOMAIN,
ads-j.depositfiles.com,MegaUploadSites,0,3/19/2025,3/19/2025,,,,Intel::DOMAIN,
ads-k.depositfiles.com,MegaUploadSites,0,3/19/2025,3/19/2025,,,,Intel::DOMAIN,
ads-l.depositfiles.com,MegaUploadSites,0,3/19/2025,3/19/2025,,,,Intel::DOMAIN,
ads-m.depositfiles.com,MegaUploadSites,0,3/19/2025,3/19/2025,,,,Intel::DOMAIN,
ads-o.depositfiles.com,MegaUploadSites,0,3/19/2025,3/19/2025,,,,Intel::DOMAIN,
ads-p.depositfiles.com,MegaUploadSites,0,3/19/2025,3/19/2025,,,,Intel::DOMAIN,
ads-q.depositfiles.com,MegaUploadSites,0,3/19/2025,3/19/2025,,,,Intel::DOMAIN,
ads-r.depositfiles.com,MegaUploadSites,0,3/19/2025,3/19/2025,,,,Intel::DOMAIN,
ads-s.depositfiles.com,MegaUploadSites,0,3/19/2025,3/19/2025,,,,Intel::DOMAIN,
ads-t.depositfiles.com,MegaUploadSites,0,3/19/2025,3/19/2025,,,,Intel::DOMAIN,
ads-u.depositfiles.com,MegaUploadSites,0,3/19/2025,3/19/2025,,,,Intel::DOMAIN,
ads-v.depositfiles.com,MegaUploadSites,0,3/19/2025,3/19/2025,,,,Intel::DOMAIN,
ads-w.depositfiles.com,MegaUploadSites,0,3/19/2025,3/19/2025,,,,Intel::DOMAIN,
ads-x.depositfiles.com,MegaUploadSites,0,3/19/2025,3/19/2025,,,,Intel::DOMAIN,
ads-z.depositfiles.com,MegaUploadSites,0,3/19/2025,3/19/2025,,,,Intel::DOMAIN,
ads.depositfiles.com,MegaUploadSites,0,3/19/2025,3/19/2025,,,,Intel::DOMAIN,
ads40.depositfiles.com,MegaUploadSites,0,3/19/2025,3/19/2025,,,,Intel::DOMAIN,
ads41.depositfiles.com,MegaUploadSites,0,3/19/2025,3/19/2025,,,,Intel::DOMAIN,
ads42.depositfiles.com,MegaUploadSites,0,3/19/2025,3/19/2025,,,,Intel::DOMAIN,
ads43.depositfiles.com,MegaUploadSites,0,3/19/2025,3/19/2025,,,,Intel::DOMAIN,
ads44.depositfiles.com,MegaUploadSites,0,3/19/2025,3/19/2025,,,,Intel::DOMAIN,
ads4b.depositfiles.com,MegaUploadSites,0,3/19/2025,3/19/2025,,,,Intel::DOMAIN,
ads4c.depositfiles.com,MegaUploadSites,0,3/19/2025,3/19/2025,,,,Intel::DOMAIN,
ads4m.depositfiles.com,MegaUploadSites,0,3/19/2025,3/19/2025,,,,Intel::DOMAIN,
ads4n.depositfiles.com,MegaUploadSites,0,3/19/2025,3/19/2025,,,,Intel::DOMAIN,
ads4v.depositfiles.com,MegaUploadSites,0,3/19/2025,3/19/2025,,,,Intel::DOMAIN,
ads4x.depositfiles.com,MegaUploadSites,0,3/19/2025,3/19/2025,,,,Intel::DOMAIN,
ads50.depositfiles.com,MegaUploadSites,0,3/19/2025,3/19/2025,,,,Intel::DOMAIN,
ads51.depositfiles.com,MegaUploadSites,0,3/19/2025,3/19/2025,,,,Intel::DOMAIN,
ads52.depositfiles.com,MegaUploadSites,0,3/19/2025,3/19/2025,,,,Intel::DOMAIN,
ads53.depositfiles.com,MegaUploadSites,0,3/19/2025,3/19/2025,,,,Intel::DOMAIN,
ads54.depositfiles.com,MegaUploadSites,0,3/19/2025,3/19/2025,,,,Intel::DOMAIN,
ads5a.depositfiles.com,MegaUploadSites,0,3/19/2025,3/19/2025,,,,Intel::DOMAIN,
ads5b.depositfiles.com,MegaUploadSites,0,3/19/2025,3/19/2025,,,,Intel::DOMAIN,
ads5c.depositfiles.com,MegaUploadSites,0,3/19/2025,3/19/2025,,,,Intel::DOMAIN,
ads5d.depositfiles.com,MegaUploadSites,0,3/19/2025,3/19/2025,,,,Intel::DOMAIN,
ads5e.depositfiles.com,MegaUploadSites,0,3/19/2025,3/19/2025,,,,Intel::DOMAIN,
ads5f.depositfiles.com,MegaUploadSites,0,3/19/2025,3/19/2025,,,,Intel::DOMAIN,
ads5g.depositfiles.com,MegaUploadSites,0,3/19/2025,3/19/2025,,,,Intel::DOMAIN,
ads5h.depositfiles.com,MegaUploadSites,0,3/19/2025,3/19/2025,,,,Intel::DOMAIN,
ads5i.depositfiles.com,MegaUploadSites,0,3/19/2025,3/19/2025,,,,Intel::DOMAIN,
ads5j.depositfiles.com,MegaUploadSites,0,3/19/2025,3/19/2025,,,,Intel::DOMAIN,
ads5k.depositfiles.com,MegaUploadSites,0,3/19/2025,3/19/2025,,,,Intel::DOMAIN,
ads5l.depositfiles.com,MegaUploadSites,0,3/19/2025,3/19/2025,,,,Intel::DOMAIN,
ads5m.depositfiles.com,MegaUploadSites,0,3/19/2025,3/19/2025,,,,Intel::DOMAIN,
ads5o.depositfiles.com,MegaUploadSites,0,3/19/2025,3/19/2025,,,,Intel::DOMAIN,
ads5p.depositfiles.com,MegaUploadSites,0,3/19/2025,3/19/2025,,,,Intel::DOMAIN,
ads5q.depositfiles.com,MegaUploadSites,0,3/19/2025,3/19/2025,,,,Intel::DOMAIN,
ads5r.depositfiles.com,MegaUploadSites,0,3/19/2025,3/19/2025,,,,Intel::DOMAIN,
ads5s.depositfiles.com,MegaUploadSites,0,3/19/2025,3/19/2025,,,,Intel::DOMAIN,
ads5t.depositfiles.com,MegaUploadSites,0,3/19/2025,3/19/2025,,,,Intel::DOMAIN,
ads5u.depositfiles.com,MegaUploadSites,0,3/19/2025,3/19/2025,,,,Intel::DOMAIN,
ads5v.depositfiles.com,MegaUploadSites,0,3/19/2025,3/19/2025,,,,Intel::DOMAIN,
ads5w.depositfiles.com,MegaUploadSites,0,3/19/2025,3/19/2025,,,,Intel::DOMAIN,
ads5x.depositfiles.com,MegaUploadSites,0,3/19/2025,3/19/2025,,,,Intel::DOMAIN,
ads5y.depositfiles.com,MegaUploadSites,0,3/19/2025,3/19/2025,,,,Intel::DOMAIN,
ads5z.depositfiles.com,MegaUploadSites,0,3/19/2025,3/19/2025,,,,Intel::DOMAIN,
ads60.depositfiles.com,MegaUploadSites,0,3/19/2025,3/19/2025,,,,Intel::DOMAIN,
ads61.depositfiles.com,MegaUploadSites,0,3/19/2025,3/19/2025,,,,Intel::DOMAIN,
ads62.depositfiles.com,MegaUploadSites,0,3/19/2025,3/19/2025,,,,Intel::DOMAIN,
ads63.depositfiles.com,MegaUploadSites,0,3/19/2025,3/19/2025,,,,Intel::DOMAIN,
ads64.depositfiles.com,MegaUploadSites,0,3/19/2025,3/19/2025,,,,Intel::DOMAIN,
ads6a.depositfiles.com,MegaUploadSites,0,3/19/2025,3/19/2025,,,,Intel::DOMAIN,
ads6b.depositfiles.com,MegaUploadSites,0,3/19/2025,3/19/2025,,,,Intel::DOMAIN,
ads6c.depositfiles.com,MegaUploadSites,0,3/19/2025,3/19/2025,,,,Intel::DOMAIN,
ads6d.depositfiles.com,MegaUploadSites,0,3/19/2025,3/19/2025,,,,Intel::DOMAIN,
ads6e.depositfiles.com,MegaUploadSites,0,3/19/2025,3/19/2025,,,,Intel::DOMAIN,
ads6f.depositfiles.com,MegaUploadSites,0,3/19/2025,3/19/2025,,,,Intel::DOMAIN,
ads6g.depositfiles.com,MegaUploadSites,0,3/19/2025,3/19/2025,,,,Intel::DOMAIN,
ads6h.depositfiles.com,MegaUploadSites,0,3/19/2025,3/19/2025,,,,Intel::DOMAIN,
ads6i.depositfiles.com,MegaUploadSites,0,3/19/2025,3/19/2025,,,,Intel::DOMAIN,
ads6j.depositfiles.com,MegaUploadSites,0,3/19/2025,3/19/2025,,,,Intel::DOMAIN,
ads6k.depositfiles.com,MegaUploadSites,0,3/19/2025,3/19/2025,,,,Intel::DOMAIN,
ads6l.depositfiles.com,MegaUploadSites,0,3/19/2025,3/19/2025,,,,Intel::DOMAIN,
ads6m.depositfiles.com,MegaUploadSites,0,3/19/2025,3/19/2025,,,,Intel::DOMAIN,
ads6n.depositfiles.com,MegaUploadSites,0,3/19/2025,3/19/2025,,,,Intel::DOMAIN,
ads6o.depositfiles.com,MegaUploadSites,0,3/19/2025,3/19/2025,,,,Intel::DOMAIN,
ads6p.depositfiles.com,MegaUploadSites,0,3/19/2025,3/19/2025,,,,Intel::DOMAIN,
ads6q.depositfiles.com,MegaUploadSites,0,3/19/2025,3/19/2025,,,,Intel::DOMAIN,
ads6r.depositfiles.com,MegaUploadSites,0,3/19/2025,3/19/2025,,,,Intel::DOMAIN,
ads6s.depositfiles.com,MegaUploadSites,0,3/19/2025,3/19/2025,,,,Intel::DOMAIN,
ads6t.depositfiles.com,MegaUploadSites,0,3/19/2025,3/19/2025,,,,Intel::DOMAIN,
ads6u.depositfiles.com,MegaUploadSites,0,3/19/2025,3/19/2025,,,,Intel::DOMAIN,
ads6w.depositfiles.com,MegaUploadSites,0,3/19/2025,3/19/2025,,,,Intel::DOMAIN,
ads6x.depositfiles.com,MegaUploadSites,0,3/19/2025,3/19/2025,,,,Intel::DOMAIN,
ads6y.depositfiles.com,MegaUploadSites,0,3/19/2025,3/19/2025,,,,Intel::DOMAIN,
ads6z.depositfiles.com,MegaUploadSites,0,3/19/2025,3/19/2025,,,,Intel::DOMAIN,
ads70.depositfiles.com,MegaUploadSites,0,3/19/2025,3/19/2025,,,,Intel::DOMAIN,
ads71.depositfiles.com,MegaUploadSites,0,3/19/2025,3/19/2025,,,,Intel::DOMAIN,
ads72.depositfiles.com,MegaUploadSites,0,3/19/2025,3/19/2025,,,,Intel::DOMAIN,
ads73.depositfiles.com,MegaUploadSites,0,3/19/2025,3/19/2025,,,,Intel::DOMAIN,
ads7a.depositfiles.com,MegaUploadSites,0,3/19/2025,3/19/2025,,,,Intel::DOMAIN,
ads7b.depositfiles.com,MegaUploadSites,0,3/19/2025,3/19/2025,,,,Intel::DOMAIN,
ads7c.depositfiles.com,MegaUploadSites,0,3/19/2025,3/19/2025,,,,Intel::DOMAIN,
ads7d.depositfiles.com,MegaUploadSites,0,3/19/2025,3/19/2025,,,,Intel::DOMAIN,
ads7e.depositfiles.com,MegaUploadSites,0,3/19/2025,3/19/2025,,,,Intel::DOMAIN,
ads7f.depositfiles.com,MegaUploadSites,0,3/19/2025,3/19/2025,,,,Intel::DOMAIN,
ads7g.depositfiles.com,MegaUploadSites,0,3/19/2025,3/19/2025,,,,Intel::DOMAIN,
ads7h.depositfiles.com,MegaUploadSites,0,3/19/2025,3/19/2025,,,,Intel::DOMAIN,
ads7i.depositfiles.com,MegaUploadSites,0,3/19/2025,3/19/2025,,,,Intel::DOMAIN,
ads7j.depositfiles.com,MegaUploadSites,0,3/19/2025,3/19/2025,,,,Intel::DOMAIN,
ads7k.depositfiles.com,MegaUploadSites,0,3/19/2025,3/19/2025,,,,Intel::DOMAIN,
ads7l.depositfiles.com,MegaUploadSites,0,3/19/2025,3/19/2025,,,,Intel::DOMAIN,
ads7m.depositfiles.com,MegaUploadSites,0,3/19/2025,3/19/2025,,,,Intel::DOMAIN,
ads7n.depositfiles.com,MegaUploadSites,0,3/19/2025,3/19/2025,,,,Intel::DOMAIN,
ads7o.depositfiles.com,MegaUploadSites,0,3/19/2025,3/19/2025,,,,Intel::DOMAIN,
ads7p.depositfiles.com,MegaUploadSites,0,3/19/2025,3/19/2025,,,,Intel::DOMAIN,
ads7r.depositfiles.com,MegaUploadSites,0,3/19/2025,3/19/2025,,,,Intel::DOMAIN,
ads7t.depositfiles.com,MegaUploadSites,0,3/19/2025,3/19/2025,,,,Intel::DOMAIN,
ads7u.depositfiles.com,MegaUploadSites,0,3/19/2025,3/19/2025,,,,Intel::DOMAIN,
ads7v.depositfiles.com,MegaUploadSites,0,3/19/2025,3/19/2025,,,,Intel::DOMAIN,
ads7w.depositfiles.com,MegaUploadSites,0,3/19/2025,3/19/2025,,,,Intel::DOMAIN,
ads7x.depositfiles.com,MegaUploadSites,0,3/19/2025,3/19/2025,,,,Intel::DOMAIN,
ads7z.depositfiles.com,MegaUploadSites,0,3/19/2025,3/19/2025,,,,Intel::DOMAIN,
ads80.depositfiles.com,MegaUploadSites,0,3/19/2025,3/19/2025,,,,Intel::DOMAIN,
ads81.depositfiles.com,MegaUploadSites,0,3/19/2025,3/19/2025,,,,Intel::DOMAIN,
ads8a.depositfiles.com,MegaUploadSites,0,3/19/2025,3/19/2025,,,,Intel::DOMAIN,
ads8b.depositfiles.com,MegaUploadSites,0,3/19/2025,3/19/2025,,,,Intel::DOMAIN,
ads8c.depositfiles.com,MegaUploadSites,0,3/19/2025,3/19/2025,,,,Intel::DOMAIN,
ads8d.depositfiles.com,MegaUploadSites,0,3/19/2025,3/19/2025,,,,Intel::DOMAIN,
ads8e.depositfiles.com,MegaUploadSites,0,3/19/2025,3/19/2025,,,,Intel::DOMAIN,
ads8f.depositfiles.com,MegaUploadSites,0,3/19/2025,3/19/2025,,,,Intel::DOMAIN,
ads8g.depositfiles.com,MegaUploadSites,0,3/19/2025,3/19/2025,,,,Intel::DOMAIN,
ads8h.depositfiles.com,MegaUploadSites,0,3/19/2025,3/19/2025,,,,Intel::DOMAIN,
ads8i.depositfiles.com,MegaUploadSites,0,3/19/2025,3/19/2025,,,,Intel::DOMAIN,
ads8j.depositfiles.com,MegaUploadSites,0,3/19/2025,3/19/2025,,,,Intel::DOMAIN,
ads8k.depositfiles.com,MegaUploadSites,0,3/19/2025,3/19/2025,,,,Intel::DOMAIN,
ads8l.depositfiles.com,MegaUploadSites,0,3/19/2025,3/19/2025,,,,Intel::DOMAIN,
ads8m.depositfiles.com,MegaUploadSites,0,3/19/2025,3/19/2025,,,,Intel::DOMAIN,
ads8n.depositfiles.com,MegaUploadSites,0,3/19/2025,3/19/2025,,,,Intel::DOMAIN,
ads8o.depositfiles.com,MegaUploadSites,0,3/19/2025,3/19/2025,,,,Intel::DOMAIN,
ads8p.depositfiles.com,MegaUploadSites,0,3/19/2025,3/19/2025,,,,Intel::DOMAIN,
ads8q.depositfiles.com,MegaUploadSites,0,3/19/2025,3/19/2025,,,,Intel::DOMAIN,
ads8r.depositfiles.com,MegaUploadSites,0,3/19/2025,3/19/2025,,,,Intel::DOMAIN,
ads8s.depositfiles.com,MegaUploadSites,0,3/19/2025,3/19/2025,,,,Intel::DOMAIN,
ads8t.depositfiles.com,MegaUploadSites,0,3/19/2025,3/19/2025,,,,Intel::DOMAIN,
ads8u.depositfiles.com,MegaUploadSites,0,3/19/2025,3/19/2025,,,,Intel::DOMAIN,
ads8v.depositfiles.com,MegaUploadSites,0,3/19/2025,3/19/2025,,,,Intel::DOMAIN,
ads8w.depositfiles.com,MegaUploadSites,0,3/19/2025,3/19/2025,,,,Intel::DOMAIN,
ads8x.depositfiles.com,MegaUploadSites,0,3/19/2025,3/19/2025,,,,Intel::DOMAIN,
ads8y.depositfiles.com,MegaUploadSites,0,3/19/2025,3/19/2025,,,,Intel::DOMAIN,
ads8z.depositfiles.com,MegaUploadSites,0,3/19/2025,3/19/2025,,,,Intel::DOMAIN,
ads90.depositfiles.com,MegaUploadSites,0,3/19/2025,3/19/2025,,,,Intel::DOMAIN,
ads91.depositfiles.com,MegaUploadSites,0,3/19/2025,3/19/2025,,,,Intel::DOMAIN,
ads92.depositfiles.com,MegaUploadSites,0,3/19/2025,3/19/2025,,,,Intel::DOMAIN,
ads93.depositfiles.com,MegaUploadSites,0,3/19/2025,3/19/2025,,,,Intel::DOMAIN,
ads9a.depositfiles.com,MegaUploadSites,0,3/19/2025,3/19/2025,,,,Intel::DOMAIN,
ads9b.depositfiles.com,MegaUploadSites,0,3/19/2025,3/19/2025,,,,Intel::DOMAIN,
ads9c.depositfiles.com,MegaUploadSites,0,3/19/2025,3/19/2025,,,,Intel::DOMAIN,
ads9d.depositfiles.com,MegaUploadSites,0,3/19/2025,3/19/2025,,,,Intel::DOMAIN,
ads9e.depositfiles.com,MegaUploadSites,0,3/19/2025,3/19/2025,,,,Intel::DOMAIN,
ads9f.depositfiles.com,MegaUploadSites,0,3/19/2025,3/19/2025,,,,Intel::DOMAIN,
ads9g.depositfiles.com,MegaUploadSites,0,3/19/2025,3/19/2025,,,,Intel::DOMAIN,
ads9h.depositfiles.com,MegaUploadSites,0,3/19/2025,3/19/2025,,,,Intel::DOMAIN,
ads9i.depositfiles.com,MegaUploadSites,0,3/19/2025,3/19/2025,,,,Intel::DOMAIN,
ads9j.depositfiles.com,MegaUploadSites,0,3/19/2025,3/19/2025,,,,Intel::DOMAIN,
ads9k.depositfiles.com,MegaUploadSites,0,3/19/2025,3/19/2025,,,,Intel::DOMAIN,
ads9l.depositfiles.com,MegaUploadSites,0,3/19/2025,3/19/2025,,,,Intel::DOMAIN,
ads9m.depositfiles.com,MegaUploadSites,0,3/19/2025,3/19/2025,,,,Intel::DOMAIN,
ads9n.depositfiles.com,MegaUploadSites,0,3/19/2025,3/19/2025,,,,Intel::DOMAIN,
ads9o.depositfiles.com,MegaUploadSites,0,3/19/2025,3/19/2025,,,,Intel::DOMAIN,
ads9p.depositfiles.com,MegaUploadSites,0,3/19/2025,3/19/2025,,,,Intel::DOMAIN,
ads9r.depositfiles.com,MegaUploadSites,0,3/19/2025,3/19/2025,,,,Intel::DOMAIN,
ads9s.depositfiles.com,MegaUploadSites,0,3/19/2025,3/19/2025,,,,Intel::DOMAIN,
ads9t.depositfiles.com,MegaUploadSites,0,3/19/2025,3/19/2025,,,,Intel::DOMAIN,
ads9u.depositfiles.com,MegaUploadSites,0,3/19/2025,3/19/2025,,,,Intel::DOMAIN,
ads9v.depositfiles.com,MegaUploadSites,0,3/19/2025,3/19/2025,,,,Intel::DOMAIN,
ads9w.depositfiles.com,MegaUploadSites,0,3/19/2025,3/19/2025,,,,Intel::DOMAIN,
ads9y.depositfiles.com,MegaUploadSites,0,3/19/2025,3/19/2025,,,,Intel::DOMAIN,
ads9z.depositfiles.com,MegaUploadSites,0,3/19/2025,3/19/2025,,,,Intel::DOMAIN,
adsbb.depositfiles.com,MegaUploadSites,0,3/19/2025,3/19/2025,,,,Intel::DOMAIN,
adse0.depositfiles.com,MegaUploadSites,0,3/19/2025,3/19/2025,,,,Intel::DOMAIN,
adse3.depositfiles.com,MegaUploadSites,0,3/19/2025,3/19/2025,,,,Intel::DOMAIN,
adseb.depositfiles.com,MegaUploadSites,0,3/19/2025,3/19/2025,,,,Intel::DOMAIN,
adsec.depositfiles.com,MegaUploadSites,0,3/19/2025,3/19/2025,,,,Intel::DOMAIN,
adsee.depositfiles.com,MegaUploadSites,0,3/19/2025,3/19/2025,,,,Intel::DOMAIN,
adsef.depositfiles.com,MegaUploadSites,0,3/19/2025,3/19/2025,,,,Intel::DOMAIN,
adseh.depositfiles.com,MegaUploadSites,0,3/19/2025,3/19/2025,,,,Intel::DOMAIN,
adsei.depositfiles.com,MegaUploadSites,0,3/19/2025,3/19/2025,,,,Intel::DOMAIN,
adsej.depositfiles.com,MegaUploadSites,0,3/19/2025,3/19/2025,,,,Intel::DOMAIN,
adsel.depositfiles.com,MegaUploadSites,0,3/19/2025,3/19/2025,,,,Intel::DOMAIN,
adsen.depositfiles.com,MegaUploadSites,0,3/19/2025,3/19/2025,,,,Intel::DOMAIN,
adseo.depositfiles.com,MegaUploadSites,0,3/19/2025,3/19/2025,,,,Intel::DOMAIN,
adseq.depositfiles.com,MegaUploadSites,0,3/19/2025,3/19/2025,,,,Intel::DOMAIN,
adser.depositfiles.com,MegaUploadSites,0,3/19/2025,3/19/2025,,,,Intel::DOMAIN,
adses.depositfiles.com,MegaUploadSites,0,3/19/2025,3/19/2025,,,,Intel::DOMAIN,
adset.depositfiles.com,MegaUploadSites,0,3/19/2025,3/19/2025,,,,Intel::DOMAIN,
adseu.depositfiles.com,MegaUploadSites,0,3/19/2025,3/19/2025,,,,Intel::DOMAIN,
adsev.depositfiles.com,MegaUploadSites,0,3/19/2025,3/19/2025,,,,Intel::DOMAIN,
adsex.depositfiles.com,MegaUploadSites,0,3/19/2025,3/19/2025,,,,Intel::DOMAIN,
adsi0.depositfiles.com,MegaUploadSites,0,3/19/2025,3/19/2025,,,,Intel::DOMAIN,
adsi1.depositfiles.com,MegaUploadSites,0,3/19/2025,3/19/2025,,,,Intel::DOMAIN,
adsi2.depositfiles.com,MegaUploadSites,0,3/19/2025,3/19/2025,,,,Intel::DOMAIN,
adsi4.depositfiles.com,MegaUploadSites,0,3/19/2025,3/19/2025,,,,Intel::DOMAIN,
adsib.depositfiles.com,MegaUploadSites,0,3/19/2025,3/19/2025,,,,Intel::DOMAIN,
adsic.depositfiles.com,MegaUploadSites,0,3/19/2025,3/19/2025,,,,Intel::DOMAIN,
adsie.depositfiles.com,MegaUploadSites,0,3/19/2025,3/19/2025,,,,Intel::DOMAIN,
adsif.depositfiles.com,MegaUploadSites,0,3/19/2025,3/19/2025,,,,Intel::DOMAIN,
adsig.depositfiles.com,MegaUploadSites,0,3/19/2025,3/19/2025,,,,Intel::DOMAIN,
adsij.depositfiles.com,MegaUploadSites,0,3/19/2025,3/19/2025,,,,Intel::DOMAIN,
adsik.depositfiles.com,MegaUploadSites,0,3/19/2025,3/19/2025,,,,Intel::DOMAIN,
adsim.depositfiles.com,MegaUploadSites,0,3/19/2025,3/19/2025,,,,Intel::DOMAIN,
adsin.depositfiles.com,MegaUploadSites,0,3/19/2025,3/19/2025,,,,Intel::DOMAIN,
adsiq.depositfiles.com,MegaUploadSites,0,3/19/2025,3/19/2025,,,,Intel::DOMAIN,
adsir.depositfiles.com,MegaUploadSites,0,3/19/2025,3/19/2025,,,,Intel::DOMAIN,
adsis.depositfiles.com,MegaUploadSites,0,3/19/2025,3/19/2025,,,,Intel::DOMAIN,
adsit.depositfiles.com,MegaUploadSites,0,3/19/2025,3/19/2025,,,,Intel::DOMAIN,
adsiv.depositfiles.com,MegaUploadSites,0,3/19/2025,3/19/2025,,,,Intel::DOMAIN,
adsiw.depositfiles.com,MegaUploadSites,0,3/19/2025,3/19/2025,,,,Intel::DOMAIN,
adsix.depositfiles.com,MegaUploadSites,0,3/19/2025,3/19/2025,,,,Intel::DOMAIN,
adsiy.depositfiles.com,MegaUploadSites,0,3/19/2025,3/19/2025,,,,Intel::DOMAIN,
adso0.depositfiles.com,MegaUploadSites,0,3/19/2025,3/19/2025,,,,Intel::DOMAIN,
adso2.depositfiles.com,MegaUploadSites,0,3/19/2025,3/19/2025,,,,Intel::DOMAIN,
adsoa.depositfiles.com,MegaUploadSites,0,3/19/2025,3/19/2025,,,,Intel::DOMAIN,
adsob.depositfiles.com,MegaUploadSites,0,3/19/2025,3/19/2025,,,,Intel::DOMAIN,
adsoc.depositfiles.com,MegaUploadSites,0,3/19/2025,3/19/2025,,,,Intel::DOMAIN,
adsod.depositfiles.com,MegaUploadSites,0,3/19/2025,3/19/2025,,,,Intel::DOMAIN,
adsoe.depositfiles.com,MegaUploadSites,0,3/19/2025,3/19/2025,,,,Intel::DOMAIN,
adsog.depositfiles.com,MegaUploadSites,0,3/19/2025,3/19/2025,,,,Intel::DOMAIN,
adsoh.depositfiles.com,MegaUploadSites,0,3/19/2025,3/19/2025,,,,Intel::DOMAIN,
adsoi.depositfiles.com,MegaUploadSites,0,3/19/2025,3/19/2025,,,,Intel::DOMAIN,
adsoj.depositfiles.com,MegaUploadSites,0,3/19/2025,3/19/2025,,,,Intel::DOMAIN,
adsok.depositfiles.com,MegaUploadSites,0,3/19/2025,3/19/2025,,,,Intel::DOMAIN,
adsol.depositfiles.com,MegaUploadSites,0,3/19/2025,3/19/2025,,,,Intel::DOMAIN,
adsom.depositfiles.com,MegaUploadSites,0,3/19/2025,3/19/2025,,,,Intel::DOMAIN,
adsoo.depositfiles.com,MegaUploadSites,0,3/19/2025,3/19/2025,,,,Intel::DOMAIN,
adsor.depositfiles.com,MegaUploadSites,0,3/19/2025,3/19/2025,,,,Intel::DOMAIN,
adsos.depositfiles.com,MegaUploadSites,0,3/19/2025,3/19/2025,,,,Intel::DOMAIN,
adsot.depositfiles.com,MegaUploadSites,0,3/19/2025,3/19/2025,,,,Intel::DOMAIN,
adsou.depositfiles.com,MegaUploadSites,0,3/19/2025,3/19/2025,,,,Intel::DOMAIN,
adsov.depositfiles.com,MegaUploadSites,0,3/19/2025,3/19/2025,,,,Intel::DOMAIN,
adsow.depositfiles.com,MegaUploadSites,0,3/19/2025,3/19/2025,,,,Intel::DOMAIN,
adsox.depositfiles.com,MegaUploadSites,0,3/19/2025,3/19/2025,,,,Intel::DOMAIN,
adsoy.depositfiles.com,MegaUploadSites,0,3/19/2025,3/19/2025,,,,Intel::DOMAIN,
adspa.depositfiles.com,MegaUploadSites,0,3/19/2025,3/19/2025,,,,Intel::DOMAIN,
adspd.depositfiles.com,MegaUploadSites,0,3/19/2025,3/19/2025,,,,Intel::DOMAIN,
adspf.depositfiles.com,MegaUploadSites,0,3/19/2025,3/19/2025,,,,Intel::DOMAIN,
adspt.depositfiles.com,MegaUploadSites,0,3/19/2025,3/19/2025,,,,Intel::DOMAIN,
adsq2.depositfiles.com,MegaUploadSites,0,3/19/2025,3/19/2025,,,,Intel::DOMAIN,
adsq3.depositfiles.com,MegaUploadSites,0,3/19/2025,3/19/2025,,,,Intel::DOMAIN,
adsq4.depositfiles.com,MegaUploadSites,0,3/19/2025,3/19/2025,,,,Intel::DOMAIN,
adsqa.depositfiles.com,MegaUploadSites,0,3/19/2025,3/19/2025,,,,Intel::DOMAIN,
adsqb.depositfiles.com,MegaUploadSites,0,3/19/2025,3/19/2025,,,,Intel::DOMAIN,
adsqc.depositfiles.com,MegaUploadSites,0,3/19/2025,3/19/2025,,,,Intel::DOMAIN,
adsqd.depositfiles.com,MegaUploadSites,0,3/19/2025,3/19/2025,,,,Intel::DOMAIN,
adsqe.depositfiles.com,MegaUploadSites,0,3/19/2025,3/19/2025,,,,Intel::DOMAIN,
adsqf.depositfiles.com,MegaUploadSites,0,3/19/2025,3/19/2025,,,,Intel::DOMAIN,
adsqg.depositfiles.com,MegaUploadSites,0,3/19/2025,3/19/2025,,,,Intel::DOMAIN,
adsqh.depositfiles.com,MegaUploadSites,0,3/19/2025,3/19/2025,,,,Intel::DOMAIN,
adsqi.depositfiles.com,MegaUploadSites,0,3/19/2025,3/19/2025,,,,Intel::DOMAIN,
adsql.depositfiles.com,MegaUploadSites,0,3/19/2025,3/19/2025,,,,Intel::DOMAIN,
adsqm.depositfiles.com,MegaUploadSites,0,3/19/2025,3/19/2025,,,,Intel::DOMAIN,
adsqo.depositfiles.com,MegaUploadSites,0,3/19/2025,3/19/2025,,,,Intel::DOMAIN,
adsqp.depositfiles.com,MegaUploadSites,0,3/19/2025,3/19/2025,,,,Intel::DOMAIN,
adsqs.depositfiles.com,MegaUploadSites,0,3/19/2025,3/19/2025,,,,Intel::DOMAIN,
adsqt.depositfiles.com,MegaUploadSites,0,3/19/2025,3/19/2025,,,,Intel::DOMAIN,
adsqu.depositfiles.com,MegaUploadSites,0,3/19/2025,3/19/2025,,,,Intel::DOMAIN,
adsqv.depositfiles.com,MegaUploadSites,0,3/19/2025,3/19/2025,,,,Intel::DOMAIN,
adsqw.depositfiles.com,MegaUploadSites,0,3/19/2025,3/19/2025,,,,Intel::DOMAIN,
adsqx.depositfiles.com,MegaUploadSites,0,3/19/2025,3/19/2025,,,,Intel::DOMAIN,
adsqy.depositfiles.com,MegaUploadSites,0,3/19/2025,3/19/2025,,,,Intel::DOMAIN,
adsqz.depositfiles.com,MegaUploadSites,0,3/19/2025,3/19/2025,,,,Intel::DOMAIN,
adsr0.depositfiles.com,MegaUploadSites,0,3/19/2025,3/19/2025,,,,Intel::DOMAIN,
adsr1.depositfiles.com,MegaUploadSites,0,3/19/2025,3/19/2025,,,,Intel::DOMAIN,
adsr3.depositfiles.com,MegaUploadSites,0,3/19/2025,3/19/2025,,,,Intel::DOMAIN,
adsra.depositfiles.com,MegaUploadSites,0,3/19/2025,3/19/2025,,,,Intel::DOMAIN,
adsrb.depositfiles.com,MegaUploadSites,0,3/19/2025,3/19/2025,,,,Intel::DOMAIN,
adsrd.depositfiles.com,MegaUploadSites,0,3/19/2025,3/19/2025,,,,Intel::DOMAIN,
adsrh.depositfiles.com,MegaUploadSites,0,3/19/2025,3/19/2025,,,,Intel::DOMAIN,
adsrk.depositfiles.com,MegaUploadSites,0,3/19/2025,3/19/2025,,,,Intel::DOMAIN,
adsrl.depositfiles.com,MegaUploadSites,0,3/19/2025,3/19/2025,,,,Intel::DOMAIN,
adsrm.depositfiles.com,MegaUploadSites,0,3/19/2025,3/19/2025,,,,Intel::DOMAIN,
adsrr.depositfiles.com,MegaUploadSites,0,3/19/2025,3/19/2025,,,,Intel::DOMAIN,
adsrt.depositfiles.com,MegaUploadSites,0,3/19/2025,3/19/2025,,,,Intel::DOMAIN,
adsru.depositfiles.com,MegaUploadSites,0,3/19/2025,3/19/2025,,,,Intel::DOMAIN,
adsrv.depositfiles.com,MegaUploadSites,0,3/19/2025,3/19/2025,,,,Intel::DOMAIN,
adsrw.depositfiles.com,MegaUploadSites,0,3/19/2025,3/19/2025,,,,Intel::DOMAIN,
adsrx.depositfiles.com,MegaUploadSites,0,3/19/2025,3/19/2025,,,,Intel::DOMAIN,
adsry.depositfiles.com,MegaUploadSites,0,3/19/2025,3/19/2025,,,,Intel::DOMAIN,
adsrz.depositfiles.com,MegaUploadSites,0,3/19/2025,3/19/2025,,,,Intel::DOMAIN,
adst0.depositfiles.com,MegaUploadSites,0,3/19/2025,3/19/2025,,,,Intel::DOMAIN,
adst1.depositfiles.com,MegaUploadSites,0,3/19/2025,3/19/2025,,,,Intel::DOMAIN,
adst2.depositfiles.com,MegaUploadSites,0,3/19/2025,3/19/2025,,,,Intel::DOMAIN,
adst3.depositfiles.com,MegaUploadSites,0,3/19/2025,3/19/2025,,,,Intel::DOMAIN,
adst4.depositfiles.com,MegaUploadSites,0,3/19/2025,3/19/2025,,,,Intel::DOMAIN,
adsta.depositfiles.com,MegaUploadSites,0,3/19/2025,3/19/2025,,,,Intel::DOMAIN,
adstb.depositfiles.com,MegaUploadSites,0,3/19/2025,3/19/2025,,,,Intel::DOMAIN,
adstc.depositfiles.com,MegaUploadSites,0,3/19/2025,3/19/2025,,,,Intel::DOMAIN,
adste.depositfiles.com,MegaUploadSites,0,3/19/2025,3/19/2025,,,,Intel::DOMAIN,
adstg.depositfiles.com,MegaUploadSites,0,3/19/2025,3/19/2025,,,,Intel::DOMAIN,
adsth.depositfiles.com,MegaUploadSites,0,3/19/2025,3/19/2025,,,,Intel::DOMAIN,
adsti.depositfiles.com,MegaUploadSites,0,3/19/2025,3/19/2025,,,,Intel::DOMAIN,
adstk.depositfiles.com,MegaUploadSites,0,3/19/2025,3/19/2025,,,,Intel::DOMAIN,
adstl.depositfiles.com,MegaUploadSites,0,3/19/2025,3/19/2025,,,,Intel::DOMAIN,
adstn.depositfiles.com,MegaUploadSites,0,3/19/2025,3/19/2025,,,,Intel::DOMAIN,
adsto.depositfiles.com,MegaUploadSites,0,3/19/2025,3/19/2025,,,,Intel::DOMAIN,
adstp.depositfiles.com,MegaUploadSites,0,3/19/2025,3/19/2025,,,,Intel::DOMAIN,
adstq.depositfiles.com,MegaUploadSites,0,3/19/2025,3/19/2025,,,,Intel::DOMAIN,
adstr.depositfiles.com,MegaUploadSites,0,3/19/2025,3/19/2025,,,,Intel::DOMAIN,
adstt.depositfiles.com,MegaUploadSites,0,3/19/2025,3/19/2025,,,,Intel::DOMAIN,
adstu.depositfiles.com,MegaUploadSites,0,3/19/2025,3/19/2025,,,,Intel::DOMAIN,
adstw.depositfiles.com,MegaUploadSites,0,3/19/2025,3/19/2025,,,,Intel::DOMAIN,
adstx.depositfiles.com,MegaUploadSites,0,3/19/2025,3/19/2025,,,,Intel::DOMAIN,
adsty.depositfiles.com,MegaUploadSites,0,3/19/2025,3/19/2025,,,,Intel::DOMAIN,
adsu0.depositfiles.com,MegaUploadSites,0,3/19/2025,3/19/2025,,,,Intel::DOMAIN,
adsu1.depositfiles.com,MegaUploadSites,0,3/19/2025,3/19/2025,,,,Intel::DOMAIN,
adsu2.depositfiles.com,MegaUploadSites,0,3/19/2025,3/19/2025,,,,Intel::DOMAIN,
adsu3.depositfiles.com,MegaUploadSites,0,3/19/2025,3/19/2025,,,,Intel::DOMAIN,
adsu4.depositfiles.com,MegaUploadSites,0,3/19/2025,3/19/2025,,,,Intel::DOMAIN,
adsub.depositfiles.com,MegaUploadSites,0,3/19/2025,3/19/2025,,,,Intel::DOMAIN,
adsuc.depositfiles.com,MegaUploadSites,0,3/19/2025,3/19/2025,,,,Intel::DOMAIN,
adsue.depositfiles.com,MegaUploadSites,0,3/19/2025,3/19/2025,,,,Intel::DOMAIN,
adsuf.depositfiles.com,MegaUploadSites,0,3/19/2025,3/19/2025,,,,Intel::DOMAIN,
adsui.depositfiles.com,MegaUploadSites,0,3/19/2025,3/19/2025,,,,Intel::DOMAIN,
adsuk.depositfiles.com,MegaUploadSites,0,3/19/2025,3/19/2025,,,,Intel::DOMAIN,
adsum.depositfiles.com,MegaUploadSites,0,3/19/2025,3/19/2025,,,,Intel::DOMAIN,
adsun.depositfiles.com,MegaUploadSites,0,3/19/2025,3/19/2025,,,,Intel::DOMAIN,
adsuo.depositfiles.com,MegaUploadSites,0,3/19/2025,3/19/2025,,,,Intel::DOMAIN,
adsup.depositfiles.com,MegaUploadSites,0,3/19/2025,3/19/2025,,,,Intel::DOMAIN,
adsuq.depositfiles.com,MegaUploadSites,0,3/19/2025,3/19/2025,,,,Intel::DOMAIN,
adsur.depositfiles.com,MegaUploadSites,0,3/19/2025,3/19/2025,,,,Intel::DOMAIN,
adsus.depositfiles.com,MegaUploadSites,0,3/19/2025,3/19/2025,,,,Intel::DOMAIN,
adsuv.depositfiles.com,MegaUploadSites,0,3/19/2025,3/19/2025,,,,Intel::DOMAIN,
adsuw.depositfiles.com,MegaUploadSites,0,3/19/2025,3/19/2025,,,,Intel::DOMAIN,
adsux.depositfiles.com,MegaUploadSites,0,3/19/2025,3/19/2025,,,,Intel::DOMAIN,
adsuy.depositfiles.com,MegaUploadSites,0,3/19/2025,3/19/2025,,,,Intel::DOMAIN,
adsuz.depositfiles.com,MegaUploadSites,0,3/19/2025,3/19/2025,,,,Intel::DOMAIN,
adsw0.depositfiles.com,MegaUploadSites,0,3/19/2025,3/19/2025,,,,Intel::DOMAIN,
adsw2.depositfiles.com,MegaUploadSites,0,3/19/2025,3/19/2025,,,,Intel::DOMAIN,
adsw4.depositfiles.com,MegaUploadSites,0,3/19/2025,3/19/2025,,,,Intel::DOMAIN,
adswa.depositfiles.com,MegaUploadSites,0,3/19/2025,3/19/2025,,,,Intel::DOMAIN,
adswb.depositfiles.com,MegaUploadSites,0,3/19/2025,3/19/2025,,,,Intel::DOMAIN,
adswc.depositfiles.com,MegaUploadSites,0,3/19/2025,3/19/2025,,,,Intel::DOMAIN,
adswe.depositfiles.com,MegaUploadSites,0,3/19/2025,3/19/2025,,,,Intel::DOMAIN,
adswf.depositfiles.com,MegaUploadSites,0,3/19/2025,3/19/2025,,,,Intel::DOMAIN,
adswg.depositfiles.com,MegaUploadSites,0,3/19/2025,3/19/2025,,,,Intel::DOMAIN,
adswi.depositfiles.com,MegaUploadSites,0,3/19/2025,3/19/2025,,,,Intel::DOMAIN,
adswj.depositfiles.com,MegaUploadSites,0,3/19/2025,3/19/2025,,,,Intel::DOMAIN,
adswk.depositfiles.com,MegaUploadSites,0,3/19/2025,3/19/2025,,,,Intel::DOMAIN,
adswl.depositfiles.com,MegaUploadSites,0,3/19/2025,3/19/2025,,,,Intel::DOMAIN,
adswm.depositfiles.com,MegaUploadSites,0,3/19/2025,3/19/2025,,,,Intel::DOMAIN,
adswn.depositfiles.com,MegaUploadSites,0,3/19/2025,3/19/2025,,,,Intel::DOMAIN,
adswo.depositfiles.com,MegaUploadSites,0,3/19/2025,3/19/2025,,,,Intel::DOMAIN,
adswp.depositfiles.com,MegaUploadSites,0,3/19/2025,3/19/2025,,,,Intel::DOMAIN,
adswq.depositfiles.com,MegaUploadSites,0,3/19/2025,3/19/2025,,,,Intel::DOMAIN,
adswr.depositfiles.com,MegaUploadSites,0,3/19/2025,3/19/2025,,,,Intel::DOMAIN,
adsws.depositfiles.com,MegaUploadSites,0,3/19/2025,3/19/2025,,,,Intel::DOMAIN,
adswt.depositfiles.com,MegaUploadSites,0,3/19/2025,3/19/2025,,,,Intel::DOMAIN,
adswu.depositfiles.com,MegaUploadSites,0,3/19/2025,3/19/2025,,,,Intel::DOMAIN,
adswv.depositfiles.com,MegaUploadSites,0,3/19/2025,3/19/2025,,,,Intel::DOMAIN,
adsww.depositfiles.com,MegaUploadSites,0,3/19/2025,3/19/2025,,,,Intel::DOMAIN,
adswx.depositfiles.com,MegaUploadSites,0,3/19/2025,3/19/2025,,,,Intel::DOMAIN,
adswy.depositfiles.com,MegaUploadSites,0,3/19/2025,3/19/2025,,,,Intel::DOMAIN,
adswz.depositfiles.com,MegaUploadSites,0,3/19/2025,3/19/2025,,,,Intel::DOMAIN,
adsy0.depositfiles.com,MegaUploadSites,0,3/19/2025,3/19/2025,,,,Intel::DOMAIN,
adsy2.depositfiles.com,MegaUploadSites,0,3/19/2025,3/19/2025,,,,Intel::DOMAIN,
adsy3.depositfiles.com,MegaUploadSites,0,3/19/2025,3/19/2025,,,,Intel::DOMAIN,
adsy4.depositfiles.com,MegaUploadSites,0,3/19/2025,3/19/2025,,,,Intel::DOMAIN,
adsya.depositfiles.com,MegaUploadSites,0,3/19/2025,3/19/2025,,,,Intel::DOMAIN,
adsyb.depositfiles.com,MegaUploadSites,0,3/19/2025,3/19/2025,,,,Intel::DOMAIN,
adsyc.depositfiles.com,MegaUploadSites,0,3/19/2025,3/19/2025,,,,Intel::DOMAIN,
adsyd.depositfiles.com,MegaUploadSites,0,3/19/2025,3/19/2025,,,,Intel::DOMAIN,
adsye.depositfiles.com,MegaUploadSites,0,3/19/2025,3/19/2025,,,,Intel::DOMAIN,
adsyf.depositfiles.com,MegaUploadSites,0,3/19/2025,3/19/2025,,,,Intel::DOMAIN,
adsyh.depositfiles.com,MegaUploadSites,0,3/19/2025,3/19/2025,,,,Intel::DOMAIN,
adsyj.depositfiles.com,MegaUploadSites,0,3/19/2025,3/19/2025,,,,Intel::DOMAIN,
adsyl.depositfiles.com,MegaUploadSites,0,3/19/2025,3/19/2025,,,,Intel::DOMAIN,
adsym.depositfiles.com,MegaUploadSites,0,3/19/2025,3/19/2025,,,,Intel::DOMAIN,
adsyo.depositfiles.com,MegaUploadSites,0,3/19/2025,3/19/2025,,,,Intel::DOMAIN,
adsyr.depositfiles.com,MegaUploadSites,0,3/19/2025,3/19/2025,,,,Intel::DOMAIN,
adsys.depositfiles.com,MegaUploadSites,0,3/19/2025,3/19/2025,,,,Intel::DOMAIN,
adsyu.depositfiles.com,MegaUploadSites,0,3/19/2025,3/19/2025,,,,Intel::DOMAIN,
adsyw.depositfiles.com,MegaUploadSites,0,3/19/2025,3/19/2025,,,,Intel::DOMAIN,
adsyx.depositfiles.com,MegaUploadSites,0,3/19/2025,3/19/2025,,,,Intel::DOMAIN,
adsyz.depositfiles.com,MegaUploadSites,0,3/19/2025,3/19/2025,,,,Intel::DOMAIN,
blog.depositfiles.com,MegaUploadSites,0,3/19/2025,3/19/2025,,,,Intel::DOMAIN,
canon.depositfiles.com,MegaUploadSites,0,3/19/2025,3/19/2025,,,,Intel::DOMAIN,
depositfiles.com,MegaUploadSites,0,3/19/2025,3/19/2025,,,,Intel::DOMAIN,
fb.depositfiles.com,MegaUploadSites,0,3/19/2025,3/19/2025,,,,Intel::DOMAIN,
fileshare101.depositfiles.com,MegaUploadSites,0,3/19/2025,3/19/2025,,,,Intel::DOMAIN,
fileshare102.depositfiles.com,MegaUploadSites,0,3/19/2025,3/19/2025,,,,Intel::DOMAIN,
fileshare1020.depositfiles.com,MegaUploadSites,0,3/19/2025,3/19/2025,,,,Intel::DOMAIN,
fileshare103.depositfiles.com,MegaUploadSites,0,3/19/2025,3/19/2025,,,,Intel::DOMAIN,
fileshare104.depositfiles.com,MegaUploadSites,0,3/19/2025,3/19/2025,,,,Intel::DOMAIN,
fileshare105.depositfiles.com,MegaUploadSites,0,3/19/2025,3/19/2025,,,,Intel::DOMAIN,
fileshare1050.depositfiles.com,MegaUploadSites,0,3/19/2025,3/19/2025,,,,Intel::DOMAIN,
fileshare107.depositfiles.com,MegaUploadSites,0,3/19/2025,3/19/2025,,,,Intel::DOMAIN,
fileshare108.depositfiles.com,MegaUploadSites,0,3/19/2025,3/19/2025,,,,Intel::DOMAIN,
fileshare1090.depositfiles.com,MegaUploadSites,0,3/19/2025,3/19/2025,,,,Intel::DOMAIN,
fileshare110.depositfiles.com,MegaUploadSites,0,3/19/2025,3/19/2025,,,,Intel::DOMAIN,
fileshare111.depositfiles.com,MegaUploadSites,0,3/19/2025,3/19/2025,,,,Intel::DOMAIN,
fileshare113.depositfiles.com,MegaUploadSites,0,3/19/2025,3/19/2025,,,,Intel::DOMAIN,
fileshare114.depositfiles.com,MegaUploadSites,0,3/19/2025,3/19/2025,,,,Intel::DOMAIN,
fileshare115.depositfiles.com,MegaUploadSites,0,3/19/2025,3/19/2025,,,,Intel::DOMAIN,
fileshare116.depositfiles.com,MegaUploadSites,0,3/19/2025,3/19/2025,,,,Intel::DOMAIN,
fileshare117.depositfiles.com,MegaUploadSites,0,3/19/2025,3/19/2025,,,,Intel::DOMAIN,
fileshare118.depositfiles.com,MegaUploadSites,0,3/19/2025,3/19/2025,,,,Intel::DOMAIN,
fileshare1180.depositfiles.com,MegaUploadSites,0,3/19/2025,3/19/2025,,,,Intel::DOMAIN,
fileshare119.depositfiles.com,MegaUploadSites,0,3/19/2025,3/19/2025,,,,Intel::DOMAIN,
fileshare120.depositfiles.com,MegaUploadSites,0,3/19/2025,3/19/2025,,,,Intel::DOMAIN,
fileshare121.depositfiles.com,MegaUploadSites,0,3/19/2025,3/19/2025,,,,Intel::DOMAIN,
fileshare123.depositfiles.com,MegaUploadSites,0,3/19/2025,3/19/2025,,,,Intel::DOMAIN,
fileshare124.depositfiles.com,MegaUploadSites,0,3/19/2025,3/19/2025,,,,Intel::DOMAIN,
fileshare1240.depositfiles.com,MegaUploadSites,0,3/19/2025,3/19/2025,,,,Intel::DOMAIN,
fileshare125.depositfiles.com,MegaUploadSites,0,3/19/2025,3/19/2025,,,,Intel::DOMAIN,
fileshare126.depositfiles.com,MegaUploadSites,0,3/19/2025,3/19/2025,,,,Intel::DOMAIN,
fileshare1260.depositfiles.com,MegaUploadSites,0,3/19/2025,3/19/2025,,,,Intel::DOMAIN,
fileshare127.depositfiles.com,MegaUploadSites,0,3/19/2025,3/19/2025,,,,Intel::DOMAIN,
fileshare128.depositfiles.com,MegaUploadSites,0,3/19/2025,3/19/2025,,,,Intel::DOMAIN,
fileshare1290.depositfiles.com,MegaUploadSites,0,3/19/2025,3/19/2025,,,,Intel::DOMAIN,
fileshare130.depositfiles.com,MegaUploadSites,0,3/19/2025,3/19/2025,,,,Intel::DOMAIN,
fileshare169.depositfiles.com,MegaUploadSites,0,3/19/2025,3/19/2025,,,,Intel::DOMAIN,
fileshare170.depositfiles.com,MegaUploadSites,0,3/19/2025,3/19/2025,,,,Intel::DOMAIN,
fileshare173.depositfiles.com,MegaUploadSites,0,3/19/2025,3/19/2025,,,,Intel::DOMAIN,
fileshare174.depositfiles.com,MegaUploadSites,0,3/19/2025,3/19/2025,,,,Intel::DOMAIN,
fileshare176.depositfiles.com,MegaUploadSites,0,3/19/2025,3/19/2025,,,,Intel::DOMAIN,
fileshare177.depositfiles.com,MegaUploadSites,0,3/19/2025,3/19/2025,,,,Intel::DOMAIN,
fileshare186.depositfiles.com,MegaUploadSites,0,3/19/2025,3/19/2025,,,,Intel::DOMAIN,
fileshare189.depositfiles.com,MegaUploadSites,0,3/19/2025,3/19/2025,,,,Intel::DOMAIN,
fileshare190.depositfiles.com,MegaUploadSites,0,3/19/2025,3/19/2025,,,,Intel::DOMAIN,
fileshare192.depositfiles.com,MegaUploadSites,0,3/19/2025,3/19/2025,,,,Intel::DOMAIN,
fileshare193.depositfiles.com,MegaUploadSites,0,3/19/2025,3/19/2025,,,,Intel::DOMAIN,
fileshare202.depositfiles.com,MegaUploadSites,0,3/19/2025,3/19/2025,,,,Intel::DOMAIN,
fileshare207.depositfiles.com,MegaUploadSites,0,3/19/2025,3/19/2025,,,,Intel::DOMAIN,
fileshare209.depositfiles.com,MegaUploadSites,0,3/19/2025,3/19/2025,,,,Intel::DOMAIN,
fileshare213.depositfiles.com,MegaUploadSites,0,3/19/2025,3/19/2025,,,,Intel::DOMAIN,
fileshare2130.depositfiles.com,MegaUploadSites,0,3/19/2025,3/19/2025,,,,Intel::DOMAIN,
fileshare214.depositfiles.com,MegaUploadSites,0,3/19/2025,3/19/2025,,,,Intel::DOMAIN,
fileshare215.depositfiles.com,MegaUploadSites,0,3/19/2025,3/19/2025,,,,Intel::DOMAIN,
fileshare216.depositfiles.com,MegaUploadSites,0,3/19/2025,3/19/2025,,,,Intel::DOMAIN,
fileshare226.depositfiles.com,MegaUploadSites,0,3/19/2025,3/19/2025,,,,Intel::DOMAIN,
fileshare228.depositfiles.com,MegaUploadSites,0,3/19/2025,3/19/2025,,,,Intel::DOMAIN,
fileshare229.depositfiles.com,MegaUploadSites,0,3/19/2025,3/19/2025,,,,Intel::DOMAIN,
fileshare230.depositfiles.com,MegaUploadSites,0,3/19/2025,3/19/2025,,,,Intel::DOMAIN,
fileshare231.depositfiles.com,MegaUploadSites,0,3/19/2025,3/19/2025,,,,Intel::DOMAIN,
fileshare233.depositfiles.com,MegaUploadSites,0,3/19/2025,3/19/2025,,,,Intel::DOMAIN,
fileshare234.depositfiles.com,MegaUploadSites,0,3/19/2025,3/19/2025,,,,Intel::DOMAIN,
fileshare236.depositfiles.com,MegaUploadSites,0,3/19/2025,3/19/2025,,,,Intel::DOMAIN,
fileshare238.depositfiles.com,MegaUploadSites,0,3/19/2025,3/19/2025,,,,Intel::DOMAIN,
fileshare239.depositfiles.com,MegaUploadSites,0,3/19/2025,3/19/2025,,,,Intel::DOMAIN,
fileshare243.depositfiles.com,MegaUploadSites,0,3/19/2025,3/19/2025,,,,Intel::DOMAIN,
fileshare244.depositfiles.com,MegaUploadSites,0,3/19/2025,3/19/2025,,,,Intel::DOMAIN,
fileshare245.depositfiles.com,MegaUploadSites,0,3/19/2025,3/19/2025,,,,Intel::DOMAIN,
fileshare246.depositfiles.com,MegaUploadSites,0,3/19/2025,3/19/2025,,,,Intel::DOMAIN,
fileshare248.depositfiles.com,MegaUploadSites,0,3/19/2025,3/19/2025,,,,Intel::DOMAIN,
fileshare251.depositfiles.com,MegaUploadSites,0,3/19/2025,3/19/2025,,,,Intel::DOMAIN,
fileshare252.depositfiles.com,MegaUploadSites,0,3/19/2025,3/19/2025,,,,Intel::DOMAIN,
fileshare253.depositfiles.com,MegaUploadSites,0,3/19/2025,3/19/2025,,,,Intel::DOMAIN,
fileshare257.depositfiles.com,MegaUploadSites,0,3/19/2025,3/19/2025,,,,Intel::DOMAIN,
fileshare258.depositfiles.com,MegaUploadSites,0,3/19/2025,3/19/2025,,,,Intel::DOMAIN,
fileshare259.depositfiles.com,MegaUploadSites,0,3/19/2025,3/19/2025,,,,Intel::DOMAIN,
fileshare261.depositfiles.com,MegaUploadSites,0,3/19/2025,3/19/2025,,,,Intel::DOMAIN,
fileshare263.depositfiles.com,MegaUploadSites,0,3/19/2025,3/19/2025,,,,Intel::DOMAIN,
fileshare264.depositfiles.com,MegaUploadSites,0,3/19/2025,3/19/2025,,,,Intel::DOMAIN,
fileshare265.depositfiles.com,MegaUploadSites,0,3/19/2025,3/19/2025,,,,Intel::DOMAIN,
fileshare266.depositfiles.com,MegaUploadSites,0,3/19/2025,3/19/2025,,,,Intel::DOMAIN,
fileshare267.depositfiles.com,MegaUploadSites,0,3/19/2025,3/19/2025,,,,Intel::DOMAIN,
fileshare268.depositfiles.com,MegaUploadSites,0,3/19/2025,3/19/2025,,,,Intel::DOMAIN,
fileshare273.depositfiles.com,MegaUploadSites,0,3/19/2025,3/19/2025,,,,Intel::DOMAIN,
fileshare274.depositfiles.com,MegaUploadSites,0,3/19/2025,3/19/2025,,,,Intel::DOMAIN,
fileshare275.depositfiles.com,MegaUploadSites,0,3/19/2025,3/19/2025,,,,Intel::DOMAIN,
fileshare276.depositfiles.com,MegaUploadSites,0,3/19/2025,3/19/2025,,,,Intel::DOMAIN,
fileshare287.depositfiles.com,MegaUploadSites,0,3/19/2025,3/19/2025,,,,Intel::DOMAIN,
fileshare288.depositfiles.com,MegaUploadSites,0,3/19/2025,3/19/2025,,,,Intel::DOMAIN,
fileshare289.depositfiles.com,MegaUploadSites,0,3/19/2025,3/19/2025,,,,Intel::DOMAIN,
fileshare301.depositfiles.com,MegaUploadSites,0,3/19/2025,3/19/2025,,,,Intel::DOMAIN,
fileshare303.depositfiles.com,MegaUploadSites,0,3/19/2025,3/19/2025,,,,Intel::DOMAIN,
fileshare305.depositfiles.com,MegaUploadSites,0,3/19/2025,3/19/2025,,,,Intel::DOMAIN,
fileshare3050.depositfiles.com,MegaUploadSites,0,3/19/2025,3/19/2025,,,,Intel::DOMAIN,
fileshare307.depositfiles.com,MegaUploadSites,0,3/19/2025,3/19/2025,,,,Intel::DOMAIN,
fileshare3210.depositfiles.com,MegaUploadSites,0,3/19/2025,3/19/2025,,,,Intel::DOMAIN,
fileshare3220.depositfiles.com,MegaUploadSites,0,3/19/2025,3/19/2025,,,,Intel::DOMAIN,
fileshare329.depositfiles.com,MegaUploadSites,0,3/19/2025,3/19/2025,,,,Intel::DOMAIN,
fileshare3390.depositfiles.com,MegaUploadSites,0,3/19/2025,3/19/2025,,,,Intel::DOMAIN,
fileshare342.depositfiles.com,MegaUploadSites,0,3/19/2025,3/19/2025,,,,Intel::DOMAIN,
fileshare3500.depositfiles.com,MegaUploadSites,0,3/19/2025,3/19/2025,,,,Intel::DOMAIN,
fileshare3520.depositfiles.com,MegaUploadSites,0,3/19/2025,3/19/2025,,,,Intel::DOMAIN,
fileshare355.depositfiles.com,MegaUploadSites,0,3/19/2025,3/19/2025,,,,Intel::DOMAIN,
fileshare356.depositfiles.com,MegaUploadSites,0,3/19/2025,3/19/2025,,,,Intel::DOMAIN,
fileshare3560.depositfiles.com,MegaUploadSites,0,3/19/2025,3/19/2025,,,,Intel::DOMAIN,
fileshare362.depositfiles.com,MegaUploadSites,0,3/19/2025,3/19/2025,,,,Intel::DOMAIN,
fileshare507.depositfiles.com,MegaUploadSites,0,3/19/2025,3/19/2025,,,,Intel::DOMAIN,
fileshare5070.depositfiles.com,MegaUploadSites,0,3/19/2025,3/19/2025,,,,Intel::DOMAIN,
fileshare518.depositfiles.com,MegaUploadSites,0,3/19/2025,3/19/2025,,,,Intel::DOMAIN,
fileshare7160.depositfiles.com,MegaUploadSites,0,3/19/2025,3/19/2025,,,,Intel::DOMAIN,
fileshare7460.depositfiles.com,MegaUploadSites,0,3/19/2025,3/19/2025,,,,Intel::DOMAIN,
fileshare901.depositfiles.com,MegaUploadSites,0,3/19/2025,3/19/2025,,,,Intel::DOMAIN,
fileshare902.depositfiles.com,MegaUploadSites,0,3/19/2025,3/19/2025,,,,Intel::DOMAIN,
fileshare911.depositfiles.com,MegaUploadSites,0,3/19/2025,3/19/2025,,,,Intel::DOMAIN,
games.depositfiles.com,MegaUploadSites,0,3/19/2025,3/19/2025,,,,Intel::DOMAIN,
img.depositfiles.com,MegaUploadSites,0,3/19/2025,3/19/2025,,,,Intel::DOMAIN,
img2.depositfiles.com,MegaUploadSites,0,3/19/2025,3/19/2025,,,,Intel::DOMAIN,
img3.depositfiles.com,MegaUploadSites,0,3/19/2025,3/19/2025,,,,Intel::DOMAIN,
mail101.depositfiles.com,MegaUploadSites,0,3/19/2025,3/19/2025,,,,Intel::DOMAIN,
mail301.depositfiles.com,MegaUploadSites,0,3/19/2025,3/19/2025,,,,Intel::DOMAIN,
ns1.depositfiles.com,MegaUploadSites,0,3/19/2025,3/19/2025,,,,Intel::DOMAIN,
ns2.depositfiles.com,MegaUploadSites,0,3/19/2025,3/19/2025,,,,Intel::DOMAIN,
ns3.depositfiles.com,MegaUploadSites,0,3/19/2025,3/19/2025,,,,Intel::DOMAIN,
ns4.depositfiles.com,MegaUploadSites,0,3/19/2025,3/19/2025,,,,Intel::DOMAIN,
o3q2c.trade.depositfiles.com,MegaUploadSites,0,3/19/2025,3/19/2025,,,,Intel::DOMAIN,
static.depositfiles.com,MegaUploadSites,0,3/19/2025,3/19/2025,,,,Intel::DOMAIN,
static.katarinka.depositfiles.com,MegaUploadSites,0,3/19/2025,3/19/2025,,,,Intel::DOMAIN,
static101.depositfiles.com,MegaUploadSites,0,3/19/2025,3/19/2025,,,,Intel::DOMAIN,
static301.depositfiles.com,MegaUploadSites,0,3/19/2025,3/19/2025,,,,Intel::DOMAIN,
static302.depositfiles.com,MegaUploadSites,0,3/19/2025,3/19/2025,,,,Intel::DOMAIN,
static303.depositfiles.com,MegaUploadSites,0,3/19/2025,3/19/2025,,,,Intel::DOMAIN,
static304.depositfiles.com,MegaUploadSites,0,3/19/2025,3/19/2025,,,,Intel::DOMAIN,
static305.depositfiles.com,MegaUploadSites,0,3/19/2025,3/19/2025,,,,Intel::DOMAIN,
static343.depositfiles.com,MegaUploadSites,0,3/19/2025,3/19/2025,,,,Intel::DOMAIN,
static344.depositfiles.com,MegaUploadSites,0,3/19/2025,3/19/2025,,,,Intel::DOMAIN,
static345.depositfiles.com,MegaUploadSites,0,3/19/2025,3/19/2025,,,,Intel::DOMAIN,
static346.depositfiles.com,MegaUploadSites,0,3/19/2025,3/19/2025,,,,Intel::DOMAIN,
static347.depositfiles.com,MegaUploadSites,0,3/19/2025,3/19/2025,,,,Intel::DOMAIN,
static348.depositfiles.com,MegaUploadSites,0,3/19/2025,3/19/2025,,,,Intel::DOMAIN,
static361.depositfiles.com,MegaUploadSites,0,3/19/2025,3/19/2025,,,,Intel::DOMAIN,
static501.depositfiles.com,MegaUploadSites,0,3/19/2025,3/19/2025,,,,Intel::DOMAIN,
static502.depositfiles.com,MegaUploadSites,0,3/19/2025,3/19/2025,,,,Intel::DOMAIN,
static906.depositfiles.com,MegaUploadSites,0,3/19/2025,3/19/2025,,,,Intel::DOMAIN,
static907.depositfiles.com,MegaUploadSites,0,3/19/2025,3/19/2025,,,,Intel::DOMAIN,
static908.depositfiles.com,MegaUploadSites,0,3/19/2025,3/19/2025,,,,Intel::DOMAIN,
static909.depositfiles.com,MegaUploadSites,0,3/19/2025,3/19/2025,,,,Intel::DOMAIN,
static910.depositfiles.com,MegaUploadSites,0,3/19/2025,3/19/2025,,,,Intel::DOMAIN,
wdw.depositfiles.com,MegaUploadSites,0,3/19/2025,3/19/2025,,,,Intel::DOMAIN,
webtest.depositfiles.com,MegaUploadSites,0,3/19/2025,3/19/2025,,,,Intel::DOMAIN,
www.depositfiles.com,MegaUploadSites,0,3/19/2025,3/19/2025,,,,Intel::DOMAIN,
2mail94.filesanywhere.com,MegaUploadSites,0,3/19/2025,3/19/2025,,,,Intel::DOMAIN,
access.filesanywhere.com,MegaUploadSites,0,3/19/2025,3/19/2025,,,,Intel::DOMAIN,
admin.filesanywhere.com,MegaUploadSites,0,3/19/2025,3/19/2025,,,,Intel::DOMAIN,
admin1.filesanywhere.com,MegaUploadSites,0,3/19/2025,3/19/2025,,,,Intel::DOMAIN,
adminc1hfs.filesanywhere.com,MegaUploadSites,0,3/19/2025,3/19/2025,,,,Intel::DOMAIN,
api-dev.filesanywhere.com,MegaUploadSites,0,3/19/2025,3/19/2025,,,,Intel::DOMAIN,
api.filesanywhere.com,MegaUploadSites,0,3/19/2025,3/19/2025,,,,Intel::DOMAIN,
apicert.filesanywhere.com,MegaUploadSites,0,3/19/2025,3/19/2025,,,,Intel::DOMAIN,
backup.filesanywhere.com,MegaUploadSites,0,3/19/2025,3/19/2025,,,,Intel::DOMAIN,
blog.filesanywhere.com,MegaUploadSites,0,3/19/2025,3/19/2025,,,,Intel::DOMAIN,
c1hfs.filesanywhere.com,MegaUploadSites,0,3/19/2025,3/19/2025,,,,Intel::DOMAIN,
chat.filesanywhere.com,MegaUploadSites,0,3/19/2025,3/19/2025,,,,Intel::DOMAIN,
corp.filesanywhere.com,MegaUploadSites,0,3/19/2025,3/19/2025,,,,Intel::DOMAIN,
dedip.filesanywhere.com,MegaUploadSites,0,3/19/2025,3/19/2025,,,,Intel::DOMAIN,
devdandp.filesanywhere.com,MegaUploadSites,0,3/19/2025,3/19/2025,,,,Intel::DOMAIN,
dufflite.filesanywhere.com,MegaUploadSites,0,3/19/2025,3/19/2025,,,,Intel::DOMAIN,
email.filesanywhere.com,MegaUploadSites,0,3/19/2025,3/19/2025,,,,Intel::DOMAIN,
error.filesanywhere.com,MegaUploadSites,0,3/19/2025,3/19/2025,,,,Intel::DOMAIN,
fawweb.filesanywhere.com,MegaUploadSites,0,3/19/2025,3/19/2025,,,,Intel::DOMAIN,
filesanywhere.com,MegaUploadSites,0,3/19/2025,3/19/2025,,,,Intel::DOMAIN,
franchise.filesanywhere.com,MegaUploadSites,0,3/19/2025,3/19/2025,,,,Intel::DOMAIN,
ftp.filesanywhere.com,MegaUploadSites,0,3/19/2025,3/19/2025,,,,Intel::DOMAIN,
ftps.filesanywhere.com,MegaUploadSites,0,3/19/2025,3/19/2025,,,,Intel::DOMAIN,
host1.filesanywhere.com,MegaUploadSites,0,3/19/2025,3/19/2025,,,,Intel::DOMAIN,
host2.filesanywhere.com,MegaUploadSites,0,3/19/2025,3/19/2025,,,,Intel::DOMAIN,
lisatest.filesanywhere.com,MegaUploadSites,0,3/19/2025,3/19/2025,,,,Intel::DOMAIN,
lite.filesanywhere.com,MegaUploadSites,0,3/19/2025,3/19/2025,,,,Intel::DOMAIN,
login.filesanywhere.com,MegaUploadSites,0,3/19/2025,3/19/2025,,,,Intel::DOMAIN,
m.filesanywhere.com,MegaUploadSites,0,3/19/2025,3/19/2025,,,,Intel::DOMAIN,
mail.filesanywhere.com,MegaUploadSites,0,3/19/2025,3/19/2025,,,,Intel::DOMAIN,
mail10.filesanywhere.com,MegaUploadSites,0,3/19/2025,3/19/2025,,,,Intel::DOMAIN,
mail111.filesanywhere.com,MegaUploadSites,0,3/19/2025,3/19/2025,,,,Intel::DOMAIN,
mail115.filesanywhere.com,MegaUploadSites,0,3/19/2025,3/19/2025,,,,Intel::DOMAIN,
mail116.filesanywhere.com,MegaUploadSites,0,3/19/2025,3/19/2025,,,,Intel::DOMAIN,
mail121.filesanywhere.com,MegaUploadSites,0,3/19/2025,3/19/2025,,,,Intel::DOMAIN,
mail123.filesanywhere.com,MegaUploadSites,0,3/19/2025,3/19/2025,,,,Intel::DOMAIN,
mail125.filesanywhere.com,MegaUploadSites,0,3/19/2025,3/19/2025,,,,Intel::DOMAIN,
mail127.filesanywhere.com,MegaUploadSites,0,3/19/2025,3/19/2025,,,,Intel::DOMAIN,
mail128.filesanywhere.com,MegaUploadSites,0,3/19/2025,3/19/2025,,,,Intel::DOMAIN,
mail130.filesanywhere.com,MegaUploadSites,0,3/19/2025,3/19/2025,,,,Intel::DOMAIN,
mail133.filesanywhere.com,MegaUploadSites,0,3/19/2025,3/19/2025,,,,Intel::DOMAIN,
mail14.filesanywhere.com,MegaUploadSites,0,3/19/2025,3/19/2025,,,,Intel::DOMAIN,
mail151.filesanywhere.com,MegaUploadSites,0,3/19/2025,3/19/2025,,,,Intel::DOMAIN,
mail155.filesanywhere.com,MegaUploadSites,0,3/19/2025,3/19/2025,,,,Intel::DOMAIN,
mail156.filesanywhere.com,MegaUploadSites,0,3/19/2025,3/19/2025,,,,Intel::DOMAIN,
mail157.filesanywhere.com,MegaUploadSites,0,3/19/2025,3/19/2025,,,,Intel::DOMAIN,
mail158.filesanywhere.com,MegaUploadSites,0,3/19/2025,3/19/2025,,,,Intel::DOMAIN,
mail164.filesanywhere.com,MegaUploadSites,0,3/19/2025,3/19/2025,,,,Intel::DOMAIN,
mail165.filesanywhere.com,MegaUploadSites,0,3/19/2025,3/19/2025,,,,Intel::DOMAIN,
mail167.filesanywhere.com,MegaUploadSites,0,3/19/2025,3/19/2025,,,,Intel::DOMAIN,
mail168.filesanywhere.com,MegaUploadSites,0,3/19/2025,3/19/2025,,,,Intel::DOMAIN,
mail187.filesanywhere.com,MegaUploadSites,0,3/19/2025,3/19/2025,,,,Intel::DOMAIN,
mail188.filesanywhere.com,MegaUploadSites,0,3/19/2025,3/19/2025,,,,Intel::DOMAIN,
mail189.filesanywhere.com,MegaUploadSites,0,3/19/2025,3/19/2025,,,,Intel::DOMAIN,
mail190.filesanywhere.com,MegaUploadSites,0,3/19/2025,3/19/2025,,,,Intel::DOMAIN,
mail199.filesanywhere.com,MegaUploadSites,0,3/19/2025,3/19/2025,,,,Intel::DOMAIN,
mail218.filesanywhere.com,MegaUploadSites,0,3/19/2025,3/19/2025,,,,Intel::DOMAIN,
mail219.filesanywhere.com,MegaUploadSites,0,3/19/2025,3/19/2025,,,,Intel::DOMAIN,
mail220.filesanywhere.com,MegaUploadSites,0,3/19/2025,3/19/2025,,,,Intel::DOMAIN,
mail3.filesanywhere.com,MegaUploadSites,0,3/19/2025,3/19/2025,,,,Intel::DOMAIN,
mail80.filesanywhere.com,MegaUploadSites,0,3/19/2025,3/19/2025,,,,Intel::DOMAIN,
mail81.filesanywhere.com,MegaUploadSites,0,3/19/2025,3/19/2025,,,,Intel::DOMAIN,
mail83.filesanywhere.com,MegaUploadSites,0,3/19/2025,3/19/2025,,,,Intel::DOMAIN,
media.filesanywhere.com,MegaUploadSites,0,3/19/2025,3/19/2025,,,,Intel::DOMAIN,
mfiles.filesanywhere.com,MegaUploadSites,0,3/19/2025,3/19/2025,,,,Intel::DOMAIN,
mobile.filesanywhere.com,MegaUploadSites,0,3/19/2025,3/19/2025,,,,Intel::DOMAIN,
mta01.filesanywhere.com,MegaUploadSites,0,3/19/2025,3/19/2025,,,,Intel::DOMAIN,
news.filesanywhere.com,MegaUploadSites,0,3/19/2025,3/19/2025,,,,Intel::DOMAIN,
noc.filesanywhere.com,MegaUploadSites,0,3/19/2025,3/19/2025,,,,Intel::DOMAIN,
ns1.filesanywhere.com,MegaUploadSites,0,3/19/2025,3/19/2025,,,,Intel::DOMAIN,
ns11.filesanywhere.com,MegaUploadSites,0,3/19/2025,3/19/2025,,,,Intel::DOMAIN,
ns2.filesanywhere.com,MegaUploadSites,0,3/19/2025,3/19/2025,,,,Intel::DOMAIN,
onelogin.filesanywhere.com,MegaUploadSites,0,3/19/2025,3/19/2025,,,,Intel::DOMAIN,
owa.filesanywhere.com,MegaUploadSites,0,3/19/2025,3/19/2025,,,,Intel::DOMAIN,
partners.filesanywhere.com,MegaUploadSites,0,3/19/2025,3/19/2025,,,,Intel::DOMAIN,
passman.filesanywhere.com,MegaUploadSites,0,3/19/2025,3/19/2025,,,,Intel::DOMAIN,
personal.filesanywhere.com,MegaUploadSites,0,3/19/2025,3/19/2025,,,,Intel::DOMAIN,
private.filesanywhere.com,MegaUploadSites,0,3/19/2025,3/19/2025,,,,Intel::DOMAIN,
restapi.filesanywhere.com,MegaUploadSites,0,3/19/2025,3/19/2025,,,,Intel::DOMAIN,
restapicert.filesanywhere.com,MegaUploadSites,0,3/19/2025,3/19/2025,,,,Intel::DOMAIN,
secure.filesanywhere.com,MegaUploadSites,0,3/19/2025,3/19/2025,,,,Intel::DOMAIN,
sftp.filesanywhere.com,MegaUploadSites,0,3/19/2025,3/19/2025,,,,Intel::DOMAIN,
sftpcert.filesanywhere.com,MegaUploadSites,0,3/19/2025,3/19/2025,,,,Intel::DOMAIN,
smtp.filesanywhere.com,MegaUploadSites,0,3/19/2025,3/19/2025,,,,Intel::DOMAIN,
smtp001.filesanywhere.com,MegaUploadSites,0,3/19/2025,3/19/2025,,,,Intel::DOMAIN,
stagepoint.filesanywhere.com,MegaUploadSites,0,3/19/2025,3/19/2025,,,,Intel::DOMAIN,
support.filesanywhere.com,MegaUploadSites,0,3/19/2025,3/19/2025,,,,Intel::DOMAIN,
sync.filesanywhere.com,MegaUploadSites,0,3/19/2025,3/19/2025,,,,Intel::DOMAIN,
syncapi.filesanywhere.com,MegaUploadSites,0,3/19/2025,3/19/2025,,,,Intel::DOMAIN,
video.filesanywhere.com,MegaUploadSites,0,3/19/2025,3/19/2025,,,,Intel::DOMAIN,
webfolder.filesanywhere.com,MegaUploadSites,0,3/19/2025,3/19/2025,,,,Intel::DOMAIN,
wopi.filesanywhere.com,MegaUploadSites,0,3/19/2025,3/19/2025,,,,Intel::DOMAIN,
www.filesanywhere.com,MegaUploadSites,0,3/19/2025,3/19/2025,,,,Intel::DOMAIN,
0.mediafire.com,MegaUploadSites,0,3/19/2025,3/19/2025,,,,Intel::DOMAIN,
00.mediafire.com,MegaUploadSites,0,3/19/2025,3/19/2025,,,,Intel::DOMAIN,
000.mediafire.com,MegaUploadSites,0,3/19/2025,3/19/2025,,,,Intel::DOMAIN,
000r2jiqpnczqqrta2roggjehe.mediafire.com,MegaUploadSites,0,3/19/2025,3/19/2025,,,,Intel::DOMAIN,
001wtwjqv5ppxw0fiutazo0w0e.mediafire.com,MegaUploadSites,0,3/19/2025,3/19/2025,,,,Intel::DOMAIN,
002.mediafire.com,MegaUploadSites,0,3/19/2025,3/19/2025,,,,Intel::DOMAIN,
0023dkuxmaiik4a1giqinkckhb.api.mediafire.com,MegaUploadSites,0,3/19/2025,3/19/2025,,,,Intel::DOMAIN,
002zuiiwb05reahxudrymgjeab.mediafire.com,MegaUploadSites,0,3/19/2025,3/19/2025,,,,Intel::DOMAIN,
0033s4prl4frwnxwlmscjys5be.mediafire.com,MegaUploadSites,0,3/19/2025,3/19/2025,,,,Intel::DOMAIN,
005.mediafire.com,MegaUploadSites,0,3/19/2025,3/19/2025,,,,Intel::DOMAIN,
006.mediafire.com,MegaUploadSites,0,3/19/2025,3/19/2025,,,,Intel::DOMAIN,
007.mediafire.com,MegaUploadSites,0,3/19/2025,3/19/2025,,,,Intel::DOMAIN,
008.mediafire.com,MegaUploadSites,0,3/19/2025,3/19/2025,,,,Intel::DOMAIN,
00bsdebrqsspgbkwxyqwbkizpg.mediafire.com,MegaUploadSites,0,3/19/2025,3/19/2025,,,,Intel::DOMAIN,
00cj5gpsrnnn4j14lcq2o0jo1g.mediafire.com,MegaUploadSites,0,3/19/2025,3/19/2025,,,,Intel::DOMAIN,
00sisnow5nbgs3cvovteabcdwa.mediafire.com,MegaUploadSites,0,3/19/2025,3/19/2025,,,,Intel::DOMAIN,
01.mediafire.com,MegaUploadSites,0,3/19/2025,3/19/2025,,,,Intel::DOMAIN,
010.mediafire.com,MegaUploadSites,0,3/19/2025,3/19/2025,,,,Intel::DOMAIN,
011.mediafire.com,MegaUploadSites,0,3/19/2025,3/19/2025,,,,Intel::DOMAIN,
012.mediafire.com,MegaUploadSites,0,3/19/2025,3/19/2025,,,,Intel::DOMAIN,
016.mediafire.com,MegaUploadSites,0,3/19/2025,3/19/2025,,,,Intel::DOMAIN,
017.mediafire.com,MegaUploadSites,0,3/19/2025,3/19/2025,,,,Intel::DOMAIN,
01a1dkbuinbcibqct4t2aze2ae.mediafire.com,MegaUploadSites,0,3/19/2025,3/19/2025,,,,Intel::DOMAIN,
01cbnbcxktfsrpjj03tcxhjonh.mediafire.com,MegaUploadSites,0,3/19/2025,3/19/2025,,,,Intel::DOMAIN,
01fhsx0vhu2fopij0iq2fzjn3a.mediafire.com,MegaUploadSites,0,3/19/2025,3/19/2025,,,,Intel::DOMAIN,
01l4ksmqnofo3oquzbq0mhnjcf.mediafire.com,MegaUploadSites,0,3/19/2025,3/19/2025,,,,Intel::DOMAIN,
01pt4n2vmuk3vbgdpatgac0cfe.api.mediafire.com,MegaUploadSites,0,3/19/2025,3/19/2025,,,,Intel::DOMAIN,
01qwrnmxm0hvyte0c3smuksddh.mediafire.com,MegaUploadSites,0,3/19/2025,3/19/2025,,,,Intel::DOMAIN,
02.mediafire.com,MegaUploadSites,0,3/19/2025,3/19/2025,,,,Intel::DOMAIN,
020.mediafire.com,MegaUploadSites,0,3/19/2025,3/19/2025,,,,Intel::DOMAIN,
0243efiuaimv13eipptsxtxqih.mx0.mediafire.com,MegaUploadSites,0,3/19/2025,3/19/2025,,,,Intel::DOMAIN,
024gynqvcox25snwsmqizafyea.mediafire.com,MegaUploadSites,0,3/19/2025,3/19/2025,,,,Intel::DOMAIN,
026.mediafire.com,MegaUploadSites,0,3/19/2025,3/19/2025,,,,Intel::DOMAIN,
028.mediafire.com,MegaUploadSites,0,3/19/2025,3/19/2025,,,,Intel::DOMAIN,
02lpd5xtvdspgggj5btg0qpqjg.mediafire.com,MegaUploadSites,0,3/19/2025,3/19/2025,,,,Intel::DOMAIN,
02upuzgrmvf3xpbgqrsujgg3nc.mx1.mediafire.com,MegaUploadSites,0,3/19/2025,3/19/2025,,,,Intel::DOMAIN,
02z.mediafire.com,MegaUploadSites,0,3/19/2025,3/19/2025,,,,Intel::DOMAIN,
02zz2z0wbqcaa4lozqqy0mrasa.mediafire.com,MegaUploadSites,0,3/19/2025,3/19/2025,,,,Intel::DOMAIN,
032.mediafire.com,MegaUploadSites,0,3/19/2025,3/19/2025,,,,Intel::DOMAIN,
033.mediafire.com,MegaUploadSites,0,3/19/2025,3/19/2025,,,,Intel::DOMAIN,
034.mediafire.com,MegaUploadSites,0,3/19/2025,3/19/2025,,,,Intel::DOMAIN,
035.mediafire.com,MegaUploadSites,0,3/19/2025,3/19/2025,,,,Intel::DOMAIN,
03alk1ism5tc3d1lqpsqqqlvye.mx1.mediafire.com,MegaUploadSites,0,3/19/2025,3/19/2025,,,,Intel::DOMAIN,
03et3i1tcbcpaxqlpztys0yekf.mx.mediafire.com,MegaUploadSites,0,3/19/2025,3/19/2025,,,,Intel::DOMAIN,
03nqiaow2gunntlyglqurbykrg.bbs.mediafire.com,MegaUploadSites,0,3/19/2025,3/19/2025,,,,Intel::DOMAIN,
03nqiaow2gunntlyglqurbykrg.mx7.mediafire.com,MegaUploadSites,0,3/19/2025,3/19/2025,,,,Intel::DOMAIN,
03zpn0qqktqivwh3igre5jznkf.api.mediafire.com,MegaUploadSites,0,3/19/2025,3/19/2025,,,,Intel::DOMAIN,
04.mediafire.com,MegaUploadSites,0,3/19/2025,3/19/2025,,,,Intel::DOMAIN,
043.mediafire.com,MegaUploadSites,0,3/19/2025,3/19/2025,,,,Intel::DOMAIN,
04gcgdktpkpz0uohnfr0hpbahh.ftp.mediafire.com,MegaUploadSites,0,3/19/2025,3/19/2025,,,,Intel::DOMAIN,
04pmiwpt0gsb2avxaqsejlutyf.mx7.mediafire.com,MegaUploadSites,0,3/19/2025,3/19/2025,,,,Intel::DOMAIN,
04t0n0oueuy3nocdwlsedf3img.mediafire.com,MegaUploadSites,0,3/19/2025,3/19/2025,,,,Intel::DOMAIN,
04z3pkxrpkvieaqqvmqciwy2mg.mediafire.com,MegaUploadSites,0,3/19/2025,3/19/2025,,,,Intel::DOMAIN,
05.mediafire.com,MegaUploadSites,0,3/19/2025,3/19/2025,,,,Intel::DOMAIN,
053.mediafire.com,MegaUploadSites,0,3/19/2025,3/19/2025,,,,Intel::DOMAIN,
059.mediafire.com,MegaUploadSites,0,3/19/2025,3/19/2025,,,,Intel::DOMAIN,
05obnwlxrpo3f4gucrrgvwigad.mediafire.com,MegaUploadSites,0,3/19/2025,3/19/2025,,,,Intel::DOMAIN,
05xn1evufacq1n1v32scjf4heg.mediafire.com,MegaUploadSites,0,3/19/2025,3/19/2025,,,,Intel::DOMAIN,
077.mediafire.com,MegaUploadSites,0,3/19/2025,3/19/2025,,,,Intel::DOMAIN,
08.mediafire.com,MegaUploadSites,0,3/19/2025,3/19/2025,,,,Intel::DOMAIN,
081.mediafire.com,MegaUploadSites,0,3/19/2025,3/19/2025,,,,Intel::DOMAIN,
082.mediafire.com,MegaUploadSites,0,3/19/2025,3/19/2025,,,,Intel::DOMAIN,
085.mediafire.com,MegaUploadSites,0,3/19/2025,3/19/2025,,,,Intel::DOMAIN,
088.mediafire.com,MegaUploadSites,0,3/19/2025,3/19/2025,,,,Intel::DOMAIN,
091.mediafire.com,MegaUploadSites,0,3/19/2025,3/19/2025,,,,Intel::DOMAIN,
0a14yq2wglnk2y3ztftue5ayze.api.mediafire.com,MegaUploadSites,0,3/19/2025,3/19/2025,,,,Intel::DOMAIN,
0a1cdjlwb3l3vbn1wtquuxexrg.mx1.mediafire.com,MegaUploadSites,0,3/19/2025,3/19/2025,,,,Intel::DOMAIN,
0ae5jnzscjena1vhydrqqq2upd.mediafire.com,MegaUploadSites,0,3/19/2025,3/19/2025,,,,Intel::DOMAIN,
0aooyfcvewm54wubbascjng5pg.mediafire.com,MegaUploadSites,0,3/19/2025,3/19/2025,,,,Intel::DOMAIN,
0armvrtslre1scjwkare2fodhb.mediafire.com,MegaUploadSites,0,3/19/2025,3/19/2025,,,,Intel::DOMAIN,
0ay1q0dr2yyobnfyofranshm1a.mx.mediafire.com,MegaUploadSites,0,3/19/2025,3/19/2025,,,,Intel::DOMAIN,
0bixl5qqupz0kgskfeqqkh3ehc.bbs.mediafire.com,MegaUploadSites,0,3/19/2025,3/19/2025,,,,Intel::DOMAIN,
0c.mediafire.com,MegaUploadSites,0,3/19/2025,3/19/2025,,,,Intel::DOMAIN,
0ckbx0xun0ippe3dhlsggvifdb.mediafire.com,MegaUploadSites,0,3/19/2025,3/19/2025,,,,Intel::DOMAIN,
0ckwl3qvshug5fj2m1q0ilya1f.mx.mediafire.com,MegaUploadSites,0,3/19/2025,3/19/2025,,,,Intel::DOMAIN,
0cwdbvxqkn0lcz5luzrc1htfuc.mediafire.com,MegaUploadSites,0,3/19/2025,3/19/2025,,,,Intel::DOMAIN,
0d.mediafire.com,MegaUploadSites,0,3/19/2025,3/19/2025,,,,Intel::DOMAIN,
0dihngivoekxg1wej0sm5wlqgc.api.mediafire.com,MegaUploadSites,0,3/19/2025,3/19/2025,,,,Intel::DOMAIN,
0dihngivoekxg1wej0sm5wlqgc.mx7.mediafire.com,MegaUploadSites,0,3/19/2025,3/19/2025,,,,Intel::DOMAIN,
0dn.mediafire.com,MegaUploadSites,0,3/19/2025,3/19/2025,,,,Intel::DOMAIN,
0e43efaqswbvlgkud4ryccuokh.api.mediafire.com,MegaUploadSites,0,3/19/2025,3/19/2025,,,,Intel::DOMAIN,
0e43efaqswbvlgkud4ryccuokh.ftp.mediafire.com,MegaUploadSites,0,3/19/2025,3/19/2025,,,,Intel::DOMAIN,
0ebc4zjx5hmfi2pkaetkqmvtbd.mx1.mediafire.com,MegaUploadSites,0,3/19/2025,3/19/2025,,,,Intel::DOMAIN,
0eh0uihsrqztblmix3syc3nhya.mediafire.com,MegaUploadSites,0,3/19/2025,3/19/2025,,,,Intel::DOMAIN,
0ezubuwqae012ozy3wt0scjbie.mediafire.com,MegaUploadSites,0,3/19/2025,3/19/2025,,,,Intel::DOMAIN,
0f5csmoxmuaptf4vn3q2olg5yd.mx0.mediafire.com,MegaUploadSites,0,3/19/2025,3/19/2025,,,,Intel::DOMAIN,
0f5csmoxmuaptf4vn3q2olg5yd.ns.mediafire.com,MegaUploadSites,0,3/19/2025,3/19/2025,,,,Intel::DOMAIN,
0g1bvhcq0bj3qgjopprm1jrn5f.mediafire.com,MegaUploadSites,0,3/19/2025,3/19/2025,,,,Intel::DOMAIN,
0gxrp2dufk1kiwc504twb4rfzg.mediafire.com,MegaUploadSites,0,3/19/2025,3/19/2025,,,,Intel::DOMAIN,
0h1bokgvzmzwv0p5ryqwtf4d0a.mediafire.com,MegaUploadSites,0,3/19/2025,3/19/2025,,,,Intel::DOMAIN,
0hfvlnktuhygx2q3b0rici5eea.mediafire.com,MegaUploadSites,0,3/19/2025,3/19/2025,,,,Intel::DOMAIN,
0ht4xfernsyufwenhgskpycjif.mediafire.com,MegaUploadSites,0,3/19/2025,3/19/2025,,,,Intel::DOMAIN,
0idajmkqvcuckclgy3t4uec1ee.mediafire.com,MegaUploadSites,0,3/19/2025,3/19/2025,,,,Intel::DOMAIN,
0ihkserrtl10rxvbkptujrfe3c.mx0.mediafire.com,MegaUploadSites,0,3/19/2025,3/19/2025,,,,Intel::DOMAIN,
0ik5tsktuzkgrbckxatg5g55ch.mediafire.com,MegaUploadSites,0,3/19/2025,3/19/2025,,,,Intel::DOMAIN,
0iqhdwfvcqfpeadeikrk2v54cd.api.mediafire.com,MegaUploadSites,0,3/19/2025,3/19/2025,,,,Intel::DOMAIN,
0iqhdwfvcqfpeadeikrk2v54cd.mx2.mediafire.com,MegaUploadSites,0,3/19/2025,3/19/2025,,,,Intel::DOMAIN,
0jvtm2suq30vuhcphzqwiacozh.mediafire.com,MegaUploadSites,0,3/19/2025,3/19/2025,,,,Intel::DOMAIN,
0k.mediafire.com,MegaUploadSites,0,3/19/2025,3/19/2025,,,,Intel::DOMAIN,
0k2501psdakbosjoostq42rh5e.mx.mediafire.com,MegaUploadSites,0,3/19/2025,3/19/2025,,,,Intel::DOMAIN,
0k2carwtaqpzenzcidtyaelncc.mx.mediafire.com,MegaUploadSites,0,3/19/2025,3/19/2025,,,,Intel::DOMAIN,
0lhcnvuqyuruhckvv4swx2pfsa.mediafire.com,MegaUploadSites,0,3/19/2025,3/19/2025,,,,Intel::DOMAIN,
0lnzxgzv5ec1tcxrpwq0ufzite.mediafire.com,MegaUploadSites,0,3/19/2025,3/19/2025,,,,Intel::DOMAIN,
0lrj4ultasorh0dqcftgypygwc.bbs.mediafire.com,MegaUploadSites,0,3/19/2025,3/19/2025,,,,Intel::DOMAIN,
0ltyibaxvqh43cmbgcqk3ltl5h.bbs.mediafire.com,MegaUploadSites,0,3/19/2025,3/19/2025,,,,Intel::DOMAIN,
0m555zbtgl4k2qscaatsiqqxje.mediafire.com,MegaUploadSites,0,3/19/2025,3/19/2025,,,,Intel::DOMAIN,
0mbeyhyq5tfxxp4rnwqymhn13d.mediafire.com,MegaUploadSites,0,3/19/2025,3/19/2025,,,,Intel::DOMAIN,
0my0ovdtgsiljlxswqrkwcatea.mediafire.com,MegaUploadSites,0,3/19/2025,3/19/2025,,,,Intel::DOMAIN,
0myyndjs0elktdbmoxss2pr4sc.mediafire.com,MegaUploadSites,0,3/19/2025,3/19/2025,,,,Intel::DOMAIN,
0njhhyoswpj3nnbc52s2x1lyna.mediafire.com,MegaUploadSites,0,3/19/2025,3/19/2025,,,,Intel::DOMAIN,
0oevyk3rebvbdodgjbrw5b1zyf.mediafire.com,MegaUploadSites,0,3/19/2025,3/19/2025,,,,Intel::DOMAIN,
0oqngxdu0aontqfmb3si45cg5e.mediafire.com,MegaUploadSites,0,3/19/2025,3/19/2025,,,,Intel::DOMAIN,
0prinruxtspglkyfvwtyhf31wg.mediafire.com,MegaUploadSites,0,3/19/2025,3/19/2025,,,,Intel::DOMAIN,
0q5tvyjrmdwtmxocimrai3nike.mediafire.com,MegaUploadSites,0,3/19/2025,3/19/2025,,,,Intel::DOMAIN,
0qkliwxvjfr5zpnkzotspgh1he.mediafire.com,MegaUploadSites,0,3/19/2025,3/19/2025,,,,Intel::DOMAIN,
0r5nqxqxrkni15mjx1ribvyu2e.mediafire.com,MegaUploadSites,0,3/19/2025,3/19/2025,,,,Intel::DOMAIN,
0raa41vqmykrvtsz22sosxpfie.bbs.mediafire.com,MegaUploadSites,0,3/19/2025,3/19/2025,,,,Intel::DOMAIN,
0rbcpwvseb1uchgwearir5ekqd.mediafire.com,MegaUploadSites,0,3/19/2025,3/19/2025,,,,Intel::DOMAIN,
0re.mediafire.com,MegaUploadSites,0,3/19/2025,3/19/2025,,,,Intel::DOMAIN,
0rt.mediafire.com,MegaUploadSites,0,3/19/2025,3/19/2025,,,,Intel::DOMAIN,
0s154wwu1sibieqxl1smwrq0jc.mx7.mediafire.com,MegaUploadSites,0,3/19/2025,3/19/2025,,,,Intel::DOMAIN,
0se.mediafire.com,MegaUploadSites,0,3/19/2025,3/19/2025,,,,Intel::DOMAIN,
0sirr5fqge1bvlr1aks42yvv2h.mediafire.com,MegaUploadSites,0,3/19/2025,3/19/2025,,,,Intel::DOMAIN,
0t2ot20xd24icmos5stqxaixzg.mx1.mediafire.com,MegaUploadSites,0,3/19/2025,3/19/2025,,,,Intel::DOMAIN,
0t4tdrvxkkavxhrrxds0dbbm1d.mx2.mediafire.com,MegaUploadSites,0,3/19/2025,3/19/2025,,,,Intel::DOMAIN,
0tyoac3r1injprhf51r0vas0if.mediafire.com,MegaUploadSites,0,3/19/2025,3/19/2025,,,,Intel::DOMAIN,
0u4u2xbwoxofsot1syqohc3m3d.mediafire.com,MegaUploadSites,0,3/19/2025,3/19/2025,,,,Intel::DOMAIN,
0ugt1e3r2aouhc5sc0r0orrzpd.mediafire.com,MegaUploadSites,0,3/19/2025,3/19/2025,,,,Intel::DOMAIN,
0v4.mediafire.com,MegaUploadSites,0,3/19/2025,3/19/2025,,,,Intel::DOMAIN,
0varqgeupuukoc1domqggks1yf.mediafire.com,MegaUploadSites,0,3/19/2025,3/19/2025,,,,Intel::DOMAIN,
0vewifcurbcp4xwhllswrgj1mh.mediafire.com,MegaUploadSites,0,3/19/2025,3/19/2025,,,,Intel::DOMAIN,
0w.mediafire.com,MegaUploadSites,0,3/19/2025,3/19/2025,,,,Intel::DOMAIN,
0wd.mediafire.com,MegaUploadSites,0,3/19/2025,3/19/2025,,,,Intel::DOMAIN,
0wlrrhux42hyhllhbzt0ymosaf.api.mediafire.com,MegaUploadSites,0,3/19/2025,3/19/2025,,,,Intel::DOMAIN,
0wlrrhux42hyhllhbzt0ymosaf.ftp.mediafire.com,MegaUploadSites,0,3/19/2025,3/19/2025,,,,Intel::DOMAIN,
0ww.mediafire.com,MegaUploadSites,0,3/19/2025,3/19/2025,,,,Intel::DOMAIN,
0www.mediafire.com,MegaUploadSites,0,3/19/2025,3/19/2025,,,,Intel::DOMAIN,
0xmdyqoqj200ggkxygryslrspg.mediafire.com,MegaUploadSites,0,3/19/2025,3/19/2025,,,,Intel::DOMAIN,
0xrnv4lsyqzqw120kmqoo2vque.mx1.mediafire.com,MegaUploadSites,0,3/19/2025,3/19/2025,,,,Intel::DOMAIN,
0y2cj5ltfofywlohvwq4jpavmb.api.mediafire.com,MegaUploadSites,0,3/19/2025,3/19/2025,,,,Intel::DOMAIN,
0ype5dzwktspgwbu0tsu0embba.mediafire.com,MegaUploadSites,0,3/19/2025,3/19/2025,,,,Intel::DOMAIN,
0yvznbcx2tkh04ljpcsms55cgh.mediafire.com,MegaUploadSites,0,3/19/2025,3/19/2025,,,,Intel::DOMAIN,
0z.mediafire.com,MegaUploadSites,0,3/19/2025,3/19/2025,,,,Intel::DOMAIN,
0zd41ahrxu5gbmovsksyvz2xlg.mediafire.com,MegaUploadSites,0,3/19/2025,3/19/2025,,,,Intel::DOMAIN,
0zfu1smv3eupchhwr5syplrr4a.mediafire.com,MegaUploadSites,0,3/19/2025,3/19/2025,,,,Intel::DOMAIN,
1.mediafire.com,MegaUploadSites,0,3/19/2025,3/19/2025,,,,Intel::DOMAIN,
10.mediafire.com,MegaUploadSites,0,3/19/2025,3/19/2025,,,,Intel::DOMAIN,
100.mediafire.com,MegaUploadSites,0,3/19/2025,3/19/2025,,,,Intel::DOMAIN,
101.mediafire.com,MegaUploadSites,0,3/19/2025,3/19/2025,,,,Intel::DOMAIN,
1017.mdm.mediafire.com,MegaUploadSites,0,3/19/2025,3/19/2025,,,,Intel::DOMAIN,
1017.up.mediafire.com,MegaUploadSites,0,3/19/2025,3/19/2025,,,,Intel::DOMAIN,
102.mediafire.com,MegaUploadSites,0,3/19/2025,3/19/2025,,,,Intel::DOMAIN,
1079.mediafire.com,MegaUploadSites,0,3/19/2025,3/19/2025,,,,Intel::DOMAIN,
108.mediafire.com,MegaUploadSites,0,3/19/2025,3/19/2025,,,,Intel::DOMAIN,
10i5aovubl1jmdsog0q4hyx1cf.ns.mediafire.com,MegaUploadSites,0,3/19/2025,3/19/2025,,,,Intel::DOMAIN,
10ic0gxqv2n205kb31r023taqa.mediafire.com,MegaUploadSites,0,3/19/2025,3/19/2025,,,,Intel::DOMAIN,
10t.mediafire.com,MegaUploadSites,0,3/19/2025,3/19/2025,,,,Intel::DOMAIN,
11.mediafire.com,MegaUploadSites,0,3/19/2025,3/19/2025,,,,Intel::DOMAIN,
110.mediafire.com,MegaUploadSites,0,3/19/2025,3/19/2025,,,,Intel::DOMAIN,
110eijcvmrbqkffoc3tmdgbhbg.mediafire.com,MegaUploadSites,0,3/19/2025,3/19/2025,,,,Intel::DOMAIN,
111.mediafire.com,MegaUploadSites,0,3/19/2025,3/19/2025,,,,Intel::DOMAIN,
112.mediafire.com,MegaUploadSites,0,3/19/2025,3/19/2025,,,,Intel::DOMAIN,
116.mediafire.com,MegaUploadSites,0,3/19/2025,3/19/2025,,,,Intel::DOMAIN,
11fus41vyyh2afhsnxssmu1dmb.mediafire.com,MegaUploadSites,0,3/19/2025,3/19/2025,,,,Intel::DOMAIN,
12.mediafire.com,MegaUploadSites,0,3/19/2025,3/19/2025,,,,Intel::DOMAIN,
124.mediafire.com,MegaUploadSites,0,3/19/2025,3/19/2025,,,,Intel::DOMAIN,
125.mediafire.com,MegaUploadSites,0,3/19/2025,3/19/2025,,,,Intel::DOMAIN,
1255vspwvc1011dc31ralewded.mediafire.com,MegaUploadSites,0,3/19/2025,3/19/2025,,,,Intel::DOMAIN,
127.0.0.mediafire.com,MegaUploadSites,0,3/19/2025,3/19/2025,,,,Intel::DOMAIN,
12d3s0ixxl5poxrpffqewoapkc.mediafire.com,MegaUploadSites,0,3/19/2025,3/19/2025,,,,Intel::DOMAIN,
12lbt3irtjcq1db5xgs4fkgbyd.mx1.mediafire.com,MegaUploadSites,0,3/19/2025,3/19/2025,,,,Intel::DOMAIN,
12mfewxrhfnxj1o4pgtec3wqib.mediafire.com,MegaUploadSites,0,3/19/2025,3/19/2025,,,,Intel::DOMAIN,
12ryeeks4k20k5usiotowss4ie.mx0.mediafire.com,MegaUploadSites,0,3/19/2025,3/19/2025,,,,Intel::DOMAIN,
12v02seueynyqlnmwcs2fdbg4f.mx.mediafire.com,MegaUploadSites,0,3/19/2025,3/19/2025,,,,Intel::DOMAIN,
13.mediafire.com,MegaUploadSites,0,3/19/2025,3/19/2025,,,,Intel::DOMAIN,
132.mediafire.com,MegaUploadSites,0,3/19/2025,3/19/2025,,,,Intel::DOMAIN,
139.mediafire.com,MegaUploadSites,0,3/19/2025,3/19/2025,,,,Intel::DOMAIN,
13ih4ewwuxvbvvpbgrqoeby15d.mediafire.com,MegaUploadSites,0,3/19/2025,3/19/2025,,,,Intel::DOMAIN,
13ioentupqocolpyyusscjnz0d.mediafire.com,MegaUploadSites,0,3/19/2025,3/19/2025,,,,Intel::DOMAIN,
14.mediafire.com,MegaUploadSites,0,3/19/2025,3/19/2025,,,,Intel::DOMAIN,
140.mediafire.com,MegaUploadSites,0,3/19/2025,3/19/2025,,,,Intel::DOMAIN,
144nwc3q0badu3gar3qkjpmgyh.mediafire.com,MegaUploadSites,0,3/19/2025,3/19/2025,,,,Intel::DOMAIN,
149.mediafire.com,MegaUploadSites,0,3/19/2025,3/19/2025,,,,Intel::DOMAIN,
14eluccwjhw1mfxcqfrimbzl0g.mediafire.com,MegaUploadSites,0,3/19/2025,3/19/2025,,,,Intel::DOMAIN,
14gsom5scjwbz2aejeqqpux0dd.mediafire.com,MegaUploadSites,0,3/19/2025,3/19/2025,,,,Intel::DOMAIN,
14i4yktrmjiw5llloss2b0clvc.mediafire.com,MegaUploadSites,0,3/19/2025,3/19/2025,,,,Intel::DOMAIN,
14z.mediafire.com,MegaUploadSites,0,3/19/2025,3/19/2025,,,,Intel::DOMAIN,
15.mediafire.com,MegaUploadSites,0,3/19/2025,3/19/2025,,,,Intel::DOMAIN,
150.mediafire.com,MegaUploadSites,0,3/19/2025,3/19/2025,,,,Intel::DOMAIN,
152.mediafire.com,MegaUploadSites,0,3/19/2025,3/19/2025,,,,Intel::DOMAIN,
152h2eusgvpfnty3a5tofmgtfb.bbs.mediafire.com,MegaUploadSites,0,3/19/2025,3/19/2025,,,,Intel::DOMAIN,
153.mediafire.com,MegaUploadSites,0,3/19/2025,3/19/2025,,,,Intel::DOMAIN,
15jmoiqwweqa5geatssmdu5qrc.mediafire.com,MegaUploadSites,0,3/19/2025,3/19/2025,,,,Intel::DOMAIN,
15vqwfhrskd35mhvc2qinsfbqf.mx7.mediafire.com,MegaUploadSites,0,3/19/2025,3/19/2025,,,,Intel::DOMAIN,
16.mediafire.com,MegaUploadSites,0,3/19/2025,3/19/2025,,,,Intel::DOMAIN,
163.mediafire.com,MegaUploadSites,0,3/19/2025,3/19/2025,,,,Intel::DOMAIN,
164.mediafire.com,MegaUploadSites,0,3/19/2025,3/19/2025,,,,Intel::DOMAIN,
165.mediafire.com,MegaUploadSites,0,3/19/2025,3/19/2025,,,,Intel::DOMAIN,
16c.mediafire.com,MegaUploadSites,0,3/19/2025,3/19/2025,,,,Intel::DOMAIN,
17.mediafire.com,MegaUploadSites,0,3/19/2025,3/19/2025,,,,Intel::DOMAIN,
170.mediafire.com,MegaUploadSites,0,3/19/2025,3/19/2025,,,,Intel::DOMAIN,
176.mediafire.com,MegaUploadSites,0,3/19/2025,3/19/2025,,,,Intel::DOMAIN,
17w.mediafire.com,MegaUploadSites,0,3/19/2025,3/19/2025,,,,Intel::DOMAIN,
18.mediafire.com,MegaUploadSites,0,3/19/2025,3/19/2025,,,,Intel::DOMAIN,
180.mediafire.com,MegaUploadSites,0,3/19/2025,3/19/2025,,,,Intel::DOMAIN,
181.mediafire.com,MegaUploadSites,0,3/19/2025,3/19/2025,,,,Intel::DOMAIN,
182.mediafire.com,MegaUploadSites,0,3/19/2025,3/19/2025,,,,Intel::DOMAIN,
185.mediafire.com,MegaUploadSites,0,3/19/2025,3/19/2025,,,,Intel::DOMAIN,
188.mediafire.com,MegaUploadSites,0,3/19/2025,3/19/2025,,,,Intel::DOMAIN,
189.mediafire.com,MegaUploadSites,0,3/19/2025,3/19/2025,,,,Intel::DOMAIN,
19.mediafire.com,MegaUploadSites,0,3/19/2025,3/19/2025,,,,Intel::DOMAIN,
192.mediafire.com,MegaUploadSites,0,3/19/2025,3/19/2025,,,,Intel::DOMAIN,
194.mediafire.com,MegaUploadSites,0,3/19/2025,3/19/2025,,,,Intel::DOMAIN,
1a1ijvpspalvjupyioqw4bxjyd.mx.mediafire.com,MegaUploadSites,0,3/19/2025,3/19/2025,,,,Intel::DOMAIN,
1a5bbwnunn1vpltflbtcrbdr1g.mx2.mediafire.com,MegaUploadSites,0,3/19/2025,3/19/2025,,,,Intel::DOMAIN,
1a5bbwnunn1vpltflbtcrbdr1g.mx7.mediafire.com,MegaUploadSites,0,3/19/2025,3/19/2025,,,,Intel::DOMAIN,
1bmoiywxlxwlbhjejrsyfkkn3d.mediafire.com,MegaUploadSites,0,3/19/2025,3/19/2025,,,,Intel::DOMAIN,
1bukjngwypnpd5osnyscjgyvwe.mediafire.com,MegaUploadSites,0,3/19/2025,3/19/2025,,,,Intel::DOMAIN,
1cimqtdv1qiqm3hsv5qq3goyhd.mx.mediafire.com,MegaUploadSites,0,3/19/2025,3/19/2025,,,,Intel::DOMAIN,
1d1bhstw2c52pjbw5zsqvcj3jd.mediafire.com,MegaUploadSites,0,3/19/2025,3/19/2025,,,,Intel::DOMAIN,
1d2.mediafire.com,MegaUploadSites,0,3/19/2025,3/19/2025,,,,Intel::DOMAIN,
1d4wxu1qnfwsimoa4gsko0xjte.mediafire.com,MegaUploadSites,0,3/19/2025,3/19/2025,,,,Intel::DOMAIN,
1dn.mediafire.com,MegaUploadSites,0,3/19/2025,3/19/2025,,,,Intel::DOMAIN,
1dpfxwbvintn1fxvexrkppf5mb.mediafire.com,MegaUploadSites,0,3/19/2025,3/19/2025,,,,Intel::DOMAIN,
1es.mediafire.com,MegaUploadSites,0,3/19/2025,3/19/2025,,,,Intel::DOMAIN,
1f5srtgvwydbbpspghtituqqma.mediafire.com,MegaUploadSites,0,3/19/2025,3/19/2025,,,,Intel::DOMAIN,
1fkcd2bvszeoburlxjtsujqrqa.mediafire.com,MegaUploadSites,0,3/19/2025,3/19/2025,,,,Intel::DOMAIN,
1g.mediafire.com,MegaUploadSites,0,3/19/2025,3/19/2025,,,,Intel::DOMAIN,
1hcebvjwm555ciw3tmtezkcf0c.mediafire.com,MegaUploadSites,0,3/19/2025,3/19/2025,,,,Intel::DOMAIN,
1ic.mediafire.com,MegaUploadSites,0,3/19/2025,3/19/2025,,,,Intel::DOMAIN,
1ic50zgqwxgndqasjurs5oyfgb.mx.mediafire.com,MegaUploadSites,0,3/19/2025,3/19/2025,,,,Intel::DOMAIN,
1imfhstwalijcab2elsmvlce1b.mediafire.com,MegaUploadSites,0,3/19/2025,3/19/2025,,,,Intel::DOMAIN,
1j4r2dlvrvm2g1c4tiskyflkgf.ftp.mediafire.com,MegaUploadSites,0,3/19/2025,3/19/2025,,,,Intel::DOMAIN,
1k.mediafire.com,MegaUploadSites,0,3/19/2025,3/19/2025,,,,Intel::DOMAIN,
1kctc5rvsoshoy13d1t0mgeeqd.mediafire.com,MegaUploadSites,0,3/19/2025,3/19/2025,,,,Intel::DOMAIN,
1kiqqnvwcm4rvtc3xfr2us5pje.mediafire.com,MegaUploadSites,0,3/19/2025,3/19/2025,,,,Intel::DOMAIN,
1laigjyrknzk03vu3lq42upj0c.mx0.mediafire.com,MegaUploadSites,0,3/19/2025,3/19/2025,,,,Intel::DOMAIN,
1lobeabv2h0ue5uufwt024r5ce.mediafire.com,MegaUploadSites,0,3/19/2025,3/19/2025,,,,Intel::DOMAIN,
1lwjob3wlt5p4mjf1ptmhng10h.mediafire.com,MegaUploadSites,0,3/19/2025,3/19/2025,,,,Intel::DOMAIN,
1m5fpf2ssjxu1nfjhgr4v2y41a.mx1.mediafire.com,MegaUploadSites,0,3/19/2025,3/19/2025,,,,Intel::DOMAIN,
1m5fpf2ssjxu1nfjhgr4v2y41a.mx7.mediafire.com,MegaUploadSites,0,3/19/2025,3/19/2025,,,,Intel::DOMAIN,
1neftncqwxoh22sr0lrkwgdhlh.mediafire.com,MegaUploadSites,0,3/19/2025,3/19/2025,,,,Intel::DOMAIN,
1nherdisnptkjvmuq3q0iwmw4f.mx7.mediafire.com,MegaUploadSites,0,3/19/2025,3/19/2025,,,,Intel::DOMAIN,
1nk.mediafire.com,MegaUploadSites,0,3/19/2025,3/19/2025,,,,Intel::DOMAIN,
1nowbhjucoz4mr3ppzscb033fb.mx.mediafire.com,MegaUploadSites,0,3/19/2025,3/19/2025,,,,Intel::DOMAIN,
1ns2yi1v10luavpa1wsiwp3tnd.bbs.mediafire.com,MegaUploadSites,0,3/19/2025,3/19/2025,,,,Intel::DOMAIN,
1ofcqkuv5g5bi30ze0so3ubsre.api.mediafire.com,MegaUploadSites,0,3/19/2025,3/19/2025,,,,Intel::DOMAIN,
1ofcqkuv5g5bi30ze0so3ubsre.mx.mediafire.com,MegaUploadSites,0,3/19/2025,3/19/2025,,,,Intel::DOMAIN,
1og.mediafire.com,MegaUploadSites,0,3/19/2025,3/19/2025,,,,Intel::DOMAIN,
1ohoiwytj0i4acrnigrg33bqtd.mx.mediafire.com,MegaUploadSites,0,3/19/2025,3/19/2025,,,,Intel::DOMAIN,
1piztsrwgeulrfiqybs0srazdg.ns.mediafire.com,MegaUploadSites,0,3/19/2025,3/19/2025,,,,Intel::DOMAIN,
1r8.mediafire.com,MegaUploadSites,0,3/19/2025,3/19/2025,,,,Intel::DOMAIN,
1ro5motvwgpqacng0fretsu0wc.mx2.mediafire.com,MegaUploadSites,0,3/19/2025,3/19/2025,,,,Intel::DOMAIN,
1rs.mediafire.com,MegaUploadSites,0,3/19/2025,3/19/2025,,,,Intel::DOMAIN,
1rt.mediafire.com,MegaUploadSites,0,3/19/2025,3/19/2025,,,,Intel::DOMAIN,
1s.mediafire.com,MegaUploadSites,0,3/19/2025,3/19/2025,,,,Intel::DOMAIN,
1se.mediafire.com,MegaUploadSites,0,3/19/2025,3/19/2025,,,,Intel::DOMAIN,
1t5mvg1xndaoc3fe2gqg0iquqa.mediafire.com,MegaUploadSites,0,3/19/2025,3/19/2025,,,,Intel::DOMAIN,
1tav51wxihqrt1zpnqqe3moiuf.mediafire.com,MegaUploadSites,0,3/19/2025,3/19/2025,,,,Intel::DOMAIN,
1tnzc35xkv4bv1z0azrmcov4gf.mediafire.com,MegaUploadSites,0,3/19/2025,3/19/2025,,,,Intel::DOMAIN,
1ut.mediafire.com,MegaUploadSites,0,3/19/2025,3/19/2025,,,,Intel::DOMAIN,
1uw3epywyvokzl1jysqibzb30c.mx2.mediafire.com,MegaUploadSites,0,3/19/2025,3/19/2025,,,,Intel::DOMAIN,
1v.mediafire.com,MegaUploadSites,0,3/19/2025,3/19/2025,,,,Intel::DOMAIN,
1v8.mediafire.com,MegaUploadSites,0,3/19/2025,3/19/2025,,,,Intel::DOMAIN,
1vildi1w2s3n5wbvwgqo0gs4kf.mediafire.com,MegaUploadSites,0,3/19/2025,3/19/2025,,,,Intel::DOMAIN,
1vioxk2xzvmbeymnfhse1rqk1e.mediafire.com,MegaUploadSites,0,3/19/2025,3/19/2025,,,,Intel::DOMAIN,
1whcoirtvgdp15fri2q2zsedff.mediafire.com,MegaUploadSites,0,3/19/2025,3/19/2025,,,,Intel::DOMAIN,
1woffqqqkuyqduezcssqc3di0b.mediafire.com,MegaUploadSites,0,3/19/2025,3/19/2025,,,,Intel::DOMAIN,
1ww.mediafire.com,MegaUploadSites,0,3/19/2025,3/19/2025,,,,Intel::DOMAIN,
1x2lzm2rf4ccv2qeystkc3yn1h.mediafire.com,MegaUploadSites,0,3/19/2025,3/19/2025,,,,Intel::DOMAIN,
1xem0b2qkxhyzdsnlmqkqoknbc.mediafire.com,MegaUploadSites,0,3/19/2025,3/19/2025,,,,Intel::DOMAIN,
1xnij4ns5a4mclfrrequvvli0h.mx0.mediafire.com,MegaUploadSites,0,3/19/2025,3/19/2025,,,,Intel::DOMAIN,
1xvykcbxv2moiporg4ss4oqtza.mediafire.com,MegaUploadSites,0,3/19/2025,3/19/2025,,,,Intel::DOMAIN,
1yf32nbv5cidfsqi5mt25hl4xg.mediafire.com,MegaUploadSites,0,3/19/2025,3/19/2025,,,,Intel::DOMAIN,
1ymmyteu2picg4ofttriko5jec.ns.mediafire.com,MegaUploadSites,0,3/19/2025,3/19/2025,,,,Intel::DOMAIN,
1yn3c4dxwidq2k0ev2sujtjbue.mx0.mediafire.com,MegaUploadSites,0,3/19/2025,3/19/2025,,,,Intel::DOMAIN,
1zcdgmexqdxbfcsewxsqvcdhza.mediafire.com,MegaUploadSites,0,3/19/2025,3/19/2025,,,,Intel::DOMAIN,
1zdxkjoshwdsjfcwn3qqkrsfrb.mediafire.com,MegaUploadSites,0,3/19/2025,3/19/2025,,,,Intel::DOMAIN,
1zwstrbqzwsid5b2xvr0xbufie.api.mediafire.com,MegaUploadSites,0,3/19/2025,3/19/2025,,,,Intel::DOMAIN,
1zxki52rihpjqh4gq5rwjixkcc.mx7.mediafire.com,MegaUploadSites,0,3/19/2025,3/19/2025,,,,Intel::DOMAIN,
2.bp.mediafire.com,MegaUploadSites,0,3/19/2025,3/19/2025,,,,Intel::DOMAIN,
2.mediafire.com,MegaUploadSites,0,3/19/2025,3/19/2025,,,,Intel::DOMAIN,
20.mx1.mediafire.com,MegaUploadSites,0,3/19/2025,3/19/2025,,,,Intel::DOMAIN,
201.mediafire.com,MegaUploadSites,0,3/19/2025,3/19/2025,,,,Intel::DOMAIN,
2019.crm.mediafire.com,MegaUploadSites,0,3/19/2025,3/19/2025,,,,Intel::DOMAIN,
202.mediafire.com,MegaUploadSites,0,3/19/2025,3/19/2025,,,,Intel::DOMAIN,
2032.mx1.mediafire.com,MegaUploadSites,0,3/19/2025,3/19/2025,,,,Intel::DOMAIN,
204.mediafire.com,MegaUploadSites,0,3/19/2025,3/19/2025,,,,Intel::DOMAIN,
205.196.120.6.mediafire.com,MegaUploadSites,0,3/19/2025,3/19/2025,,,,Intel::DOMAIN,
205.196.120.8.mediafire.com,MegaUploadSites,0,3/19/2025,3/19/2025,,,,Intel::DOMAIN,
205.196.122.230.mediafire.com,MegaUploadSites,0,3/19/2025,3/19/2025,,,,Intel::DOMAIN,
205.mediafire.com,MegaUploadSites,0,3/19/2025,3/19/2025,,,,Intel::DOMAIN,
21.mediafire.com,MegaUploadSites,0,3/19/2025,3/19/2025,,,,Intel::DOMAIN,
211.mediafire.com,MegaUploadSites,0,3/19/2025,3/19/2025,,,,Intel::DOMAIN,
213.mediafire.com,MegaUploadSites,0,3/19/2025,3/19/2025,,,,Intel::DOMAIN,
216.mediafire.com,MegaUploadSites,0,3/19/2025,3/19/2025,,,,Intel::DOMAIN,
21agt30tr4tsaegl5xqc0vtgsb.ftp.mediafire.com,MegaUploadSites,0,3/19/2025,3/19/2025,,,,Intel::DOMAIN,
22.mediafire.com,MegaUploadSites,0,3/19/2025,3/19/2025,,,,Intel::DOMAIN,
222.mediafire.com,MegaUploadSites,0,3/19/2025,3/19/2025,,,,Intel::DOMAIN,
223.mediafire.com,MegaUploadSites,0,3/19/2025,3/19/2025,,,,Intel::DOMAIN,
225.mediafire.com,MegaUploadSites,0,3/19/2025,3/19/2025,,,,Intel::DOMAIN,
22h.mediafire.com,MegaUploadSites,0,3/19/2025,3/19/2025,,,,Intel::DOMAIN,
22h5aicr21zhtzdk1wscbvhfqa.mediafire.com,MegaUploadSites,0,3/19/2025,3/19/2025,,,,Intel::DOMAIN,
22td5lowydd4wletyvqabvfx0e.mediafire.com,MegaUploadSites,0,3/19/2025,3/19/2025,,,,Intel::DOMAIN,
23.mediafire.com,MegaUploadSites,0,3/19/2025,3/19/2025,,,,Intel::DOMAIN,
235.mediafire.com,MegaUploadSites,0,3/19/2025,3/19/2025,,,,Intel::DOMAIN,
239.mediafire.com,MegaUploadSites,0,3/19/2025,3/19/2025,,,,Intel::DOMAIN,
23lskduxbxuq1lm2xstkbvqlud.mediafire.com,MegaUploadSites,0,3/19/2025,3/19/2025,,,,Intel::DOMAIN,
24.mediafire.com,MegaUploadSites,0,3/19/2025,3/19/2025,,,,Intel::DOMAIN,
240.mediafire.com,MegaUploadSites,0,3/19/2025,3/19/2025,,,,Intel::DOMAIN,
241.mediafire.com,MegaUploadSites,0,3/19/2025,3/19/2025,,,,Intel::DOMAIN,
242.mediafire.com,MegaUploadSites,0,3/19/2025,3/19/2025,,,,Intel::DOMAIN,
246.mediafire.com,MegaUploadSites,0,3/19/2025,3/19/2025,,,,Intel::DOMAIN,
25.mediafire.com,MegaUploadSites,0,3/19/2025,3/19/2025,,,,Intel::DOMAIN,
250.mediafire.com,MegaUploadSites,0,3/19/2025,3/19/2025,,,,Intel::DOMAIN,
251.mediafire.com,MegaUploadSites,0,3/19/2025,3/19/2025,,,,Intel::DOMAIN,
253.mediafire.com,MegaUploadSites,0,3/19/2025,3/19/2025,,,,Intel::DOMAIN,
254.mediafire.com,MegaUploadSites,0,3/19/2025,3/19/2025,,,,Intel::DOMAIN,
256.mediafire.com,MegaUploadSites,0,3/19/2025,3/19/2025,,,,Intel::DOMAIN,
258.mediafire.com,MegaUploadSites,0,3/19/2025,3/19/2025,,,,Intel::DOMAIN,
263.mediafire.com,MegaUploadSites,0,3/19/2025,3/19/2025,,,,Intel::DOMAIN,
264.mediafire.com,MegaUploadSites,0,3/19/2025,3/19/2025,,,,Intel::DOMAIN,
266.mediafire.com,MegaUploadSites,0,3/19/2025,3/19/2025,,,,Intel::DOMAIN,
270.mediafire.com,MegaUploadSites,0,3/19/2025,3/19/2025,,,,Intel::DOMAIN,
271.mediafire.com,MegaUploadSites,0,3/19/2025,3/19/2025,,,,Intel::DOMAIN,
28.mediafire.com,MegaUploadSites,0,3/19/2025,3/19/2025,,,,Intel::DOMAIN,
283.mediafire.com,MegaUploadSites,0,3/19/2025,3/19/2025,,,,Intel::DOMAIN,
285.mediafire.com,MegaUploadSites,0,3/19/2025,3/19/2025,,,,Intel::DOMAIN,
288.mediafire.com,MegaUploadSites,0,3/19/2025,3/19/2025,,,,Intel::DOMAIN,
291.mediafire.com,MegaUploadSites,0,3/19/2025,3/19/2025,,,,Intel::DOMAIN,
2ce.mediafire.com,MegaUploadSites,0,3/19/2025,3/19/2025,,,,Intel::DOMAIN,
2d.mediafire.com,MegaUploadSites,0,3/19/2025,3/19/2025,,,,Intel::DOMAIN,
2dn.mediafire.com,MegaUploadSites,0,3/19/2025,3/19/2025,,,,Intel::DOMAIN,
2e1.mediafire.com,MegaUploadSites,0,3/19/2025,3/19/2025,,,,Intel::DOMAIN,
2fwww.mediafire.com,MegaUploadSites,0,3/19/2025,3/19/2025,,,,Intel::DOMAIN,
2g54p3mvmbd0kcspg5tyjg54kc.mediafire.com,MegaUploadSites,0,3/19/2025,3/19/2025,,,,Intel::DOMAIN,
2hsv2o4wps5tpuu0oarcod0xba.mx1.mediafire.com,MegaUploadSites,0,3/19/2025,3/19/2025,,,,Intel::DOMAIN,
2ic.mediafire.com,MegaUploadSites,0,3/19/2025,3/19/2025,,,,Intel::DOMAIN,
2jazclmvie32wiojg2twpcfhsg.mediafire.com,MegaUploadSites,0,3/19/2025,3/19/2025,,,,Intel::DOMAIN,
2k.mediafire.com,MegaUploadSites,0,3/19/2025,3/19/2025,,,,Intel::DOMAIN,
2l.mediafire.com,MegaUploadSites,0,3/19/2025,3/19/2025,,,,Intel::DOMAIN,
2lq4icdrwendax425srqdjq3ob.mx0.mediafire.com,MegaUploadSites,0,3/19/2025,3/19/2025,,,,Intel::DOMAIN,
2lrks2uwiaqgvf05nsqgyhhhee.mx1.mediafire.com,MegaUploadSites,0,3/19/2025,3/19/2025,,,,Intel::DOMAIN,
2lsbjiaufhuo0l0zpuqc520vqe.bbs.mediafire.com,MegaUploadSites,0,3/19/2025,3/19/2025,,,,Intel::DOMAIN,
2lxo4kerlhboc215ews2rtlcdg.mediafire.com,MegaUploadSites,0,3/19/2025,3/19/2025,,,,Intel::DOMAIN,
2m8.mediafire.com,MegaUploadSites,0,3/19/2025,3/19/2025,,,,Intel::DOMAIN,
2mb1tlqvc0yumcyutltiapctle.mediafire.com,MegaUploadSites,0,3/19/2025,3/19/2025,,,,Intel::DOMAIN,
2mtrrvgxydr5wu0mckryxtg1mg.mx.mediafire.com,MegaUploadSites,0,3/19/2025,3/19/2025,,,,Intel::DOMAIN,
2na2nbvwwekw5ac4vstk3nol4c.mediafire.com,MegaUploadSites,0,3/19/2025,3/19/2025,,,,Intel::DOMAIN,
2oexvd0ubvpzut2032t0js4laa.mediafire.com,MegaUploadSites,0,3/19/2025,3/19/2025,,,,Intel::DOMAIN,
2og.mediafire.com,MegaUploadSites,0,3/19/2025,3/19/2025,,,,Intel::DOMAIN,
2owmg2qu41mw5bjmnhqixr1fhc.api.mediafire.com,MegaUploadSites,0,3/19/2025,3/19/2025,,,,Intel::DOMAIN,
2p4qplorkr5vhtb3ovsemjlyfc.mx.mediafire.com,MegaUploadSites,0,3/19/2025,3/19/2025,,,,Intel::DOMAIN,
2qbbvwntmggs2du0kutmdwy0fd.mediafire.com,MegaUploadSites,0,3/19/2025,3/19/2025,,,,Intel::DOMAIN,
2re.mediafire.com,MegaUploadSites,0,3/19/2025,3/19/2025,,,,Intel::DOMAIN,
2rkj3k1ufnyfvnp2bvtsbap01d.mediafire.com,MegaUploadSites,0,3/19/2025,3/19/2025,,,,Intel::DOMAIN,
2se.mediafire.com,MegaUploadSites,0,3/19/2025,3/19/2025,,,,Intel::DOMAIN,
2ske0f1wapoxuvzqxxrcfbdv4e.api.mediafire.com,MegaUploadSites,0,3/19/2025,3/19/2025,,,,Intel::DOMAIN,
2ske0f1wapoxuvzqxxrcfbdv4e.mx2.mediafire.com,MegaUploadSites,0,3/19/2025,3/19/2025,,,,Intel::DOMAIN,
2smcurkvseenh54f02swp5gi0e.ns.mediafire.com,MegaUploadSites,0,3/19/2025,3/19/2025,,,,Intel::DOMAIN,
2t.mediafire.com,MegaUploadSites,0,3/19/2025,3/19/2025,,,,Intel::DOMAIN,
2t1l4y4wnt3yzvb0ymskyeab0h.mediafire.com,MegaUploadSites,0,3/19/2025,3/19/2025,,,,Intel::DOMAIN,
2wek3gwr5cordtmoi1ryynjcqg.mediafire.com,MegaUploadSites,0,3/19/2025,3/19/2025,,,,Intel::DOMAIN,
2ww.mediafire.com,MegaUploadSites,0,3/19/2025,3/19/2025,,,,Intel::DOMAIN,
2xe3yzpw5w3eedr0ycs0ws3eab.mediafire.com,MegaUploadSites,0,3/19/2025,3/19/2025,,,,Intel::DOMAIN,
2ztuq2xv3sus5au1t2test2ese.bbs.mediafire.com,MegaUploadSites,0,3/19/2025,3/19/2025,,,,Intel::DOMAIN,
2zx4k4wtpgjy3hedfvtu4mlroc.mediafire.com,MegaUploadSites,0,3/19/2025,3/19/2025,,,,Intel::DOMAIN,
3.mediafire.com,MegaUploadSites,0,3/19/2025,3/19/2025,,,,Intel::DOMAIN,
30.mediafire.com,MegaUploadSites,0,3/19/2025,3/19/2025,,,,Intel::DOMAIN,
302.mediafire.com,MegaUploadSites,0,3/19/2025,3/19/2025,,,,Intel::DOMAIN,
304.mediafire.com,MegaUploadSites,0,3/19/2025,3/19/2025,,,,Intel::DOMAIN,
308.mediafire.com,MegaUploadSites,0,3/19/2025,3/19/2025,,,,Intel::DOMAIN,
30asxbjtpoyr2dfhdarem5uspb.mx7.mediafire.com,MegaUploadSites,0,3/19/2025,3/19/2025,,,,Intel::DOMAIN,
30weixiu.com.mediafire.com,MegaUploadSites,0,3/19/2025,3/19/2025,,,,Intel::DOMAIN,
30xzvuvswr3j5el0doqeqvcxlc.mediafire.com,MegaUploadSites,0,3/19/2025,3/19/2025,,,,Intel::DOMAIN,
31.mediafire.com,MegaUploadSites,0,3/19/2025,3/19/2025,,,,Intel::DOMAIN,
311.mediafire.com,MegaUploadSites,0,3/19/2025,3/19/2025,,,,Intel::DOMAIN,
312.mediafire.com,MegaUploadSites,0,3/19/2025,3/19/2025,,,,Intel::DOMAIN,
316.mediafire.com,MegaUploadSites,0,3/19/2025,3/19/2025,,,,Intel::DOMAIN,
317.mediafire.com,MegaUploadSites,0,3/19/2025,3/19/2025,,,,Intel::DOMAIN,
321.mediafire.com,MegaUploadSites,0,3/19/2025,3/19/2025,,,,Intel::DOMAIN,
324.3.4325.435.mediafire.com,MegaUploadSites,0,3/19/2025,3/19/2025,,,,Intel::DOMAIN,
324gi5rxhubfl1bdsfrmpp3eja.mediafire.com,MegaUploadSites,0,3/19/2025,3/19/2025,,,,Intel::DOMAIN,
325.mediafire.com,MegaUploadSites,0,3/19/2025,3/19/2025,,,,Intel::DOMAIN,
328.mediafire.com,MegaUploadSites,0,3/19/2025,3/19/2025,,,,Intel::DOMAIN,
33.mediafire.com,MegaUploadSites,0,3/19/2025,3/19/2025,,,,Intel::DOMAIN,
331.mediafire.com,MegaUploadSites,0,3/19/2025,3/19/2025,,,,Intel::DOMAIN,
339.mediafire.com,MegaUploadSites,0,3/19/2025,3/19/2025,,,,Intel::DOMAIN,
340.mediafire.com,MegaUploadSites,0,3/19/2025,3/19/2025,,,,Intel::DOMAIN,
345.mediafire.com,MegaUploadSites,0,3/19/2025,3/19/2025,,,,Intel::DOMAIN,
346.mediafire.com,MegaUploadSites,0,3/19/2025,3/19/2025,,,,Intel::DOMAIN,
348.mediafire.com,MegaUploadSites,0,3/19/2025,3/19/2025,,,,Intel::DOMAIN,
34j2mtvuqwrg0ahwvatgrpzspg.mediafire.com,MegaUploadSites,0,3/19/2025,3/19/2025,,,,Intel::DOMAIN,
35.mediafire.com,MegaUploadSites,0,3/19/2025,3/19/2025,,,,Intel::DOMAIN,
350gwrnsruberkymrvrmnvxxud.mediafire.com,MegaUploadSites,0,3/19/2025,3/19/2025,,,,Intel::DOMAIN,
351.mediafire.com,MegaUploadSites,0,3/19/2025,3/19/2025,,,,Intel::DOMAIN,
352.mediafire.com,MegaUploadSites,0,3/19/2025,3/19/2025,,,,Intel::DOMAIN,
356.mediafire.com,MegaUploadSites,0,3/19/2025,3/19/2025,,,,Intel::DOMAIN,
357.mediafire.com,MegaUploadSites,0,3/19/2025,3/19/2025,,,,Intel::DOMAIN,
35e3pcsrln0prbokjqq0rkmvnd.mediafire.com,MegaUploadSites,0,3/19/2025,3/19/2025,,,,Intel::DOMAIN,
35gtxtvtpq4xgbv10mse1iqzif.mediafire.com,MegaUploadSites,0,3/19/2025,3/19/2025,,,,Intel::DOMAIN,
35nypncubm1kzp3z24ti1bv2md.mediafire.com,MegaUploadSites,0,3/19/2025,3/19/2025,,,,Intel::DOMAIN,
35qhacvxvzmto2zoylrezassae.bbs.mediafire.com,MegaUploadSites,0,3/19/2025,3/19/2025,,,,Intel::DOMAIN,
36.mediafire.com,MegaUploadSites,0,3/19/2025,3/19/2025,,,,Intel::DOMAIN,
363.mediafire.com,MegaUploadSites,0,3/19/2025,3/19/2025,,,,Intel::DOMAIN,
364.mediafire.com,MegaUploadSites,0,3/19/2025,3/19/2025,,,,Intel::DOMAIN,
36j.mediafire.com,MegaUploadSites,0,3/19/2025,3/19/2025,,,,Intel::DOMAIN,
370.mediafire.com,MegaUploadSites,0,3/19/2025,3/19/2025,,,,Intel::DOMAIN,
378.mediafire.com,MegaUploadSites,0,3/19/2025,3/19/2025,,,,Intel::DOMAIN,
38.mediafire.com,MegaUploadSites,0,3/19/2025,3/19/2025,,,,Intel::DOMAIN,
381.mediafire.com,MegaUploadSites,0,3/19/2025,3/19/2025,,,,Intel::DOMAIN,
385.mediafire.com,MegaUploadSites,0,3/19/2025,3/19/2025,,,,Intel::DOMAIN,
391.mediafire.com,MegaUploadSites,0,3/19/2025,3/19/2025,,,,Intel::DOMAIN,
392.mediafire.com,MegaUploadSites,0,3/19/2025,3/19/2025,,,,Intel::DOMAIN,
394.mediafire.com,MegaUploadSites,0,3/19/2025,3/19/2025,,,,Intel::DOMAIN,
395.mediafire.com,MegaUploadSites,0,3/19/2025,3/19/2025,,,,Intel::DOMAIN,
399.mediafire.com,MegaUploadSites,0,3/19/2025,3/19/2025,,,,Intel::DOMAIN,
3ad.mediafire.com,MegaUploadSites,0,3/19/2025,3/19/2025,,,,Intel::DOMAIN,
3b0omdcufq1g10pwzqruayavza.mx0.mediafire.com,MegaUploadSites,0,3/19/2025,3/19/2025,,,,Intel::DOMAIN,
3b1j5llsfsk15parfvra3aynjh.api.mediafire.com,MegaUploadSites,0,3/19/2025,3/19/2025,,,,Intel::DOMAIN,
3bj2uspsu0iketyrztsafa3hxh.mediafire.com,MegaUploadSites,0,3/19/2025,3/19/2025,,,,Intel::DOMAIN,
3btjlipturdt1rxqetscjpnkme.mediafire.com,MegaUploadSites,0,3/19/2025,3/19/2025,,,,Intel::DOMAIN,
3bvhgubqxxxltmksytsyv5kuja.mediafire.com,MegaUploadSites,0,3/19/2025,3/19/2025,,,,Intel::DOMAIN,
3c3psnvv4rs0hfpdebqk3lsogd.mediafire.com,MegaUploadSites,0,3/19/2025,3/19/2025,,,,Intel::DOMAIN,
3c511r1vnldahqadhqq0cpxnbc.mediafire.com,MegaUploadSites,0,3/19/2025,3/19/2025,,,,Intel::DOMAIN,
3ceyhzirmhtujytjc3r23dxacf.mediafire.com,MegaUploadSites,0,3/19/2025,3/19/2025,,,,Intel::DOMAIN,
3e1.mediafire.com,MegaUploadSites,0,3/19/2025,3/19/2025,,,,Intel::DOMAIN,
3ed.mediafire.com,MegaUploadSites,0,3/19/2025,3/19/2025,,,,Intel::DOMAIN,
3er.mediafire.com,MegaUploadSites,0,3/19/2025,3/19/2025,,,,Intel::DOMAIN,
3gyf0ygw20nnufpcc3rsfrhufg.mediafire.com,MegaUploadSites,0,3/19/2025,3/19/2025,,,,Intel::DOMAIN,
3gyrzesrfubkebvds3qcby412d.mediafire.com,MegaUploadSites,0,3/19/2025,3/19/2025,,,,Intel::DOMAIN,
3ib52dct3albypj5hgtq4pskjd.ftp.mediafire.com,MegaUploadSites,0,3/19/2025,3/19/2025,,,,Intel::DOMAIN,
3ib52dct3albypj5hgtq4pskjd.mx2.mediafire.com,MegaUploadSites,0,3/19/2025,3/19/2025,,,,Intel::DOMAIN,
3ic.mediafire.com,MegaUploadSites,0,3/19/2025,3/19/2025,,,,Intel::DOMAIN,
3k.mediafire.com,MegaUploadSites,0,3/19/2025,3/19/2025,,,,Intel::DOMAIN,
3kvvspgszycms5m3ierejn4frb.mediafire.com,MegaUploadSites,0,3/19/2025,3/19/2025,,,,Intel::DOMAIN,
3lck1gmwci51rdbcdft0lptwze.mx1.mediafire.com,MegaUploadSites,0,3/19/2025,3/19/2025,,,,Intel::DOMAIN,
3lgrktnsyzbumpchqfso2ovjpe.mediafire.com,MegaUploadSites,0,3/19/2025,3/19/2025,,,,Intel::DOMAIN,
3lp2ebht1yxkm53iwhs4gtbvod.mediafire.com,MegaUploadSites,0,3/19/2025,3/19/2025,,,,Intel::DOMAIN,
3nh.mediafire.com,MegaUploadSites,0,3/19/2025,3/19/2025,,,,Intel::DOMAIN,
3nk.mediafire.com,MegaUploadSites,0,3/19/2025,3/19/2025,,,,Intel::DOMAIN,
3rt.mediafire.com,MegaUploadSites,0,3/19/2025,3/19/2025,,,,Intel::DOMAIN,
3se.mediafire.com,MegaUploadSites,0,3/19/2025,3/19/2025,,,,Intel::DOMAIN,
3sfonhcr0ig13lpqvctqxhuvsh.mediafire.com,MegaUploadSites,0,3/19/2025,3/19/2025,,,,Intel::DOMAIN,
3t.mediafire.com,MegaUploadSites,0,3/19/2025,3/19/2025,,,,Intel::DOMAIN,
3v5.mediafire.com,MegaUploadSites,0,3/19/2025,3/19/2025,,,,Intel::DOMAIN,
3vvud3gxes3jrlcsjesceps0yc.mx7.mediafire.com,MegaUploadSites,0,3/19/2025,3/19/2025,,,,Intel::DOMAIN,
3w.mediafire.com,MegaUploadSites,0,3/19/2025,3/19/2025,,,,Intel::DOMAIN,
3ww.mediafire.com,MegaUploadSites,0,3/19/2025,3/19/2025,,,,Intel::DOMAIN,
3www.mediafire.com,MegaUploadSites,0,3/19/2025,3/19/2025,,,,Intel::DOMAIN,
3xw.mediafire.com,MegaUploadSites,0,3/19/2025,3/19/2025,,,,Intel::DOMAIN,
4.bp.mediafire.com,MegaUploadSites,0,3/19/2025,3/19/2025,,,,Intel::DOMAIN,
4.mediafire.com,MegaUploadSites,0,3/19/2025,3/19/2025,,,,Intel::DOMAIN,
401.mediafire.com,MegaUploadSites,0,3/19/2025,3/19/2025,,,,Intel::DOMAIN,
402.mediafire.com,MegaUploadSites,0,3/19/2025,3/19/2025,,,,Intel::DOMAIN,
405ql2hvkrgxsi0rebscj42pvb.mediafire.com,MegaUploadSites,0,3/19/2025,3/19/2025,,,,Intel::DOMAIN,
407.mediafire.com,MegaUploadSites,0,3/19/2025,3/19/2025,,,,Intel::DOMAIN,
408.mediafire.com,MegaUploadSites,0,3/19/2025,3/19/2025,,,,Intel::DOMAIN,
41.mediafire.com,MegaUploadSites,0,3/19/2025,3/19/2025,,,,Intel::DOMAIN,
411.mediafire.com,MegaUploadSites,0,3/19/2025,3/19/2025,,,,Intel::DOMAIN,
413.mediafire.com,MegaUploadSites,0,3/19/2025,3/19/2025,,,,Intel::DOMAIN,
416.mediafire.com,MegaUploadSites,0,3/19/2025,3/19/2025,,,,Intel::DOMAIN,
418.mediafire.com,MegaUploadSites,0,3/19/2025,3/19/2025,,,,Intel::DOMAIN,
42.mediafire.com,MegaUploadSites,0,3/19/2025,3/19/2025,,,,Intel::DOMAIN,
424.mediafire.com,MegaUploadSites,0,3/19/2025,3/19/2025,,,,Intel::DOMAIN,
43.mediafire.com,MegaUploadSites,0,3/19/2025,3/19/2025,,,,Intel::DOMAIN,
435.mediafire.com,MegaUploadSites,0,3/19/2025,3/19/2025,,,,Intel::DOMAIN,
439.mediafire.com,MegaUploadSites,0,3/19/2025,3/19/2025,,,,Intel::DOMAIN,
445.mediafire.com,MegaUploadSites,0,3/19/2025,3/19/2025,,,,Intel::DOMAIN,
446.mediafire.com,MegaUploadSites,0,3/19/2025,3/19/2025,,,,Intel::DOMAIN,
448.mediafire.com,MegaUploadSites,0,3/19/2025,3/19/2025,,,,Intel::DOMAIN,
44i4s4uq43gmr1a5raskxabvmg.mediafire.com,MegaUploadSites,0,3/19/2025,3/19/2025,,,,Intel::DOMAIN,
45.mediafire.com,MegaUploadSites,0,3/19/2025,3/19/2025,,,,Intel::DOMAIN,
451.mediafire.com,MegaUploadSites,0,3/19/2025,3/19/2025,,,,Intel::DOMAIN,
452.mediafire.com,MegaUploadSites,0,3/19/2025,3/19/2025,,,,Intel::DOMAIN,
453.mediafire.com,MegaUploadSites,0,3/19/2025,3/19/2025,,,,Intel::DOMAIN,
454.mediafire.com,MegaUploadSites,0,3/19/2025,3/19/2025,,,,Intel::DOMAIN,
455.mediafire.com,MegaUploadSites,0,3/19/2025,3/19/2025,,,,Intel::DOMAIN,
458.mediafire.com,MegaUploadSites,0,3/19/2025,3/19/2025,,,,Intel::DOMAIN,
459.mediafire.com,MegaUploadSites,0,3/19/2025,3/19/2025,,,,Intel::DOMAIN,
45wjqbvtbiwyuinboits5y2rid.mediafire.com,MegaUploadSites,0,3/19/2025,3/19/2025,,,,Intel::DOMAIN,
46.mediafire.com,MegaUploadSites,0,3/19/2025,3/19/2025,,,,Intel::DOMAIN,
463.mediafire.com,MegaUploadSites,0,3/19/2025,3/19/2025,,,,Intel::DOMAIN,
48.mediafire.com,MegaUploadSites,0,3/19/2025,3/19/2025,,,,Intel::DOMAIN,
482.mediafire.com,MegaUploadSites,0,3/19/2025,3/19/2025,,,,Intel::DOMAIN,
485.mediafire.com,MegaUploadSites,0,3/19/2025,3/19/2025,,,,Intel::DOMAIN,
494.mediafire.com,MegaUploadSites,0,3/19/2025,3/19/2025,,,,Intel::DOMAIN,
496.mediafire.com,MegaUploadSites,0,3/19/2025,3/19/2025,,,,Intel::DOMAIN,
4aenpfhs3qiapdmzirq0ec3rue.mediafire.com,MegaUploadSites,0,3/19/2025,3/19/2025,,,,Intel::DOMAIN,
4c.mediafire.com,MegaUploadSites,0,3/19/2025,3/19/2025,,,,Intel::DOMAIN,
4d.mediafire.com,MegaUploadSites,0,3/19/2025,3/19/2025,,,,Intel::DOMAIN,
4dvraf5w2dbyf4ozdvqaonuqja.mediafire.com,MegaUploadSites,0,3/19/2025,3/19/2025,,,,Intel::DOMAIN,
4e.mediafire.com,MegaUploadSites,0,3/19/2025,3/19/2025,,,,Intel::DOMAIN,
4es.mediafire.com,MegaUploadSites,0,3/19/2025,3/19/2025,,,,Intel::DOMAIN,
4ic.mediafire.com,MegaUploadSites,0,3/19/2025,3/19/2025,,,,Intel::DOMAIN,
4k.mediafire.com,MegaUploadSites,0,3/19/2025,3/19/2025,,,,Intel::DOMAIN,
4n.mediafire.com,MegaUploadSites,0,3/19/2025,3/19/2025,,,,Intel::DOMAIN,
4ot.mediafire.com,MegaUploadSites,0,3/19/2025,3/19/2025,,,,Intel::DOMAIN,
4pchy05qepg3uhlmv5tmgmmiuc.mediafire.com,MegaUploadSites,0,3/19/2025,3/19/2025,,,,Intel::DOMAIN,
4q3rbckrm5zr4invtvs0n2pwla.mediafire.com,MegaUploadSites,0,3/19/2025,3/19/2025,,,,Intel::DOMAIN,
4rniutwvcch2nzfzgescjqbn4h.mediafire.com,MegaUploadSites,0,3/19/2025,3/19/2025,,,,Intel::DOMAIN,
4rt.mediafire.com,MegaUploadSites,0,3/19/2025,3/19/2025,,,,Intel::DOMAIN,
4s.mediafire.com,MegaUploadSites,0,3/19/2025,3/19/2025,,,,Intel::DOMAIN,
4t.mediafire.com,MegaUploadSites,0,3/19/2025,3/19/2025,,,,Intel::DOMAIN,
4w.mediafire.com,MegaUploadSites,0,3/19/2025,3/19/2025,,,,Intel::DOMAIN,
4ww.mediafire.com,MegaUploadSites,0,3/19/2025,3/19/2025,,,,Intel::DOMAIN,
4www.mediafire.com,MegaUploadSites,0,3/19/2025,3/19/2025,,,,Intel::DOMAIN,
4yqqywhub44os41jubreasqlpd.mx0.mediafire.com,MegaUploadSites,0,3/19/2025,3/19/2025,,,,Intel::DOMAIN,
4yqqywhub44os41jubreasqlpd.mx7.mediafire.com,MegaUploadSites,0,3/19/2025,3/19/2025,,,,Intel::DOMAIN,
4yqqywhub44os41jubreasqlpd.ns.mediafire.com,MegaUploadSites,0,3/19/2025,3/19/2025,,,,Intel::DOMAIN,
5.mediafire.com,MegaUploadSites,0,3/19/2025,3/19/2025,,,,Intel::DOMAIN,
50.mediafire.com,MegaUploadSites,0,3/19/2025,3/19/2025,,,,Intel::DOMAIN,
501.mediafire.com,MegaUploadSites,0,3/19/2025,3/19/2025,,,,Intel::DOMAIN,
508.mediafire.com,MegaUploadSites,0,3/19/2025,3/19/2025,,,,Intel::DOMAIN,
509.mediafire.com,MegaUploadSites,0,3/19/2025,3/19/2025,,,,Intel::DOMAIN,
51.mediafire.com,MegaUploadSites,0,3/19/2025,3/19/2025,,,,Intel::DOMAIN,
510.mediafire.com,MegaUploadSites,0,3/19/2025,3/19/2025,,,,Intel::DOMAIN,
512.mediafire.com,MegaUploadSites,0,3/19/2025,3/19/2025,,,,Intel::DOMAIN,
51vgsfrrw3jvcxkxr1rgbqn2of.mediafire.com,MegaUploadSites,0,3/19/2025,3/19/2025,,,,Intel::DOMAIN,
52.mediafire.com,MegaUploadSites,0,3/19/2025,3/19/2025,,,,Intel::DOMAIN,
520.mediafire.com,MegaUploadSites,0,3/19/2025,3/19/2025,,,,Intel::DOMAIN,
522.mediafire.com,MegaUploadSites,0,3/19/2025,3/19/2025,,,,Intel::DOMAIN,
524.mediafire.com,MegaUploadSites,0,3/19/2025,3/19/2025,,,,Intel::DOMAIN,
52jbyuaqhp4ykaub3tr0cjbvjh.mediafire.com,MegaUploadSites,0,3/19/2025,3/19/2025,,,,Intel::DOMAIN,
53.mediafire.com,MegaUploadSites,0,3/19/2025,3/19/2025,,,,Intel::DOMAIN,
531.mediafire.com,MegaUploadSites,0,3/19/2025,3/19/2025,,,,Intel::DOMAIN,
53onvdcqj5mhkavi5rqsv1bmoh.mediafire.com,MegaUploadSites,0,3/19/2025,3/19/2025,,,,Intel::DOMAIN,
54.mediafire.com,MegaUploadSites,0,3/19/2025,3/19/2025,,,,Intel::DOMAIN,
546.mediafire.com,MegaUploadSites,0,3/19/2025,3/19/2025,,,,Intel::DOMAIN,
547.mediafire.com,MegaUploadSites,0,3/19/2025,3/19/2025,,,,Intel::DOMAIN,
548.mediafire.com,MegaUploadSites,0,3/19/2025,3/19/2025,,,,Intel::DOMAIN,
54v0xsbrmufgesaujuss13tklf.mediafire.com,MegaUploadSites,0,3/19/2025,3/19/2025,,,,Intel::DOMAIN,
55.mediafire.com,MegaUploadSites,0,3/19/2025,3/19/2025,,,,Intel::DOMAIN,
551.mediafire.com,MegaUploadSites,0,3/19/2025,3/19/2025,,,,Intel::DOMAIN,
552.mediafire.com,MegaUploadSites,0,3/19/2025,3/19/2025,,,,Intel::DOMAIN,
553.mediafire.com,MegaUploadSites,0,3/19/2025,3/19/2025,,,,Intel::DOMAIN,
558.mediafire.com,MegaUploadSites,0,3/19/2025,3/19/2025,,,,Intel::DOMAIN,
56.mediafire.com,MegaUploadSites,0,3/19/2025,3/19/2025,,,,Intel::DOMAIN,
566.mediafire.com,MegaUploadSites,0,3/19/2025,3/19/2025,,,,Intel::DOMAIN,
56m.mediafire.com,MegaUploadSites,0,3/19/2025,3/19/2025,,,,Intel::DOMAIN,
573.mediafire.com,MegaUploadSites,0,3/19/2025,3/19/2025,,,,Intel::DOMAIN,
58.mediafire.com,MegaUploadSites,0,3/19/2025,3/19/2025,,,,Intel::DOMAIN,
592.mediafire.com,MegaUploadSites,0,3/19/2025,3/19/2025,,,,Intel::DOMAIN,
593.mediafire.com,MegaUploadSites,0,3/19/2025,3/19/2025,,,,Intel::DOMAIN,
5ad.mediafire.com,MegaUploadSites,0,3/19/2025,3/19/2025,,,,Intel::DOMAIN,
5d.mediafire.com,MegaUploadSites,0,3/19/2025,3/19/2025,,,,Intel::DOMAIN,
5dm3vfhswh42nldne5smt24qih.mediafire.com,MegaUploadSites,0,3/19/2025,3/19/2025,,,,Intel::DOMAIN,
5e.mediafire.com,MegaUploadSites,0,3/19/2025,3/19/2025,,,,Intel::DOMAIN,
5ed.mediafire.com,MegaUploadSites,0,3/19/2025,3/19/2025,,,,Intel::DOMAIN,
5fg.mediafire.com,MegaUploadSites,0,3/19/2025,3/19/2025,,,,Intel::DOMAIN,
5hekctfsk3cispp1gstqkmekpa.mediafire.com,MegaUploadSites,0,3/19/2025,3/19/2025,,,,Intel::DOMAIN,
5il.mediafire.com,MegaUploadSites,0,3/19/2025,3/19/2025,,,,Intel::DOMAIN,
5k.mediafire.com,MegaUploadSites,0,3/19/2025,3/19/2025,,,,Intel::DOMAIN,
5lw.mediafire.com,MegaUploadSites,0,3/19/2025,3/19/2025,,,,Intel::DOMAIN,
5n.mediafire.com,MegaUploadSites,0,3/19/2025,3/19/2025,,,,Intel::DOMAIN,
5o2vqk5qbvz5hz1m5nsypjcyeb.mediafire.com,MegaUploadSites,0,3/19/2025,3/19/2025,,,,Intel::DOMAIN,
5o45ukhxwqwcovvrbct4n0wnhf.mediafire.com,MegaUploadSites,0,3/19/2025,3/19/2025,,,,Intel::DOMAIN,
5q5ya34vixbtgsk4pcswji0vwe.mediafire.com,MegaUploadSites,0,3/19/2025,3/19/2025,,,,Intel::DOMAIN,
5t.mediafire.com,MegaUploadSites,0,3/19/2025,3/19/2025,,,,Intel::DOMAIN,
5tg1tgesjcvrsdbvsesyqodlyb.mediafire.com,MegaUploadSites,0,3/19/2025,3/19/2025,,,,Intel::DOMAIN,
5ut.mediafire.com,MegaUploadSites,0,3/19/2025,3/19/2025,,,,Intel::DOMAIN,
5v1.mediafire.com,MegaUploadSites,0,3/19/2025,3/19/2025,,,,Intel::DOMAIN,
5w.mediafire.com,MegaUploadSites,0,3/19/2025,3/19/2025,,,,Intel::DOMAIN,
5wn.mediafire.com,MegaUploadSites,0,3/19/2025,3/19/2025,,,,Intel::DOMAIN,
5www.mediafire.com,MegaUploadSites,0,3/19/2025,3/19/2025,,,,Intel::DOMAIN,
5ympchcrte5aget2otrwyxnlyb.mediafire.com,MegaUploadSites,0,3/19/2025,3/19/2025,,,,Intel::DOMAIN,
6.mediafire.com,MegaUploadSites,0,3/19/2025,3/19/2025,,,,Intel::DOMAIN,
60.mediafire.com,MegaUploadSites,0,3/19/2025,3/19/2025,,,,Intel::DOMAIN,
61.mediafire.com,MegaUploadSites,0,3/19/2025,3/19/2025,,,,Intel::DOMAIN,
611.mediafire.com,MegaUploadSites,0,3/19/2025,3/19/2025,,,,Intel::DOMAIN,
612.mediafire.com,MegaUploadSites,0,3/19/2025,3/19/2025,,,,Intel::DOMAIN,
61c.mediafire.com,MegaUploadSites,0,3/19/2025,3/19/2025,,,,Intel::DOMAIN,
62.mediafire.com,MegaUploadSites,0,3/19/2025,3/19/2025,,,,Intel::DOMAIN,
623.mediafire.com,MegaUploadSites,0,3/19/2025,3/19/2025,,,,Intel::DOMAIN,
630.mediafire.com,MegaUploadSites,0,3/19/2025,3/19/2025,,,,Intel::DOMAIN,
636.mediafire.com,MegaUploadSites,0,3/19/2025,3/19/2025,,,,Intel::DOMAIN,
64.mediafire.com,MegaUploadSites,0,3/19/2025,3/19/2025,,,,Intel::DOMAIN,
645.mediafire.com,MegaUploadSites,0,3/19/2025,3/19/2025,,,,Intel::DOMAIN,
646.mediafire.com,MegaUploadSites,0,3/19/2025,3/19/2025,,,,Intel::DOMAIN,
648.mediafire.com,MegaUploadSites,0,3/19/2025,3/19/2025,,,,Intel::DOMAIN,
649.mediafire.com,MegaUploadSites,0,3/19/2025,3/19/2025,,,,Intel::DOMAIN,
65.mediafire.com,MegaUploadSites,0,3/19/2025,3/19/2025,,,,Intel::DOMAIN,
650.mediafire.com,MegaUploadSites,0,3/19/2025,3/19/2025,,,,Intel::DOMAIN,
652.mediafire.com,MegaUploadSites,0,3/19/2025,3/19/2025,,,,Intel::DOMAIN,
653.mediafire.com,MegaUploadSites,0,3/19/2025,3/19/2025,,,,Intel::DOMAIN,
658.mediafire.com,MegaUploadSites,0,3/19/2025,3/19/2025,,,,Intel::DOMAIN,
66.mediafire.com,MegaUploadSites,0,3/19/2025,3/19/2025,,,,Intel::DOMAIN,
663.mediafire.com,MegaUploadSites,0,3/19/2025,3/19/2025,,,,Intel::DOMAIN,
666.mediafire.com,MegaUploadSites,0,3/19/2025,3/19/2025,,,,Intel::DOMAIN,
67.mediafire.com,MegaUploadSites,0,3/19/2025,3/19/2025,,,,Intel::DOMAIN,
670.mediafire.com,MegaUploadSites,0,3/19/2025,3/19/2025,,,,Intel::DOMAIN,
672.mediafire.com,MegaUploadSites,0,3/19/2025,3/19/2025,,,,Intel::DOMAIN,
676.mediafire.com,MegaUploadSites,0,3/19/2025,3/19/2025,,,,Intel::DOMAIN,
678.mediafire.com,MegaUploadSites,0,3/19/2025,3/19/2025,,,,Intel::DOMAIN,
679.mediafire.com,MegaUploadSites,0,3/19/2025,3/19/2025,,,,Intel::DOMAIN,
68.mediafire.com,MegaUploadSites,0,3/19/2025,3/19/2025,,,,Intel::DOMAIN,
680.mediafire.com,MegaUploadSites,0,3/19/2025,3/19/2025,,,,Intel::DOMAIN,
682.mediafire.com,MegaUploadSites,0,3/19/2025,3/19/2025,,,,Intel::DOMAIN,
688.mediafire.com,MegaUploadSites,0,3/19/2025,3/19/2025,,,,Intel::DOMAIN,
69.mediafire.com,MegaUploadSites,0,3/19/2025,3/19/2025,,,,Intel::DOMAIN,
693.mediafire.com,MegaUploadSites,0,3/19/2025,3/19/2025,,,,Intel::DOMAIN,
69690848sim.com.mediafire.com,MegaUploadSites,0,3/19/2025,3/19/2025,,,,Intel::DOMAIN,
6c.mediafire.com,MegaUploadSites,0,3/19/2025,3/19/2025,,,,Intel::DOMAIN,
6d.mediafire.com,MegaUploadSites,0,3/19/2025,3/19/2025,,,,Intel::DOMAIN,
6e.mediafire.com,MegaUploadSites,0,3/19/2025,3/19/2025,,,,Intel::DOMAIN,
6e1.mediafire.com,MegaUploadSites,0,3/19/2025,3/19/2025,,,,Intel::DOMAIN,
6ed.mediafire.com,MegaUploadSites,0,3/19/2025,3/19/2025,,,,Intel::DOMAIN,
6il.mediafire.com,MegaUploadSites,0,3/19/2025,3/19/2025,,,,Intel::DOMAIN,
6k.mediafire.com,MegaUploadSites,0,3/19/2025,3/19/2025,,,,Intel::DOMAIN,
6nk.mediafire.com,MegaUploadSites,0,3/19/2025,3/19/2025,,,,Intel::DOMAIN,
6re.mediafire.com,MegaUploadSites,0,3/19/2025,3/19/2025,,,,Intel::DOMAIN,
6rt.mediafire.com,MegaUploadSites,0,3/19/2025,3/19/2025,,,,Intel::DOMAIN,
6t.mediafire.com,MegaUploadSites,0,3/19/2025,3/19/2025,,,,Intel::DOMAIN,
6w.mediafire.com,MegaUploadSites,0,3/19/2025,3/19/2025,,,,Intel::DOMAIN,
6wn.mediafire.com,MegaUploadSites,0,3/19/2025,3/19/2025,,,,Intel::DOMAIN,
6ww.mediafire.com,MegaUploadSites,0,3/19/2025,3/19/2025,,,,Intel::DOMAIN,
6www.mediafire.com,MegaUploadSites,0,3/19/2025,3/19/2025,,,,Intel::DOMAIN,
7.mediafire.com,MegaUploadSites,0,3/19/2025,3/19/2025,,,,Intel::DOMAIN,
70.mediafire.com,MegaUploadSites,0,3/19/2025,3/19/2025,,,,Intel::DOMAIN,
700.mediafire.com,MegaUploadSites,0,3/19/2025,3/19/2025,,,,Intel::DOMAIN,
701.mediafire.com,MegaUploadSites,0,3/19/2025,3/19/2025,,,,Intel::DOMAIN,
702.mediafire.com,MegaUploadSites,0,3/19/2025,3/19/2025,,,,Intel::DOMAIN,
711.mediafire.com,MegaUploadSites,0,3/19/2025,3/19/2025,,,,Intel::DOMAIN,
718.mediafire.com,MegaUploadSites,0,3/19/2025,3/19/2025,,,,Intel::DOMAIN,
72.mediafire.com,MegaUploadSites,0,3/19/2025,3/19/2025,,,,Intel::DOMAIN,
724.mediafire.com,MegaUploadSites,0,3/19/2025,3/19/2025,,,,Intel::DOMAIN,
73.mediafire.com,MegaUploadSites,0,3/19/2025,3/19/2025,,,,Intel::DOMAIN,
734.mediafire.com,MegaUploadSites,0,3/19/2025,3/19/2025,,,,Intel::DOMAIN,
736.mediafire.com,MegaUploadSites,0,3/19/2025,3/19/2025,,,,Intel::DOMAIN,
74.mediafire.com,MegaUploadSites,0,3/19/2025,3/19/2025,,,,Intel::DOMAIN,
742.mediafire.com,MegaUploadSites,0,3/19/2025,3/19/2025,,,,Intel::DOMAIN,
746.mediafire.com,MegaUploadSites,0,3/19/2025,3/19/2025,,,,Intel::DOMAIN,
747.mediafire.com,MegaUploadSites,0,3/19/2025,3/19/2025,,,,Intel::DOMAIN,
748.mediafire.com,MegaUploadSites,0,3/19/2025,3/19/2025,,,,Intel::DOMAIN,
751.mediafire.com,MegaUploadSites,0,3/19/2025,3/19/2025,,,,Intel::DOMAIN,
752.mediafire.com,MegaUploadSites,0,3/19/2025,3/19/2025,,,,Intel::DOMAIN,
756.mediafire.com,MegaUploadSites,0,3/19/2025,3/19/2025,,,,Intel::DOMAIN,
759.mediafire.com,MegaUploadSites,0,3/19/2025,3/19/2025,,,,Intel::DOMAIN,
76.mediafire.com,MegaUploadSites,0,3/19/2025,3/19/2025,,,,Intel::DOMAIN,
762.mediafire.com,MegaUploadSites,0,3/19/2025,3/19/2025,,,,Intel::DOMAIN,
765.mediafire.com,MegaUploadSites,0,3/19/2025,3/19/2025,,,,Intel::DOMAIN,
776.mediafire.com,MegaUploadSites,0,3/19/2025,3/19/2025,,,,Intel::DOMAIN,
78.mediafire.com,MegaUploadSites,0,3/19/2025,3/19/2025,,,,Intel::DOMAIN,
792.mediafire.com,MegaUploadSites,0,3/19/2025,3/19/2025,,,,Intel::DOMAIN,
796.mediafire.com,MegaUploadSites,0,3/19/2025,3/19/2025,,,,Intel::DOMAIN,
798.mediafire.com,MegaUploadSites,0,3/19/2025,3/19/2025,,,,Intel::DOMAIN,
7ad.mediafire.com,MegaUploadSites,0,3/19/2025,3/19/2025,,,,Intel::DOMAIN,
7e1.mediafire.com,MegaUploadSites,0,3/19/2025,3/19/2025,,,,Intel::DOMAIN,
7l.mediafire.com,MegaUploadSites,0,3/19/2025,3/19/2025,,,,Intel::DOMAIN,
7m.mediafire.com,MegaUploadSites,0,3/19/2025,3/19/2025,,,,Intel::DOMAIN,
7re.mediafire.com,MegaUploadSites,0,3/19/2025,3/19/2025,,,,Intel::DOMAIN,
7se.mediafire.com,MegaUploadSites,0,3/19/2025,3/19/2025,,,,Intel::DOMAIN,
7t.mediafire.com,MegaUploadSites,0,3/19/2025,3/19/2025,,,,Intel::DOMAIN,
7v.mediafire.com,MegaUploadSites,0,3/19/2025,3/19/2025,,,,Intel::DOMAIN,
7v1.mediafire.com,MegaUploadSites,0,3/19/2025,3/19/2025,,,,Intel::DOMAIN,
7vu.mediafire.com,MegaUploadSites,0,3/19/2025,3/19/2025,,,,Intel::DOMAIN,
8.mediafire.com,MegaUploadSites,0,3/19/2025,3/19/2025,,,,Intel::DOMAIN,
8.ww.mediafire.com,MegaUploadSites,0,3/19/2025,3/19/2025,,,,Intel::DOMAIN,
80.mediafire.com,MegaUploadSites,0,3/19/2025,3/19/2025,,,,Intel::DOMAIN,
802.mediafire.com,MegaUploadSites,0,3/19/2025,3/19/2025,,,,Intel::DOMAIN,
808.mediafire.com,MegaUploadSites,0,3/19/2025,3/19/2025,,,,Intel::DOMAIN,
80t.mediafire.com,MegaUploadSites,0,3/19/2025,3/19/2025,,,,Intel::DOMAIN,
81.mediafire.com,MegaUploadSites,0,3/19/2025,3/19/2025,,,,Intel::DOMAIN,
810.mediafire.com,MegaUploadSites,0,3/19/2025,3/19/2025,,,,Intel::DOMAIN,
815.mediafire.com,MegaUploadSites,0,3/19/2025,3/19/2025,,,,Intel::DOMAIN,
82.mediafire.com,MegaUploadSites,0,3/19/2025,3/19/2025,,,,Intel::DOMAIN,
820.mediafire.com,MegaUploadSites,0,3/19/2025,3/19/2025,,,,Intel::DOMAIN,
822.mediafire.com,MegaUploadSites,0,3/19/2025,3/19/2025,,,,Intel::DOMAIN,
823.mediafire.com,MegaUploadSites,0,3/19/2025,3/19/2025,,,,Intel::DOMAIN,
824.mediafire.com,MegaUploadSites,0,3/19/2025,3/19/2025,,,,Intel::DOMAIN,
825.mediafire.com,MegaUploadSites,0,3/19/2025,3/19/2025,,,,Intel::DOMAIN,
827.mediafire.com,MegaUploadSites,0,3/19/2025,3/19/2025,,,,Intel::DOMAIN,
83.mediafire.com,MegaUploadSites,0,3/19/2025,3/19/2025,,,,Intel::DOMAIN,
831.mediafire.com,MegaUploadSites,0,3/19/2025,3/19/2025,,,,Intel::DOMAIN,
834.mediafire.com,MegaUploadSites,0,3/19/2025,3/19/2025,,,,Intel::DOMAIN,
835.mediafire.com,MegaUploadSites,0,3/19/2025,3/19/2025,,,,Intel::DOMAIN,
836.mediafire.com,MegaUploadSites,0,3/19/2025,3/19/2025,,,,Intel::DOMAIN,
843.mediafire.com,MegaUploadSites,0,3/19/2025,3/19/2025,,,,Intel::DOMAIN,
844.mediafire.com,MegaUploadSites,0,3/19/2025,3/19/2025,,,,Intel::DOMAIN,
845.mediafire.com,MegaUploadSites,0,3/19/2025,3/19/2025,,,,Intel::DOMAIN,
848.mediafire.com,MegaUploadSites,0,3/19/2025,3/19/2025,,,,Intel::DOMAIN,
851.mediafire.com,MegaUploadSites,0,3/19/2025,3/19/2025,,,,Intel::DOMAIN,
852.mediafire.com,MegaUploadSites,0,3/19/2025,3/19/2025,,,,Intel::DOMAIN,
853.mediafire.com,MegaUploadSites,0,3/19/2025,3/19/2025,,,,Intel::DOMAIN,
856.mediafire.com,MegaUploadSites,0,3/19/2025,3/19/2025,,,,Intel::DOMAIN,
857.mediafire.com,MegaUploadSites,0,3/19/2025,3/19/2025,,,,Intel::DOMAIN,
859.mediafire.com,MegaUploadSites,0,3/19/2025,3/19/2025,,,,Intel::DOMAIN,
86.mediafire.com,MegaUploadSites,0,3/19/2025,3/19/2025,,,,Intel::DOMAIN,
862.mediafire.com,MegaUploadSites,0,3/19/2025,3/19/2025,,,,Intel::DOMAIN,
869.mediafire.com,MegaUploadSites,0,3/19/2025,3/19/2025,,,,Intel::DOMAIN,
873.mediafire.com,MegaUploadSites,0,3/19/2025,3/19/2025,,,,Intel::DOMAIN,
876.mediafire.com,MegaUploadSites,0,3/19/2025,3/19/2025,,,,Intel::DOMAIN,
879.mediafire.com,MegaUploadSites,0,3/19/2025,3/19/2025,,,,Intel::DOMAIN,
8798888.net.cn.mediafire.com,MegaUploadSites,0,3/19/2025,3/19/2025,,,,Intel::DOMAIN,
88.mediafire.com,MegaUploadSites,0,3/19/2025,3/19/2025,,,,Intel::DOMAIN,
882.mediafire.com,MegaUploadSites,0,3/19/2025,3/19/2025,,,,Intel::DOMAIN,
884.mediafire.com,MegaUploadSites,0,3/19/2025,3/19/2025,,,,Intel::DOMAIN,
886.mediafire.com,MegaUploadSites,0,3/19/2025,3/19/2025,,,,Intel::DOMAIN,
898.mediafire.com,MegaUploadSites,0,3/19/2025,3/19/2025,,,,Intel::DOMAIN,
899.mediafire.com,MegaUploadSites,0,3/19/2025,3/19/2025,,,,Intel::DOMAIN,
8g.mediafire.com,MegaUploadSites,0,3/19/2025,3/19/2025,,,,Intel::DOMAIN,
8ic.mediafire.com,MegaUploadSites,0,3/19/2025,3/19/2025,,,,Intel::DOMAIN,
8k.mediafire.com,MegaUploadSites,0,3/19/2025,3/19/2025,,,,Intel::DOMAIN,
8k0.mediafire.com,MegaUploadSites,0,3/19/2025,3/19/2025,,,,Intel::DOMAIN,
8nk.mediafire.com,MegaUploadSites,0,3/19/2025,3/19/2025,,,,Intel::DOMAIN,
8r5.mediafire.com,MegaUploadSites,0,3/19/2025,3/19/2025,,,,Intel::DOMAIN,
8rt.mediafire.com,MegaUploadSites,0,3/19/2025,3/19/2025,,,,Intel::DOMAIN,
8se.mediafire.com,MegaUploadSites,0,3/19/2025,3/19/2025,,,,Intel::DOMAIN,
8ut.mediafire.com,MegaUploadSites,0,3/19/2025,3/19/2025,,,,Intel::DOMAIN,
8v.mediafire.com,MegaUploadSites,0,3/19/2025,3/19/2025,,,,Intel::DOMAIN,
8v8.mediafire.com,MegaUploadSites,0,3/19/2025,3/19/2025,,,,Intel::DOMAIN,
8w.mediafire.com,MegaUploadSites,0,3/19/2025,3/19/2025,,,,Intel::DOMAIN,
8w4.mediafire.com,MegaUploadSites,0,3/19/2025,3/19/2025,,,,Intel::DOMAIN,
8wn.mediafire.com,MegaUploadSites,0,3/19/2025,3/19/2025,,,,Intel::DOMAIN,
8ww.mediafire.com,MegaUploadSites,0,3/19/2025,3/19/2025,,,,Intel::DOMAIN,
9.mediafire.com,MegaUploadSites,0,3/19/2025,3/19/2025,,,,Intel::DOMAIN,
90.mediafire.com,MegaUploadSites,0,3/19/2025,3/19/2025,,,,Intel::DOMAIN,
901.mediafire.com,MegaUploadSites,0,3/19/2025,3/19/2025,,,,Intel::DOMAIN,
902.mediafire.com,MegaUploadSites,0,3/19/2025,3/19/2025,,,,Intel::DOMAIN,
907.mediafire.com,MegaUploadSites,0,3/19/2025,3/19/2025,,,,Intel::DOMAIN,
908.mediafire.com,MegaUploadSites,0,3/19/2025,3/19/2025,,,,Intel::DOMAIN,
91.mediafire.com,MegaUploadSites,0,3/19/2025,3/19/2025,,,,Intel::DOMAIN,
910.mediafire.com,MegaUploadSites,0,3/19/2025,3/19/2025,,,,Intel::DOMAIN,
912.mediafire.com,MegaUploadSites,0,3/19/2025,3/19/2025,,,,Intel::DOMAIN,
920.mediafire.com,MegaUploadSites,0,3/19/2025,3/19/2025,,,,Intel::DOMAIN,
921.mediafire.com,MegaUploadSites,0,3/19/2025,3/19/2025,,,,Intel::DOMAIN,
922.mediafire.com,MegaUploadSites,0,3/19/2025,3/19/2025,,,,Intel::DOMAIN,
924.mediafire.com,MegaUploadSites,0,3/19/2025,3/19/2025,,,,Intel::DOMAIN,
93.mediafire.com,MegaUploadSites,0,3/19/2025,3/19/2025,,,,Intel::DOMAIN,
931.mediafire.com,MegaUploadSites,0,3/19/2025,3/19/2025,,,,Intel::DOMAIN,
935.mediafire.com,MegaUploadSites,0,3/19/2025,3/19/2025,,,,Intel::DOMAIN,
939.mediafire.com,MegaUploadSites,0,3/19/2025,3/19/2025,,,,Intel::DOMAIN,
940.mediafire.com,MegaUploadSites,0,3/19/2025,3/19/2025,,,,Intel::DOMAIN,
942.mediafire.com,MegaUploadSites,0,3/19/2025,3/19/2025,,,,Intel::DOMAIN,
945.mediafire.com,MegaUploadSites,0,3/19/2025,3/19/2025,,,,Intel::DOMAIN,
95.mediafire.com,MegaUploadSites,0,3/19/2025,3/19/2025,,,,Intel::DOMAIN,
950.mediafire.com,MegaUploadSites,0,3/19/2025,3/19/2025,,,,Intel::DOMAIN,
950www.mediafire.com,MegaUploadSites,0,3/19/2025,3/19/2025,,,,Intel::DOMAIN,
952.mediafire.com,MegaUploadSites,0,3/19/2025,3/19/2025,,,,Intel::DOMAIN,
955.mediafire.com,MegaUploadSites,0,3/19/2025,3/19/2025,,,,Intel::DOMAIN,
956.mediafire.com,MegaUploadSites,0,3/19/2025,3/19/2025,,,,Intel::DOMAIN,
966.mediafire.com,MegaUploadSites,0,3/19/2025,3/19/2025,,,,Intel::DOMAIN,
967.mediafire.com,MegaUploadSites,0,3/19/2025,3/19/2025,,,,Intel::DOMAIN,
972.mediafire.com,MegaUploadSites,0,3/19/2025,3/19/2025,,,,Intel::DOMAIN,
979.mediafire.com,MegaUploadSites,0,3/19/2025,3/19/2025,,,,Intel::DOMAIN,
981.mediafire.com,MegaUploadSites,0,3/19/2025,3/19/2025,,,,Intel::DOMAIN,
982.mediafire.com,MegaUploadSites,0,3/19/2025,3/19/2025,,,,Intel::DOMAIN,
983.mediafire.com,MegaUploadSites,0,3/19/2025,3/19/2025,,,,Intel::DOMAIN,
987.mediafire.com,MegaUploadSites,0,3/19/2025,3/19/2025,,,,Intel::DOMAIN,
99.mediafire.com,MegaUploadSites,0,3/19/2025,3/19/2025,,,,Intel::DOMAIN,
990.mediafire.com,MegaUploadSites,0,3/19/2025,3/19/2025,,,,Intel::DOMAIN,
9ad.mediafire.com,MegaUploadSites,0,3/19/2025,3/19/2025,,,,Intel::DOMAIN,
9bwww.mediafire.com,MegaUploadSites,0,3/19/2025,3/19/2025,,,,Intel::DOMAIN,
9bya.comwww.mediafire.com,MegaUploadSites,0,3/19/2025,3/19/2025,,,,Intel::DOMAIN,
9bya.cowww.mediafire.com,MegaUploadSites,0,3/19/2025,3/19/2025,,,,Intel::DOMAIN,
9bya.cwww.mediafire.com,MegaUploadSites,0,3/19/2025,3/19/2025,,,,Intel::DOMAIN,
9bya.www.mediafire.com,MegaUploadSites,0,3/19/2025,3/19/2025,,,,Intel::DOMAIN,
9bywww.mediafire.com,MegaUploadSites,0,3/19/2025,3/19/2025,,,,Intel::DOMAIN,
9d.mediafire.com,MegaUploadSites,0,3/19/2025,3/19/2025,,,,Intel::DOMAIN,
9e.mediafire.com,MegaUploadSites,0,3/19/2025,3/19/2025,,,,Intel::DOMAIN,
9nk.mediafire.com,MegaUploadSites,0,3/19/2025,3/19/2025,,,,Intel::DOMAIN,
9pu.mediafire.com,MegaUploadSites,0,3/19/2025,3/19/2025,,,,Intel::DOMAIN,
9s.mediafire.com,MegaUploadSites,0,3/19/2025,3/19/2025,,,,Intel::DOMAIN,
9ut.mediafire.com,MegaUploadSites,0,3/19/2025,3/19/2025,,,,Intel::DOMAIN,
9v1.mediafire.com,MegaUploadSites,0,3/19/2025,3/19/2025,,,,Intel::DOMAIN,
9www.mediafire.com,MegaUploadSites,0,3/19/2025,3/19/2025,,,,Intel::DOMAIN,
a.mediafire.com,MegaUploadSites,0,3/19/2025,3/19/2025,,,,Intel::DOMAIN,
a0.mediafire.com,MegaUploadSites,0,3/19/2025,3/19/2025,,,,Intel::DOMAIN,
a00.mediafire.com,MegaUploadSites,0,3/19/2025,3/19/2025,,,,Intel::DOMAIN,
a01.mediafire.com,MegaUploadSites,0,3/19/2025,3/19/2025,,,,Intel::DOMAIN,
a02.mediafire.com,MegaUploadSites,0,3/19/2025,3/19/2025,,,,Intel::DOMAIN,
a06.mediafire.com,MegaUploadSites,0,3/19/2025,3/19/2025,,,,Intel::DOMAIN,
a08.mediafire.com,MegaUploadSites,0,3/19/2025,3/19/2025,,,,Intel::DOMAIN,
a1.mediafire.com,MegaUploadSites,0,3/19/2025,3/19/2025,,,,Intel::DOMAIN,
a10.mediafire.com,MegaUploadSites,0,3/19/2025,3/19/2025,,,,Intel::DOMAIN,
a15.mediafire.com,MegaUploadSites,0,3/19/2025,3/19/2025,,,,Intel::DOMAIN,
a2.mediafire.com,MegaUploadSites,0,3/19/2025,3/19/2025,,,,Intel::DOMAIN,
a20.mediafire.com,MegaUploadSites,0,3/19/2025,3/19/2025,,,,Intel::DOMAIN,
a25.mediafire.com,MegaUploadSites,0,3/19/2025,3/19/2025,,,,Intel::DOMAIN,
a28.mediafire.com,MegaUploadSites,0,3/19/2025,3/19/2025,,,,Intel::DOMAIN,
a2w2ypixfwn5lnxwowt2ox2spg.mediafire.com,MegaUploadSites,0,3/19/2025,3/19/2025,,,,Intel::DOMAIN,
a2xkdj1s0zhfj3ubwfseespgha.mediafire.com,MegaUploadSites,0,3/19/2025,3/19/2025,,,,Intel::DOMAIN,
a2xs5arspgtaro3zhztoshw1ee.mediafire.com,MegaUploadSites,0,3/19/2025,3/19/2025,,,,Intel::DOMAIN,
a35.mediafire.com,MegaUploadSites,0,3/19/2025,3/19/2025,,,,Intel::DOMAIN,
a4.mediafire.com,MegaUploadSites,0,3/19/2025,3/19/2025,,,,Intel::DOMAIN,
a40.mediafire.com,MegaUploadSites,0,3/19/2025,3/19/2025,,,,Intel::DOMAIN,
a41.mediafire.com,MegaUploadSites,0,3/19/2025,3/19/2025,,,,Intel::DOMAIN,
a46.mediafire.com,MegaUploadSites,0,3/19/2025,3/19/2025,,,,Intel::DOMAIN,
a48.mediafire.com,MegaUploadSites,0,3/19/2025,3/19/2025,,,,Intel::DOMAIN,
a5.mediafire.com,MegaUploadSites,0,3/19/2025,3/19/2025,,,,Intel::DOMAIN,
a52.mediafire.com,MegaUploadSites,0,3/19/2025,3/19/2025,,,,Intel::DOMAIN,
a53.mediafire.com,MegaUploadSites,0,3/19/2025,3/19/2025,,,,Intel::DOMAIN,
a56.mediafire.com,MegaUploadSites,0,3/19/2025,3/19/2025,,,,Intel::DOMAIN,
a57.mediafire.com,MegaUploadSites,0,3/19/2025,3/19/2025,,,,Intel::DOMAIN,
a58.mediafire.com,MegaUploadSites,0,3/19/2025,3/19/2025,,,,Intel::DOMAIN,
a69.mediafire.com,MegaUploadSites,0,3/19/2025,3/19/2025,,,,Intel::DOMAIN,
a7.mediafire.com,MegaUploadSites,0,3/19/2025,3/19/2025,,,,Intel::DOMAIN,
a70.mediafire.com,MegaUploadSites,0,3/19/2025,3/19/2025,,,,Intel::DOMAIN,
a72.mediafire.com,MegaUploadSites,0,3/19/2025,3/19/2025,,,,Intel::DOMAIN,
a78.mediafire.com,MegaUploadSites,0,3/19/2025,3/19/2025,,,,Intel::DOMAIN,
a79.mediafire.com,MegaUploadSites,0,3/19/2025,3/19/2025,,,,Intel::DOMAIN,
a82.mediafire.com,MegaUploadSites,0,3/19/2025,3/19/2025,,,,Intel::DOMAIN,
a85.mediafire.com,MegaUploadSites,0,3/19/2025,3/19/2025,,,,Intel::DOMAIN,
a86.mediafire.com,MegaUploadSites,0,3/19/2025,3/19/2025,,,,Intel::DOMAIN,
a9.mediafire.com,MegaUploadSites,0,3/19/2025,3/19/2025,,,,Intel::DOMAIN,
a98.mediafire.com,MegaUploadSites,0,3/19/2025,3/19/2025,,,,Intel::DOMAIN,
a9s.mediafire.com,MegaUploadSites,0,3/19/2025,3/19/2025,,,,Intel::DOMAIN,
aaa.mediafire.com,MegaUploadSites,0,3/19/2025,3/19/2025,,,,Intel::DOMAIN,
aadmvnixheca1ejgigscjihajd.mediafire.com,MegaUploadSites,0,3/19/2025,3/19/2025,,,,Intel::DOMAIN,
aaw.mediafire.com,MegaUploadSites,0,3/19/2025,3/19/2025,,,,Intel::DOMAIN,
ab.mediafire.com,MegaUploadSites,0,3/19/2025,3/19/2025,,,,Intel::DOMAIN,
abc.mediafire.com,MegaUploadSites,0,3/19/2025,3/19/2025,,,,Intel::DOMAIN,
acco.mediafire.com,MegaUploadSites,0,3/19/2025,3/19/2025,,,,Intel::DOMAIN,
ad.mediafire.com,MegaUploadSites,0,3/19/2025,3/19/2025,,,,Intel::DOMAIN,
ad27.mediafire.com,MegaUploadSites,0,3/19/2025,3/19/2025,,,,Intel::DOMAIN,
add.mediafire.com,MegaUploadSites,0,3/19/2025,3/19/2025,,,,Intel::DOMAIN,
addwww.mediafire.com,MegaUploadSites,0,3/19/2025,3/19/2025,,,,Intel::DOMAIN,
adf.lwww.mediafire.com,MegaUploadSites,0,3/19/2025,3/19/2025,,,,Intel::DOMAIN,
adf.lywww.mediafire.com,MegaUploadSites,0,3/19/2025,3/19/2025,,,,Intel::DOMAIN,
adf.mediafire.com,MegaUploadSites,0,3/19/2025,3/19/2025,,,,Intel::DOMAIN,
adf.www.mediafire.com,MegaUploadSites,0,3/19/2025,3/19/2025,,,,Intel::DOMAIN,
adfwww.mediafire.com,MegaUploadSites,0,3/19/2025,3/19/2025,,,,Intel::DOMAIN,
ads.mediafire.com,MegaUploadSites,0,3/19/2025,3/19/2025,,,,Intel::DOMAIN,
adunfg2rionr4s3ah3scjhlwqg.mediafire.com,MegaUploadSites,0,3/19/2025,3/19/2025,,,,Intel::DOMAIN,
adwww.mediafire.com,MegaUploadSites,0,3/19/2025,3/19/2025,,,,Intel::DOMAIN,
ae.mediafire.com,MegaUploadSites,0,3/19/2025,3/19/2025,,,,Intel::DOMAIN,
aed.mediafire.com,MegaUploadSites,0,3/19/2025,3/19/2025,,,,Intel::DOMAIN,
af.mediafire.com,MegaUploadSites,0,3/19/2025,3/19/2025,,,,Intel::DOMAIN,
af2ybtht54glbq2gpps04pchfg.mediafire.com,MegaUploadSites,0,3/19/2025,3/19/2025,,,,Intel::DOMAIN,
afd.mediafire.com,MegaUploadSites,0,3/19/2025,3/19/2025,,,,Intel::DOMAIN,
afuera.mediafire.com,MegaUploadSites,0,3/19/2025,3/19/2025,,,,Intel::DOMAIN,
ak.mediafire.com,MegaUploadSites,0,3/19/2025,3/19/2025,,,,Intel::DOMAIN,
akvndahshdmshewk3rr2rj1cqd.mediafire.com,MegaUploadSites,0,3/19/2025,3/19/2025,,,,Intel::DOMAIN,
al.mediafire.com,MegaUploadSites,0,3/19/2025,3/19/2025,,,,Intel::DOMAIN,
alfeker.mediafire.com,MegaUploadSites,0,3/19/2025,3/19/2025,,,,Intel::DOMAIN,
alfeker.mx1.mediafire.com,MegaUploadSites,0,3/19/2025,3/19/2025,,,,Intel::DOMAIN,
alvjwolxao2qu0xza0qmveqyhb.mediafire.com,MegaUploadSites,0,3/19/2025,3/19/2025,,,,Intel::DOMAIN,
amp.mediafire.com,MegaUploadSites,0,3/19/2025,3/19/2025,,,,Intel::DOMAIN,
an.mediafire.com,MegaUploadSites,0,3/19/2025,3/19/2025,,,,Intel::DOMAIN,
an1.mediafire.com,MegaUploadSites,0,3/19/2025,3/19/2025,,,,Intel::DOMAIN,
analytics.mediafire.com,MegaUploadSites,0,3/19/2025,3/19/2025,,,,Intel::DOMAIN,
ang.mediafire.com,MegaUploadSites,0,3/19/2025,3/19/2025,,,,Intel::DOMAIN,
anh.mediafire.com,MegaUploadSites,0,3/19/2025,3/19/2025,,,,Intel::DOMAIN,
ank.mediafire.com,MegaUploadSites,0,3/19/2025,3/19/2025,,,,Intel::DOMAIN,
anonym.to.mediafire.com,MegaUploadSites,0,3/19/2025,3/19/2025,,,,Intel::DOMAIN,
aohdev1u1axadi3tqrrot4m4ze.mediafire.com,MegaUploadSites,0,3/19/2025,3/19/2025,,,,Intel::DOMAIN,
aolwingve4i4atplzfr2rspged.mediafire.com,MegaUploadSites,0,3/19/2025,3/19/2025,,,,Intel::DOMAIN,
api.mediafire.com,MegaUploadSites,0,3/19/2025,3/19/2025,,,,Intel::DOMAIN,
apj.mediafire.com,MegaUploadSites,0,3/19/2025,3/19/2025,,,,Intel::DOMAIN,
app.mediafire.com,MegaUploadSites,0,3/19/2025,3/19/2025,,,,Intel::DOMAIN,
app.new.mediafire.com,MegaUploadSites,0,3/19/2025,3/19/2025,,,,Intel::DOMAIN,
apt.mediafire.com,MegaUploadSites,0,3/19/2025,3/19/2025,,,,Intel::DOMAIN,
aq.mediafire.com,MegaUploadSites,0,3/19/2025,3/19/2025,,,,Intel::DOMAIN,
ar.mediafire.com,MegaUploadSites,0,3/19/2025,3/19/2025,,,,Intel::DOMAIN,
are.mediafire.com,MegaUploadSites,0,3/19/2025,3/19/2025,,,,Intel::DOMAIN,
arg.mediafire.com,MegaUploadSites,0,3/19/2025,3/19/2025,,,,Intel::DOMAIN,
ari.mediafire.com,MegaUploadSites,0,3/19/2025,3/19/2025,,,,Intel::DOMAIN,
as.mediafire.com,MegaUploadSites,0,3/19/2025,3/19/2025,,,,Intel::DOMAIN,
ase.mediafire.com,MegaUploadSites,0,3/19/2025,3/19/2025,,,,Intel::DOMAIN,
asw.mediafire.com,MegaUploadSites,0,3/19/2025,3/19/2025,,,,Intel::DOMAIN,
at.mediafire.com,MegaUploadSites,0,3/19/2025,3/19/2025,,,,Intel::DOMAIN,
ato.mediafire.com,MegaUploadSites,0,3/19/2025,3/19/2025,,,,Intel::DOMAIN,
au.mediafire.com,MegaUploadSites,0,3/19/2025,3/19/2025,,,,Intel::DOMAIN,
audiblescene.comwww.mx.mediafire.com,MegaUploadSites,0,3/19/2025,3/19/2025,,,,Intel::DOMAIN,
av.mediafire.com,MegaUploadSites,0,3/19/2025,3/19/2025,,,,Intel::DOMAIN,
avv.mediafire.com,MegaUploadSites,0,3/19/2025,3/19/2025,,,,Intel::DOMAIN,
aw.mediafire.com,MegaUploadSites,0,3/19/2025,3/19/2025,,,,Intel::DOMAIN,
aws.mediafire.com,MegaUploadSites,0,3/19/2025,3/19/2025,,,,Intel::DOMAIN,
aww.mediafire.com,MegaUploadSites,0,3/19/2025,3/19/2025,,,,Intel::DOMAIN,
awww.mediafire.com,MegaUploadSites,0,3/19/2025,3/19/2025,,,,Intel::DOMAIN,
axedms.mediafire.com,MegaUploadSites,0,3/19/2025,3/19/2025,,,,Intel::DOMAIN,
az.mediafire.com,MegaUploadSites,0,3/19/2025,3/19/2025,,,,Intel::DOMAIN,
azartheprophet.mediafire.com,MegaUploadSites,0,3/19/2025,3/19/2025,,,,Intel::DOMAIN,
azo.mediafire.com,MegaUploadSites,0,3/19/2025,3/19/2025,,,,Intel::DOMAIN,
azofreeware.mx2.mediafire.com,MegaUploadSites,0,3/19/2025,3/19/2025,,,,Intel::DOMAIN,
b.mediafire.com,MegaUploadSites,0,3/19/2025,3/19/2025,,,,Intel::DOMAIN,
b0.mediafire.com,MegaUploadSites,0,3/19/2025,3/19/2025,,,,Intel::DOMAIN,
b00.mediafire.com,MegaUploadSites,0,3/19/2025,3/19/2025,,,,Intel::DOMAIN,
b01.mediafire.com,MegaUploadSites,0,3/19/2025,3/19/2025,,,,Intel::DOMAIN,
b05.mediafire.com,MegaUploadSites,0,3/19/2025,3/19/2025,,,,Intel::DOMAIN,
b11.mediafire.com,MegaUploadSites,0,3/19/2025,3/19/2025,,,,Intel::DOMAIN,
b12.mediafire.com,MegaUploadSites,0,3/19/2025,3/19/2025,,,,Intel::DOMAIN,
b15.mediafire.com,MegaUploadSites,0,3/19/2025,3/19/2025,,,,Intel::DOMAIN,
b2.mediafire.com,MegaUploadSites,0,3/19/2025,3/19/2025,,,,Intel::DOMAIN,
b20.mediafire.com,MegaUploadSites,0,3/19/2025,3/19/2025,,,,Intel::DOMAIN,
b34.mediafire.com,MegaUploadSites,0,3/19/2025,3/19/2025,,,,Intel::DOMAIN,
b38.mediafire.com,MegaUploadSites,0,3/19/2025,3/19/2025,,,,Intel::DOMAIN,
b41.mediafire.com,MegaUploadSites,0,3/19/2025,3/19/2025,,,,Intel::DOMAIN,
b43.mediafire.com,MegaUploadSites,0,3/19/2025,3/19/2025,,,,Intel::DOMAIN,
b45.mediafire.com,MegaUploadSites,0,3/19/2025,3/19/2025,,,,Intel::DOMAIN,
b46.mediafire.com,MegaUploadSites,0,3/19/2025,3/19/2025,,,,Intel::DOMAIN,
b47.mediafire.com,MegaUploadSites,0,3/19/2025,3/19/2025,,,,Intel::DOMAIN,
b4ow4citknvzc3j1qgqsi5vdzg.mediafire.com,MegaUploadSites,0,3/19/2025,3/19/2025,,,,Intel::DOMAIN,
b50.mediafire.com,MegaUploadSites,0,3/19/2025,3/19/2025,,,,Intel::DOMAIN,
b514k4nxj3sdnuskdescjwpyzb.mediafire.com,MegaUploadSites,0,3/19/2025,3/19/2025,,,,Intel::DOMAIN,
b52.mediafire.com,MegaUploadSites,0,3/19/2025,3/19/2025,,,,Intel::DOMAIN,
b53.mediafire.com,MegaUploadSites,0,3/19/2025,3/19/2025,,,,Intel::DOMAIN,
b54ibjww4o3rio134mqc32ujte.mediafire.com,MegaUploadSites,0,3/19/2025,3/19/2025,,,,Intel::DOMAIN,
b56.mediafire.com,MegaUploadSites,0,3/19/2025,3/19/2025,,,,Intel::DOMAIN,
b57.mediafire.com,MegaUploadSites,0,3/19/2025,3/19/2025,,,,Intel::DOMAIN,
b59.mediafire.com,MegaUploadSites,0,3/19/2025,3/19/2025,,,,Intel::DOMAIN,
b5vpn3mw54nb3lxldqssglvm2d.mx1.mediafire.com,MegaUploadSites,0,3/19/2025,3/19/2025,,,,Intel::DOMAIN,
b62.mediafire.com,MegaUploadSites,0,3/19/2025,3/19/2025,,,,Intel::DOMAIN,
b63.mediafire.com,MegaUploadSites,0,3/19/2025,3/19/2025,,,,Intel::DOMAIN,
b70.mediafire.com,MegaUploadSites,0,3/19/2025,3/19/2025,,,,Intel::DOMAIN,
b76.mediafire.com,MegaUploadSites,0,3/19/2025,3/19/2025,,,,Intel::DOMAIN,
b78.mediafire.com,MegaUploadSites,0,3/19/2025,3/19/2025,,,,Intel::DOMAIN,
b7rq0o.mx7.mediafire.com,MegaUploadSites,0,3/19/2025,3/19/2025,,,,Intel::DOMAIN,
b81.mediafire.com,MegaUploadSites,0,3/19/2025,3/19/2025,,,,Intel::DOMAIN,
b82.mediafire.com,MegaUploadSites,0,3/19/2025,3/19/2025,,,,Intel::DOMAIN,
b86.mediafire.com,MegaUploadSites,0,3/19/2025,3/19/2025,,,,Intel::DOMAIN,
b90.mediafire.com,MegaUploadSites,0,3/19/2025,3/19/2025,,,,Intel::DOMAIN,
b99.mediafire.com,MegaUploadSites,0,3/19/2025,3/19/2025,,,,Intel::DOMAIN,
ba.mediafire.com,MegaUploadSites,0,3/19/2025,3/19/2025,,,,Intel::DOMAIN,
ba9.mediafire.com,MegaUploadSites,0,3/19/2025,3/19/2025,,,,Intel::DOMAIN,
bad.mediafire.com,MegaUploadSites,0,3/19/2025,3/19/2025,,,,Intel::DOMAIN,
bas.mediafire.com,MegaUploadSites,0,3/19/2025,3/19/2025,,,,Intel::DOMAIN,
bass.mediafire.com,MegaUploadSites,0,3/19/2025,3/19/2025,,,,Intel::DOMAIN,
bassn.mediafire.com,MegaUploadSites,0,3/19/2025,3/19/2025,,,,Intel::DOMAIN,
bassne.mediafire.com,MegaUploadSites,0,3/19/2025,3/19/2025,,,,Intel::DOMAIN,
bbs.ess.mediafire.com,MegaUploadSites,0,3/19/2025,3/19/2025,,,,Intel::DOMAIN,
bbs.mediafire.com,MegaUploadSites,0,3/19/2025,3/19/2025,,,,Intel::DOMAIN,
bbs.wp.mediafire.com,MegaUploadSites,0,3/19/2025,3/19/2025,,,,Intel::DOMAIN,
bc.vcwww.mediafire.com,MegaUploadSites,0,3/19/2025,3/19/2025,,,,Intel::DOMAIN,
bc.vwww.mediafire.com,MegaUploadSites,0,3/19/2025,3/19/2025,,,,Intel::DOMAIN,
bc.www.mediafire.com,MegaUploadSites,0,3/19/2025,3/19/2025,,,,Intel::DOMAIN,
bcwww.mediafire.com,MegaUploadSites,0,3/19/2025,3/19/2025,,,,Intel::DOMAIN,
bd.mediafire.com,MegaUploadSites,0,3/19/2025,3/19/2025,,,,Intel::DOMAIN,
bdewmqwu5qscjbyqy2rux0zync.mediafire.com,MegaUploadSites,0,3/19/2025,3/19/2025,,,,Intel::DOMAIN,
be.mediafire.com,MegaUploadSites,0,3/19/2025,3/19/2025,,,,Intel::DOMAIN,
beawww.mediafire.com,MegaUploadSites,0,3/19/2025,3/19/2025,,,,Intel::DOMAIN,
bed.mediafire.com,MegaUploadSites,0,3/19/2025,3/19/2025,,,,Intel::DOMAIN,
beta.mx7.mediafire.com,MegaUploadSites,0,3/19/2025,3/19/2025,,,,Intel::DOMAIN,
bfuhsgax3gdz3f05brt21c3tah.mediafire.com,MegaUploadSites,0,3/19/2025,3/19/2025,,,,Intel::DOMAIN,
bhr.mediafire.com,MegaUploadSites,0,3/19/2025,3/19/2025,,,,Intel::DOMAIN,
binauralbeats.mediafire.com,MegaUploadSites,0,3/19/2025,3/19/2025,,,,Intel::DOMAIN,
bj-broad-shop.com.mediafire.com,MegaUploadSites,0,3/19/2025,3/19/2025,,,,Intel::DOMAIN,
blog.mediafire.com,MegaUploadSites,0,3/19/2025,3/19/2025,,,,Intel::DOMAIN,
blog.ww.mediafire.com,MegaUploadSites,0,3/19/2025,3/19/2025,,,,Intel::DOMAIN,
bme5uzlrqutnjxxcxlriimvukg.mediafire.com,MegaUploadSites,0,3/19/2025,3/19/2025,,,,Intel::DOMAIN,
bn.mediafire.com,MegaUploadSites,0,3/19/2025,3/19/2025,,,,Intel::DOMAIN,
bnk.mediafire.com,MegaUploadSites,0,3/19/2025,3/19/2025,,,,Intel::DOMAIN,
bo3.mediafire.com,MegaUploadSites,0,3/19/2025,3/19/2025,,,,Intel::DOMAIN,
bos-ns1.bos.mediafire.com,MegaUploadSites,0,3/19/2025,3/19/2025,,,,Intel::DOMAIN,
box.mediafire.com,MegaUploadSites,0,3/19/2025,3/19/2025,,,,Intel::DOMAIN,
br.mediafire.com,MegaUploadSites,0,3/19/2025,3/19/2025,,,,Intel::DOMAIN,
brightsideoflife-rebelution.zip.mediafire.com,MegaUploadSites,0,3/19/2025,3/19/2025,,,,Intel::DOMAIN,
brt.mediafire.com,MegaUploadSites,0,3/19/2025,3/19/2025,,,,Intel::DOMAIN,
bru.mediafire.com,MegaUploadSites,0,3/19/2025,3/19/2025,,,,Intel::DOMAIN,
bse.mediafire.com,MegaUploadSites,0,3/19/2025,3/19/2025,,,,Intel::DOMAIN,
bsf.mediafire.com,MegaUploadSites,0,3/19/2025,3/19/2025,,,,Intel::DOMAIN,
btw.mediafire.com,MegaUploadSites,0,3/19/2025,3/19/2025,,,,Intel::DOMAIN,
bub45htxpicrbcz12orubenb0c.mediafire.com,MegaUploadSites,0,3/19/2025,3/19/2025,,,,Intel::DOMAIN,
buildyourempire.mx2.mediafire.com,MegaUploadSites,0,3/19/2025,3/19/2025,,,,Intel::DOMAIN,
but.mediafire.com,MegaUploadSites,0,3/19/2025,3/19/2025,,,,Intel::DOMAIN,
bv8.mediafire.com,MegaUploadSites,0,3/19/2025,3/19/2025,,,,Intel::DOMAIN,
bww.mediafire.com,MegaUploadSites,0,3/19/2025,3/19/2025,,,,Intel::DOMAIN,
bwww.mediafire.com,MegaUploadSites,0,3/19/2025,3/19/2025,,,,Intel::DOMAIN,
bxztcgvw4ptqnbmsmrsubnvd0e.mediafire.com,MegaUploadSites,0,3/19/2025,3/19/2025,,,,Intel::DOMAIN,
bygprotocol.mx2.mediafire.com,MegaUploadSites,0,3/19/2025,3/19/2025,,,,Intel::DOMAIN,
bz2.mediafire.com,MegaUploadSites,0,3/19/2025,3/19/2025,,,,Intel::DOMAIN,
c-asa5580-v03-01.rz.mediafire.com,MegaUploadSites,0,3/19/2025,3/19/2025,,,,Intel::DOMAIN,
c.mediafire.com,MegaUploadSites,0,3/19/2025,3/19/2025,,,,Intel::DOMAIN,
c0.mediafire.com,MegaUploadSites,0,3/19/2025,3/19/2025,,,,Intel::DOMAIN,
c01.mediafire.com,MegaUploadSites,0,3/19/2025,3/19/2025,,,,Intel::DOMAIN,
c02.mediafire.com,MegaUploadSites,0,3/19/2025,3/19/2025,,,,Intel::DOMAIN,
c07.mediafire.com,MegaUploadSites,0,3/19/2025,3/19/2025,,,,Intel::DOMAIN,
c08.mediafire.com,MegaUploadSites,0,3/19/2025,3/19/2025,,,,Intel::DOMAIN,
c1.mediafire.com,MegaUploadSites,0,3/19/2025,3/19/2025,,,,Intel::DOMAIN,
c10.mediafire.com,MegaUploadSites,0,3/19/2025,3/19/2025,,,,Intel::DOMAIN,
c11.mediafire.com,MegaUploadSites,0,3/19/2025,3/19/2025,,,,Intel::DOMAIN,
c1ykhvjtsz4cxi5sw5qk34mn0h.mx0.mediafire.com,MegaUploadSites,0,3/19/2025,3/19/2025,,,,Intel::DOMAIN,
c20.mediafire.com,MegaUploadSites,0,3/19/2025,3/19/2025,,,,Intel::DOMAIN,
c2c3gqxw4ecu2xq5akr0xpysmg.mediafire.com,MegaUploadSites,0,3/19/2025,3/19/2025,,,,Intel::DOMAIN,
c2n.mediafire.com,MegaUploadSites,0,3/19/2025,3/19/2025,,,,Intel::DOMAIN,
c3.mediafire.com,MegaUploadSites,0,3/19/2025,3/19/2025,,,,Intel::DOMAIN,
c32.mediafire.com,MegaUploadSites,0,3/19/2025,3/19/2025,,,,Intel::DOMAIN,
c42.mediafire.com,MegaUploadSites,0,3/19/2025,3/19/2025,,,,Intel::DOMAIN,
c43.mediafire.com,MegaUploadSites,0,3/19/2025,3/19/2025,,,,Intel::DOMAIN,
c45.mediafire.com,MegaUploadSites,0,3/19/2025,3/19/2025,,,,Intel::DOMAIN,
c48.mediafire.com,MegaUploadSites,0,3/19/2025,3/19/2025,,,,Intel::DOMAIN,
c49.mediafire.com,MegaUploadSites,0,3/19/2025,3/19/2025,,,,Intel::DOMAIN,
c51.mediafire.com,MegaUploadSites,0,3/19/2025,3/19/2025,,,,Intel::DOMAIN,
c52.mediafire.com,MegaUploadSites,0,3/19/2025,3/19/2025,,,,Intel::DOMAIN,
c54.mediafire.com,MegaUploadSites,0,3/19/2025,3/19/2025,,,,Intel::DOMAIN,
c57.mediafire.com,MegaUploadSites,0,3/19/2025,3/19/2025,,,,Intel::DOMAIN,
c66.mediafire.com,MegaUploadSites,0,3/19/2025,3/19/2025,,,,Intel::DOMAIN,
c69.mediafire.com,MegaUploadSites,0,3/19/2025,3/19/2025,,,,Intel::DOMAIN,
c70.mediafire.com,MegaUploadSites,0,3/19/2025,3/19/2025,,,,Intel::DOMAIN,
c73.mediafire.com,MegaUploadSites,0,3/19/2025,3/19/2025,,,,Intel::DOMAIN,
c76.mediafire.com,MegaUploadSites,0,3/19/2025,3/19/2025,,,,Intel::DOMAIN,
c79.mediafire.com,MegaUploadSites,0,3/19/2025,3/19/2025,,,,Intel::DOMAIN,
c8.mediafire.com,MegaUploadSites,0,3/19/2025,3/19/2025,,,,Intel::DOMAIN,
c82.mediafire.com,MegaUploadSites,0,3/19/2025,3/19/2025,,,,Intel::DOMAIN,
c85.mediafire.com,MegaUploadSites,0,3/19/2025,3/19/2025,,,,Intel::DOMAIN,
c88.mediafire.com,MegaUploadSites,0,3/19/2025,3/19/2025,,,,Intel::DOMAIN,
c9.mediafire.com,MegaUploadSites,0,3/19/2025,3/19/2025,,,,Intel::DOMAIN,
c91.mediafire.com,MegaUploadSites,0,3/19/2025,3/19/2025,,,,Intel::DOMAIN,
c93.mediafire.com,MegaUploadSites,0,3/19/2025,3/19/2025,,,,Intel::DOMAIN,
ca.mediafire.com,MegaUploadSites,0,3/19/2025,3/19/2025,,,,Intel::DOMAIN,
caady0gvml3uxjgim0q2ct32ed.mediafire.com,MegaUploadSites,0,3/19/2025,3/19/2025,,,,Intel::DOMAIN,
cad.mediafire.com,MegaUploadSites,0,3/19/2025,3/19/2025,,,,Intel::DOMAIN,
cb.mediafire.com,MegaUploadSites,0,3/19/2025,3/19/2025,,,,Intel::DOMAIN,
cbn.mediafire.com,MegaUploadSites,0,3/19/2025,3/19/2025,,,,Intel::DOMAIN,
cc.mediafire.com,MegaUploadSites,0,3/19/2025,3/19/2025,,,,Intel::DOMAIN,
cd.mediafire.com,MegaUploadSites,0,3/19/2025,3/19/2025,,,,Intel::DOMAIN,
cdb.mediafire.com,MegaUploadSites,0,3/19/2025,3/19/2025,,,,Intel::DOMAIN,
cdi.mediafire.com,MegaUploadSites,0,3/19/2025,3/19/2025,,,,Intel::DOMAIN,
cdm.mediafire.com,MegaUploadSites,0,3/19/2025,3/19/2025,,,,Intel::DOMAIN,
cdn.m.mediafire.com,MegaUploadSites,0,3/19/2025,3/19/2025,,,,Intel::DOMAIN,
cdn.mediafire.com,MegaUploadSites,0,3/19/2025,3/19/2025,,,,Intel::DOMAIN,
cdn.n.mediafire.com,MegaUploadSites,0,3/19/2025,3/19/2025,,,,Intel::DOMAIN,
cdnssl.mediafire.com,MegaUploadSites,0,3/19/2025,3/19/2025,,,,Intel::DOMAIN,
cdqe0suuwcbarnu3pvrspvhbvh.mediafire.com,MegaUploadSites,0,3/19/2025,3/19/2025,,,,Intel::DOMAIN,
cdr.mediafire.com,MegaUploadSites,0,3/19/2025,3/19/2025,,,,Intel::DOMAIN,
cdv.mediafire.com,MegaUploadSites,0,3/19/2025,3/19/2025,,,,Intel::DOMAIN,
cdw.mediafire.com,MegaUploadSites,0,3/19/2025,3/19/2025,,,,Intel::DOMAIN,
ce.mediafire.com,MegaUploadSites,0,3/19/2025,3/19/2025,,,,Intel::DOMAIN,
ce1.mediafire.com,MegaUploadSites,0,3/19/2025,3/19/2025,,,,Intel::DOMAIN,
cesrtqzsscjuejjfburww54ryg.mediafire.com,MegaUploadSites,0,3/19/2025,3/19/2025,,,,Intel::DOMAIN,
cf.mediafire.com,MegaUploadSites,0,3/19/2025,3/19/2025,,,,Intel::DOMAIN,
cfb.mediafire.com,MegaUploadSites,0,3/19/2025,3/19/2025,,,,Intel::DOMAIN,
cfc.mediafire.com,MegaUploadSites,0,3/19/2025,3/19/2025,,,,Intel::DOMAIN,
cfleutuspsitkt1pwztg2x3s5e.mediafire.com,MegaUploadSites,0,3/19/2025,3/19/2025,,,,Intel::DOMAIN,
cftngsgtuzu4legeoptmz2bvfb.mediafire.com,MegaUploadSites,0,3/19/2025,3/19/2025,,,,Intel::DOMAIN,
cgi.mediafire.com,MegaUploadSites,0,3/19/2025,3/19/2025,,,,Intel::DOMAIN,
ch35mixrpi32zxpod4qq22os1b.mediafire.com,MegaUploadSites,0,3/19/2025,3/19/2025,,,,Intel::DOMAIN,
cherrycredits.mediafire.com,MegaUploadSites,0,3/19/2025,3/19/2025,,,,Intel::DOMAIN,
china-guitar.cn.mediafire.com,MegaUploadSites,0,3/19/2025,3/19/2025,,,,Intel::DOMAIN,
cirrus.mediafire.com,MegaUploadSites,0,3/19/2025,3/19/2025,,,,Intel::DOMAIN,
cit.mediafire.com,MegaUploadSites,0,3/19/2025,3/19/2025,,,,Intel::DOMAIN,
citrix.ftp.mediafire.com,MegaUploadSites,0,3/19/2025,3/19/2025,,,,Intel::DOMAIN,
ciz.mediafire.com,MegaUploadSites,0,3/19/2025,3/19/2025,,,,Intel::DOMAIN,
ck.mediafire.com,MegaUploadSites,0,3/19/2025,3/19/2025,,,,Intel::DOMAIN,
ckky1eawzk3tk2ztivqo25c3gb.mediafire.com,MegaUploadSites,0,3/19/2025,3/19/2025,,,,Intel::DOMAIN,
classicshell.mediafire.com,MegaUploadSites,0,3/19/2025,3/19/2025,,,,Intel::DOMAIN,
classicshell.mx1.mediafire.com,MegaUploadSites,0,3/19/2025,3/19/2025,,,,Intel::DOMAIN,
cms.mediafire.com,MegaUploadSites,0,3/19/2025,3/19/2025,,,,Intel::DOMAIN,
cn.mediafire.com,MegaUploadSites,0,3/19/2025,3/19/2025,,,,Intel::DOMAIN,
cnb.mediafire.com,MegaUploadSites,0,3/19/2025,3/19/2025,,,,Intel::DOMAIN,
cnd.mediafire.com,MegaUploadSites,0,3/19/2025,3/19/2025,,,,Intel::DOMAIN,
cnet.com.mediafire.com,MegaUploadSites,0,3/19/2025,3/19/2025,,,,Intel::DOMAIN,
cnk.mediafire.com,MegaUploadSites,0,3/19/2025,3/19/2025,,,,Intel::DOMAIN,
co.mediafire.com,MegaUploadSites,0,3/19/2025,3/19/2025,,,,Intel::DOMAIN,
cog.mediafire.com,MegaUploadSites,0,3/19/2025,3/19/2025,,,,Intel::DOMAIN,
com.mediafire.com,MegaUploadSites,0,3/19/2025,3/19/2025,,,,Intel::DOMAIN,
couragetogrow-rebelution.zip.mediafire.com,MegaUploadSites,0,3/19/2025,3/19/2025,,,,Intel::DOMAIN,
cp.mediafire.com,MegaUploadSites,0,3/19/2025,3/19/2025,,,,Intel::DOMAIN,
cp3mxrpscg0q4rwysxsgz0spib.mediafire.com,MegaUploadSites,0,3/19/2025,3/19/2025,,,,Intel::DOMAIN,
cqeb3e5tvvw20hnrfhsa0zz3ye.mediafire.com,MegaUploadSites,0,3/19/2025,3/19/2025,,,,Intel::DOMAIN,
cqtbmhnrvlpzlfyftrr4zbg2db.mediafire.com,MegaUploadSites,0,3/19/2025,3/19/2025,,,,Intel::DOMAIN,
cr.mediafire.com,MegaUploadSites,0,3/19/2025,3/19/2025,,,,Intel::DOMAIN,
crds0ikscj0bcrveqit2sburbg.mediafire.com,MegaUploadSites,0,3/19/2025,3/19/2025,,,,Intel::DOMAIN,
creb3sqsfrhocvfnqaruwnntke.mediafire.com,MegaUploadSites,0,3/19/2025,3/19/2025,,,,Intel::DOMAIN,
cri.mediafire.com,MegaUploadSites,0,3/19/2025,3/19/2025,,,,Intel::DOMAIN,
crm.mediafire.com,MegaUploadSites,0,3/19/2025,3/19/2025,,,,Intel::DOMAIN,
cs.mediafire.com,MegaUploadSites,0,3/19/2025,3/19/2025,,,,Intel::DOMAIN,
cs5.mediafire.com,MegaUploadSites,0,3/19/2025,3/19/2025,,,,Intel::DOMAIN,
csn.mediafire.com,MegaUploadSites,0,3/19/2025,3/19/2025,,,,Intel::DOMAIN,
csno.mediafire.com,MegaUploadSites,0,3/19/2025,3/19/2025,,,,Intel::DOMAIN,
css.mediafire.com,MegaUploadSites,0,3/19/2025,3/19/2025,,,,Intel::DOMAIN,
ct.mediafire.com,MegaUploadSites,0,3/19/2025,3/19/2025,,,,Intel::DOMAIN,
ctpbusqry3loau3hkssu5yrpnc.mediafire.com,MegaUploadSites,0,3/19/2025,3/19/2025,,,,Intel::DOMAIN,
cuijwlvwlbbd4qxrpgrgpi0nxa.mediafire.com,MegaUploadSites,0,3/19/2025,3/19/2025,,,,Intel::DOMAIN,
cupi.mediafire.com,MegaUploadSites,0,3/19/2025,3/19/2025,,,,Intel::DOMAIN,
cupid.mediafire.com,MegaUploadSites,0,3/19/2025,3/19/2025,,,,Intel::DOMAIN,
cut.mediafire.com,MegaUploadSites,0,3/19/2025,3/19/2025,,,,Intel::DOMAIN,
cv4.mediafire.com,MegaUploadSites,0,3/19/2025,3/19/2025,,,,Intel::DOMAIN,
cvs.mediafire.com,MegaUploadSites,0,3/19/2025,3/19/2025,,,,Intel::DOMAIN,
cw.mediafire.com,MegaUploadSites,0,3/19/2025,3/19/2025,,,,Intel::DOMAIN,
cwn.mediafire.com,MegaUploadSites,0,3/19/2025,3/19/2025,,,,Intel::DOMAIN,
cww.mediafire.com,MegaUploadSites,0,3/19/2025,3/19/2025,,,,Intel::DOMAIN,
cyobgrxqnie3lsju5nqaeenspg.mediafire.com,MegaUploadSites,0,3/19/2025,3/19/2025,,,,Intel::DOMAIN,
cytmawmqpkhmynnqxhqij3ji0d.mx7.mediafire.com,MegaUploadSites,0,3/19/2025,3/19/2025,,,,Intel::DOMAIN,
d.mediafire.com,MegaUploadSites,0,3/19/2025,3/19/2025,,,,Intel::DOMAIN,
d0.mediafire.com,MegaUploadSites,0,3/19/2025,3/19/2025,,,,Intel::DOMAIN,
d01.mediafire.com,MegaUploadSites,0,3/19/2025,3/19/2025,,,,Intel::DOMAIN,
d08.mediafire.com,MegaUploadSites,0,3/19/2025,3/19/2025,,,,Intel::DOMAIN,
d1.mediafire.com,MegaUploadSites,0,3/19/2025,3/19/2025,,,,Intel::DOMAIN,
d10.mediafire.com,MegaUploadSites,0,3/19/2025,3/19/2025,,,,Intel::DOMAIN,
d1313.mediafire.com,MegaUploadSites,0,3/19/2025,3/19/2025,,,,Intel::DOMAIN,
d20.mediafire.com,MegaUploadSites,0,3/19/2025,3/19/2025,,,,Intel::DOMAIN,
d2032.mediafire.com,MegaUploadSites,0,3/19/2025,3/19/2025,,,,Intel::DOMAIN,
d25.mediafire.com,MegaUploadSites,0,3/19/2025,3/19/2025,,,,Intel::DOMAIN,
d27.mediafire.com,MegaUploadSites,0,3/19/2025,3/19/2025,,,,Intel::DOMAIN,
d28.mediafire.com,MegaUploadSites,0,3/19/2025,3/19/2025,,,,Intel::DOMAIN,
d2cfm2qvcgkwihhhfismpklhkf.mediafire.com,MegaUploadSites,0,3/19/2025,3/19/2025,,,,Intel::DOMAIN,
d3.mediafire.com,MegaUploadSites,0,3/19/2025,3/19/2025,,,,Intel::DOMAIN,
d30.mediafire.com,MegaUploadSites,0,3/19/2025,3/19/2025,,,,Intel::DOMAIN,
d34.mediafire.com,MegaUploadSites,0,3/19/2025,3/19/2025,,,,Intel::DOMAIN,
d4.mediafire.com,MegaUploadSites,0,3/19/2025,3/19/2025,,,,Intel::DOMAIN,
d41.mediafire.com,MegaUploadSites,0,3/19/2025,3/19/2025,,,,Intel::DOMAIN,
d42.mediafire.com,MegaUploadSites,0,3/19/2025,3/19/2025,,,,Intel::DOMAIN,
d43.mediafire.com,MegaUploadSites,0,3/19/2025,3/19/2025,,,,Intel::DOMAIN,
d43mvuytux1sp23hhorkcxbupa.mediafire.com,MegaUploadSites,0,3/19/2025,3/19/2025,,,,Intel::DOMAIN,
d44.mediafire.com,MegaUploadSites,0,3/19/2025,3/19/2025,,,,Intel::DOMAIN,
d48.mediafire.com,MegaUploadSites,0,3/19/2025,3/19/2025,,,,Intel::DOMAIN,
d5.mediafire.com,MegaUploadSites,0,3/19/2025,3/19/2025,,,,Intel::DOMAIN,
d52.mediafire.com,MegaUploadSites,0,3/19/2025,3/19/2025,,,,Intel::DOMAIN,
d52dqr1qdaa3escjeot00tzehg.mediafire.com,MegaUploadSites,0,3/19/2025,3/19/2025,,,,Intel::DOMAIN,
d76.mediafire.com,MegaUploadSites,0,3/19/2025,3/19/2025,,,,Intel::DOMAIN,
d78.mediafire.com,MegaUploadSites,0,3/19/2025,3/19/2025,,,,Intel::DOMAIN,
d8.mediafire.com,MegaUploadSites,0,3/19/2025,3/19/2025,,,,Intel::DOMAIN,
d80.mediafire.com,MegaUploadSites,0,3/19/2025,3/19/2025,,,,Intel::DOMAIN,
d81.mediafire.com,MegaUploadSites,0,3/19/2025,3/19/2025,,,,Intel::DOMAIN,
d85.mediafire.com,MegaUploadSites,0,3/19/2025,3/19/2025,,,,Intel::DOMAIN,
d95.mediafire.com,MegaUploadSites,0,3/19/2025,3/19/2025,,,,Intel::DOMAIN,
dabsqzkw5rbcgh1gfxtuaqo13d.mediafire.com,MegaUploadSites,0,3/19/2025,3/19/2025,,,,Intel::DOMAIN,
darx2i4u4njsfrchfuq05ap11a.mediafire.com,MegaUploadSites,0,3/19/2025,3/19/2025,,,,Intel::DOMAIN,
datum.mediafire.com,MegaUploadSites,0,3/19/2025,3/19/2025,,,,Intel::DOMAIN,
dav.mediafire.com,MegaUploadSites,0,3/19/2025,3/19/2025,,,,Intel::DOMAIN,
db.mediafire.com,MegaUploadSites,0,3/19/2025,3/19/2025,,,,Intel::DOMAIN,
dbk.mediafire.com,MegaUploadSites,0,3/19/2025,3/19/2025,,,,Intel::DOMAIN,
dbu.mediafire.com,MegaUploadSites,0,3/19/2025,3/19/2025,,,,Intel::DOMAIN,
dcb.mediafire.com,MegaUploadSites,0,3/19/2025,3/19/2025,,,,Intel::DOMAIN,
dcscjigwh3wk3lon1wrklxfm5a.mediafire.com,MegaUploadSites,0,3/19/2025,3/19/2025,,,,Intel::DOMAIN,
dct.mediafire.com,MegaUploadSites,0,3/19/2025,3/19/2025,,,,Intel::DOMAIN,
dd.mediafire.com,MegaUploadSites,0,3/19/2025,3/19/2025,,,,Intel::DOMAIN,
de.mediafire.com,MegaUploadSites,0,3/19/2025,3/19/2025,,,,Intel::DOMAIN,
dec.mediafire.com,MegaUploadSites,0,3/19/2025,3/19/2025,,,,Intel::DOMAIN,
ded.mediafire.com,MegaUploadSites,0,3/19/2025,3/19/2025,,,,Intel::DOMAIN,
del.mediafire.com,MegaUploadSites,0,3/19/2025,3/19/2025,,,,Intel::DOMAIN,
demo.mediafire.com,MegaUploadSites,0,3/19/2025,3/19/2025,,,,Intel::DOMAIN,
dev.cp.mediafire.com,MegaUploadSites,0,3/19/2025,3/19/2025,,,,Intel::DOMAIN,
dev.mediafire.com,MegaUploadSites,0,3/19/2025,3/19/2025,,,,Intel::DOMAIN,
developers.ftp.mediafire.com,MegaUploadSites,0,3/19/2025,3/19/2025,,,,Intel::DOMAIN,
developers.mediafire.com,MegaUploadSites,0,3/19/2025,3/19/2025,,,,Intel::DOMAIN,
devtest.mediafire.c.mediafire.com,MegaUploadSites,0,3/19/2025,3/19/2025,,,,Intel::DOMAIN,
devtest.mediafire.co.mediafire.com,MegaUploadSites,0,3/19/2025,3/19/2025,,,,Intel::DOMAIN,
devupload.mediafire.com,MegaUploadSites,0,3/19/2025,3/19/2025,,,,Intel::DOMAIN,
dfg.mediafire.com,MegaUploadSites,0,3/19/2025,3/19/2025,,,,Intel::DOMAIN,
dfj4irurbceoi54o0vssddnvuh.mediafire.com,MegaUploadSites,0,3/19/2025,3/19/2025,,,,Intel::DOMAIN,
dfm.mediafire.com,MegaUploadSites,0,3/19/2025,3/19/2025,,,,Intel::DOMAIN,
dfrbcmdxtxfxuvj5jhqe3ftowe.mediafire.com,MegaUploadSites,0,3/19/2025,3/19/2025,,,,Intel::DOMAIN,
dg3jo40ujda1x3zrjwriyzaofa.mx7.mediafire.com,MegaUploadSites,0,3/19/2025,3/19/2025,,,,Intel::DOMAIN,
dg3jo40ujda1x3zrjwriyzaofa.ns.mediafire.com,MegaUploadSites,0,3/19/2025,3/19/2025,,,,Intel::DOMAIN,
dh6.mediafire.com,MegaUploadSites,0,3/19/2025,3/19/2025,,,,Intel::DOMAIN,
dhimanwww.mediafire.com,MegaUploadSites,0,3/19/2025,3/19/2025,,,,Intel::DOMAIN,
dhl.mediafire.com,MegaUploadSites,0,3/19/2025,3/19/2025,,,,Intel::DOMAIN,
diamondsmusicstudio.mediafire.com,MegaUploadSites,0,3/19/2025,3/19/2025,,,,Intel::DOMAIN,
djdlcaytzgfgfem2cntgscjt0c.mediafire.com,MegaUploadSites,0,3/19/2025,3/19/2025,,,,Intel::DOMAIN,
djspggqtvumrxd32xrruwaz3mf.mediafire.com,MegaUploadSites,0,3/19/2025,3/19/2025,,,,Intel::DOMAIN,
djtavo.mediafire.com,MegaUploadSites,0,3/19/2025,3/19/2025,,,,Intel::DOMAIN,
dk.mediafire.com,MegaUploadSites,0,3/19/2025,3/19/2025,,,,Intel::DOMAIN,
dl.mediafire.com,MegaUploadSites,0,3/19/2025,3/19/2025,,,,Intel::DOMAIN,
dl.ns.mediafire.com,MegaUploadSites,0,3/19/2025,3/19/2025,,,,Intel::DOMAIN,
dll.mediafire.com,MegaUploadSites,0,3/19/2025,3/19/2025,,,,Intel::DOMAIN,
dmn.mediafire.com,MegaUploadSites,0,3/19/2025,3/19/2025,,,,Intel::DOMAIN,
dn.mediafire.com,MegaUploadSites,0,3/19/2025,3/19/2025,,,,Intel::DOMAIN,
dnk.mediafire.com,MegaUploadSites,0,3/19/2025,3/19/2025,,,,Intel::DOMAIN,
dnm.mediafire.com,MegaUploadSites,0,3/19/2025,3/19/2025,,,,Intel::DOMAIN,
dns.mediafire.com,MegaUploadSites,0,3/19/2025,3/19/2025,,,,Intel::DOMAIN,
dns1.c.mediafire.com,MegaUploadSites,0,3/19/2025,3/19/2025,,,,Intel::DOMAIN,
dns1.max.mediafire.com,MegaUploadSites,0,3/19/2025,3/19/2025,,,,Intel::DOMAIN,
dns1.mdm.mediafire.com,MegaUploadSites,0,3/19/2025,3/19/2025,,,,Intel::DOMAIN,
dns1.mediafire.com,MegaUploadSites,0,3/19/2025,3/19/2025,,,,Intel::DOMAIN,
dns1.ww.w.mediafire.com,MegaUploadSites,0,3/19/2025,3/19/2025,,,,Intel::DOMAIN,
dns2.go.mediafire.com,MegaUploadSites,0,3/19/2025,3/19/2025,,,,Intel::DOMAIN,
dns2.mediafire.com,MegaUploadSites,0,3/19/2025,3/19/2025,,,,Intel::DOMAIN,
do.mediafire.com,MegaUploadSites,0,3/19/2025,3/19/2025,,,,Intel::DOMAIN,
dok.mediafire.com,MegaUploadSites,0,3/19/2025,3/19/2025,,,,Intel::DOMAIN,
dol.mediafire.com,MegaUploadSites,0,3/19/2025,3/19/2025,,,,Intel::DOMAIN,
dorwww.mediafire.com,MegaUploadSites,0,3/19/2025,3/19/2025,,,,Intel::DOMAIN,
dou.mediafire.com,MegaUploadSites,0,3/19/2025,3/19/2025,,,,Intel::DOMAIN,
dow.mediafire.com,MegaUploadSites,0,3/19/2025,3/19/2025,,,,Intel::DOMAIN,
dowloa.mediafire.com,MegaUploadSites,0,3/19/2025,3/19/2025,,,,Intel::DOMAIN,
down.mediafire.com,MegaUploadSites,0,3/19/2025,3/19/2025,,,,Intel::DOMAIN,
downl.mediafire.com,MegaUploadSites,0,3/19/2025,3/19/2025,,,,Intel::DOMAIN,
download.12.mediafire.com,MegaUploadSites,0,3/19/2025,3/19/2025,,,,Intel::DOMAIN,
download.165.mediafire.com,MegaUploadSites,0,3/19/2025,3/19/2025,,,,Intel::DOMAIN,
download.1899.mx1.mediafire.com,MegaUploadSites,0,3/19/2025,3/19/2025,,,,Intel::DOMAIN,
download.206.mediafire.com,MegaUploadSites,0,3/19/2025,3/19/2025,,,,Intel::DOMAIN,
download.73.mediafire.com,MegaUploadSites,0,3/19/2025,3/19/2025,,,,Intel::DOMAIN,
download.803.mediafire.com,MegaUploadSites,0,3/19/2025,3/19/2025,,,,Intel::DOMAIN,
download.816.mediafire.com,MegaUploadSites,0,3/19/2025,3/19/2025,,,,Intel::DOMAIN,
download.818.mediafire.com,MegaUploadSites,0,3/19/2025,3/19/2025,,,,Intel::DOMAIN,
download.833.mediafire.com,MegaUploadSites,0,3/19/2025,3/19/2025,,,,Intel::DOMAIN,
download.852.mediafire.com,MegaUploadSites,0,3/19/2025,3/19/2025,,,,Intel::DOMAIN,
download.864.mediafire.com,MegaUploadSites,0,3/19/2025,3/19/2025,,,,Intel::DOMAIN,
download.939.mediafire.com,MegaUploadSites,0,3/19/2025,3/19/2025,,,,Intel::DOMAIN,
download1.272.mediafire.com,MegaUploadSites,0,3/19/2025,3/19/2025,,,,Intel::DOMAIN,
download1.mediafire.com,MegaUploadSites,0,3/19/2025,3/19/2025,,,,Intel::DOMAIN,
download10.mediafire.com,MegaUploadSites,0,3/19/2025,3/19/2025,,,,Intel::DOMAIN,
download1000.mediafire.com,MegaUploadSites,0,3/19/2025,3/19/2025,,,,Intel::DOMAIN,
download1001.mediafire.com,MegaUploadSites,0,3/19/2025,3/19/2025,,,,Intel::DOMAIN,
download1002.mediafire.com,MegaUploadSites,0,3/19/2025,3/19/2025,,,,Intel::DOMAIN,
download1003.bbs.mediafire.com,MegaUploadSites,0,3/19/2025,3/19/2025,,,,Intel::DOMAIN,
download1004.mediafire.com,MegaUploadSites,0,3/19/2025,3/19/2025,,,,Intel::DOMAIN,
download1005.mediafire.com,MegaUploadSites,0,3/19/2025,3/19/2025,,,,Intel::DOMAIN,
download1006.mediafire.com,MegaUploadSites,0,3/19/2025,3/19/2025,,,,Intel::DOMAIN,
download1008.mediafire.com,MegaUploadSites,0,3/19/2025,3/19/2025,,,,Intel::DOMAIN,
download1009.mediafire.com,MegaUploadSites,0,3/19/2025,3/19/2025,,,,Intel::DOMAIN,
download1010.mediafire.com,MegaUploadSites,0,3/19/2025,3/19/2025,,,,Intel::DOMAIN,
download1011.bbs.mediafire.com,MegaUploadSites,0,3/19/2025,3/19/2025,,,,Intel::DOMAIN,
download1011.mediafire.com,MegaUploadSites,0,3/19/2025,3/19/2025,,,,Intel::DOMAIN,
download1012.mediafire.com,MegaUploadSites,0,3/19/2025,3/19/2025,,,,Intel::DOMAIN,
download1013.mediafire.com,MegaUploadSites,0,3/19/2025,3/19/2025,,,,Intel::DOMAIN,
download1014.mediafire.com,MegaUploadSites,0,3/19/2025,3/19/2025,,,,Intel::DOMAIN,
download1015.mediafire.com,MegaUploadSites,0,3/19/2025,3/19/2025,,,,Intel::DOMAIN,
download1016.mediafire.com,MegaUploadSites,0,3/19/2025,3/19/2025,,,,Intel::DOMAIN,
download1017.mediafire.com,MegaUploadSites,0,3/19/2025,3/19/2025,,,,Intel::DOMAIN,
download1018.mediafire.com,MegaUploadSites,0,3/19/2025,3/19/2025,,,,Intel::DOMAIN,
download1019.mediafire.com,MegaUploadSites,0,3/19/2025,3/19/2025,,,,Intel::DOMAIN,
download102.mx1.mediafire.com,MegaUploadSites,0,3/19/2025,3/19/2025,,,,Intel::DOMAIN,
download1021.mediafire.com,MegaUploadSites,0,3/19/2025,3/19/2025,,,,Intel::DOMAIN,
download1022.mediafire.com,MegaUploadSites,0,3/19/2025,3/19/2025,,,,Intel::DOMAIN,
download1023.mediafire.com,MegaUploadSites,0,3/19/2025,3/19/2025,,,,Intel::DOMAIN,
download1024.mediafire.com,MegaUploadSites,0,3/19/2025,3/19/2025,,,,Intel::DOMAIN,
download1025.mediafire.com,MegaUploadSites,0,3/19/2025,3/19/2025,,,,Intel::DOMAIN,
download1026.mediafire.com,MegaUploadSites,0,3/19/2025,3/19/2025,,,,Intel::DOMAIN,
download1027.mediafire.com,MegaUploadSites,0,3/19/2025,3/19/2025,,,,Intel::DOMAIN,
download1028.mediafire.com,MegaUploadSites,0,3/19/2025,3/19/2025,,,,Intel::DOMAIN,
download1030.mediafire.com,MegaUploadSites,0,3/19/2025,3/19/2025,,,,Intel::DOMAIN,
download1030.mx2.mediafire.com,MegaUploadSites,0,3/19/2025,3/19/2025,,,,Intel::DOMAIN,
download1032.mediafire.com,MegaUploadSites,0,3/19/2025,3/19/2025,,,,Intel::DOMAIN,
download1033.mediafire.com,MegaUploadSites,0,3/19/2025,3/19/2025,,,,Intel::DOMAIN,
download1034.mediafire.com,MegaUploadSites,0,3/19/2025,3/19/2025,,,,Intel::DOMAIN,
download1035.mediafire.com,MegaUploadSites,0,3/19/2025,3/19/2025,,,,Intel::DOMAIN,
download1036.mediafire.com,MegaUploadSites,0,3/19/2025,3/19/2025,,,,Intel::DOMAIN,
download1037.mediafire.com,MegaUploadSites,0,3/19/2025,3/19/2025,,,,Intel::DOMAIN,
download1039.mediafire.com,MegaUploadSites,0,3/19/2025,3/19/2025,,,,Intel::DOMAIN,
download104.mx.mediafire.com,MegaUploadSites,0,3/19/2025,3/19/2025,,,,Intel::DOMAIN,
download1040.mediafire.com,MegaUploadSites,0,3/19/2025,3/19/2025,,,,Intel::DOMAIN,
download1041.mediafire.com,MegaUploadSites,0,3/19/2025,3/19/2025,,,,Intel::DOMAIN,
download1041.mediafire.download1041.api.mediafire.com,MegaUploadSites,0,3/19/2025,3/19/2025,,,,Intel::DOMAIN,
download1042.mediafire.com,MegaUploadSites,0,3/19/2025,3/19/2025,,,,Intel::DOMAIN,
download1043.mediafire.com,MegaUploadSites,0,3/19/2025,3/19/2025,,,,Intel::DOMAIN,
download1044.mediafire.com,MegaUploadSites,0,3/19/2025,3/19/2025,,,,Intel::DOMAIN,
download1045.mediafire.com,MegaUploadSites,0,3/19/2025,3/19/2025,,,,Intel::DOMAIN,
download1046.mediafire.com,MegaUploadSites,0,3/19/2025,3/19/2025,,,,Intel::DOMAIN,
download1048.mediafire.com,MegaUploadSites,0,3/19/2025,3/19/2025,,,,Intel::DOMAIN,
download1048.mx1.mediafire.com,MegaUploadSites,0,3/19/2025,3/19/2025,,,,Intel::DOMAIN,
download1049.mediafire.com,MegaUploadSites,0,3/19/2025,3/19/2025,,,,Intel::DOMAIN,
download1050.mediafire.com,MegaUploadSites,0,3/19/2025,3/19/2025,,,,Intel::DOMAIN,
download1051.mediafire.com,MegaUploadSites,0,3/19/2025,3/19/2025,,,,Intel::DOMAIN,
download1052.mediafire.com,MegaUploadSites,0,3/19/2025,3/19/2025,,,,Intel::DOMAIN,
download1053.mediafire.com,MegaUploadSites,0,3/19/2025,3/19/2025,,,,Intel::DOMAIN,
download1055.mediafire.com,MegaUploadSites,0,3/19/2025,3/19/2025,,,,Intel::DOMAIN,
download1056.mediafire.com,MegaUploadSites,0,3/19/2025,3/19/2025,,,,Intel::DOMAIN,
download1057.mediafire.com,MegaUploadSites,0,3/19/2025,3/19/2025,,,,Intel::DOMAIN,
download106.mediafire.com,MegaUploadSites,0,3/19/2025,3/19/2025,,,,Intel::DOMAIN,
download1060.mediafire.com,MegaUploadSites,0,3/19/2025,3/19/2025,,,,Intel::DOMAIN,
download1061.mediafire.com,MegaUploadSites,0,3/19/2025,3/19/2025,,,,Intel::DOMAIN,
download1063.mediafire.com,MegaUploadSites,0,3/19/2025,3/19/2025,,,,Intel::DOMAIN,
download1065.mediafire.com,MegaUploadSites,0,3/19/2025,3/19/2025,,,,Intel::DOMAIN,
download1066.mediafire.com,MegaUploadSites,0,3/19/2025,3/19/2025,,,,Intel::DOMAIN,
download1067.mediafire.com,MegaUploadSites,0,3/19/2025,3/19/2025,,,,Intel::DOMAIN,
download1068.mediafire.com,MegaUploadSites,0,3/19/2025,3/19/2025,,,,Intel::DOMAIN,
download1068.www.mediafire.com,MegaUploadSites,0,3/19/2025,3/19/2025,,,,Intel::DOMAIN,
download1069.mx.mediafire.com,MegaUploadSites,0,3/19/2025,3/19/2025,,,,Intel::DOMAIN,
download107.mediafire.com,MegaUploadSites,0,3/19/2025,3/19/2025,,,,Intel::DOMAIN,
download1070.mediafire.com,MegaUploadSites,0,3/19/2025,3/19/2025,,,,Intel::DOMAIN,
download1071.mediafire.com,MegaUploadSites,0,3/19/2025,3/19/2025,,,,Intel::DOMAIN,
download1072.mediafire.com,MegaUploadSites,0,3/19/2025,3/19/2025,,,,Intel::DOMAIN,
download1073.mediafire.com,MegaUploadSites,0,3/19/2025,3/19/2025,,,,Intel::DOMAIN,
download1074.api.mediafire.com,MegaUploadSites,0,3/19/2025,3/19/2025,,,,Intel::DOMAIN,
download1074.mediafire.com,MegaUploadSites,0,3/19/2025,3/19/2025,,,,Intel::DOMAIN,
download1075.mediafire.com,MegaUploadSites,0,3/19/2025,3/19/2025,,,,Intel::DOMAIN,
download1075.mx.mediafire.com,MegaUploadSites,0,3/19/2025,3/19/2025,,,,Intel::DOMAIN,
download1076.mediafire.com,MegaUploadSites,0,3/19/2025,3/19/2025,,,,Intel::DOMAIN,
download1076.mx1.mediafire.com,MegaUploadSites,0,3/19/2025,3/19/2025,,,,Intel::DOMAIN,
download1077.mediafire.com,MegaUploadSites,0,3/19/2025,3/19/2025,,,,Intel::DOMAIN,
download1078.mediafire.com,MegaUploadSites,0,3/19/2025,3/19/2025,,,,Intel::DOMAIN,
download1079.mediafire.com,MegaUploadSites,0,3/19/2025,3/19/2025,,,,Intel::DOMAIN,
download1080.mediafire.com,MegaUploadSites,0,3/19/2025,3/19/2025,,,,Intel::DOMAIN,
download1080.mx0.mediafire.com,MegaUploadSites,0,3/19/2025,3/19/2025,,,,Intel::DOMAIN,
download1080.mx7.mediafire.com,MegaUploadSites,0,3/19/2025,3/19/2025,,,,Intel::DOMAIN,
download1081.mediafire.com,MegaUploadSites,0,3/19/2025,3/19/2025,,,,Intel::DOMAIN,
download1082.mediafire.com,MegaUploadSites,0,3/19/2025,3/19/2025,,,,Intel::DOMAIN,
download1083.mediafire.com,MegaUploadSites,0,3/19/2025,3/19/2025,,,,Intel::DOMAIN,
download1084.mediafire.com,MegaUploadSites,0,3/19/2025,3/19/2025,,,,Intel::DOMAIN,
download1085.mediafire.com,MegaUploadSites,0,3/19/2025,3/19/2025,,,,Intel::DOMAIN,
download1086.mediafire.com,MegaUploadSites,0,3/19/2025,3/19/2025,,,,Intel::DOMAIN,
download1087.mediafire.com,MegaUploadSites,0,3/19/2025,3/19/2025,,,,Intel::DOMAIN,
download1088.mediafire.com,MegaUploadSites,0,3/19/2025,3/19/2025,,,,Intel::DOMAIN,
download1091.mediafire.com,MegaUploadSites,0,3/19/2025,3/19/2025,,,,Intel::DOMAIN,
download1092.mediafire.com,MegaUploadSites,0,3/19/2025,3/19/2025,,,,Intel::DOMAIN,
download1092.mx.mediafire.com,MegaUploadSites,0,3/19/2025,3/19/2025,,,,Intel::DOMAIN,
download1092.mx0.mediafire.com,MegaUploadSites,0,3/19/2025,3/19/2025,,,,Intel::DOMAIN,
download1094.mediafire.com,MegaUploadSites,0,3/19/2025,3/19/2025,,,,Intel::DOMAIN,
download1095.mediafire.com,MegaUploadSites,0,3/19/2025,3/19/2025,,,,Intel::DOMAIN,
download1096.mediafire.com,MegaUploadSites,0,3/19/2025,3/19/2025,,,,Intel::DOMAIN,
download1097.mediafire.com,MegaUploadSites,0,3/19/2025,3/19/2025,,,,Intel::DOMAIN,
download1098.mediafire.com,MegaUploadSites,0,3/19/2025,3/19/2025,,,,Intel::DOMAIN,
download1099.mediafire.com,MegaUploadSites,0,3/19/2025,3/19/2025,,,,Intel::DOMAIN,
download11.mediafire.com,MegaUploadSites,0,3/19/2025,3/19/2025,,,,Intel::DOMAIN,
download1101.mediafire.com,MegaUploadSites,0,3/19/2025,3/19/2025,,,,Intel::DOMAIN,
download1103.mediafire.com,MegaUploadSites,0,3/19/2025,3/19/2025,,,,Intel::DOMAIN,
download1104.mx2.mediafire.com,MegaUploadSites,0,3/19/2025,3/19/2025,,,,Intel::DOMAIN,
download1105.mediafire.com,MegaUploadSites,0,3/19/2025,3/19/2025,,,,Intel::DOMAIN,
download1109.mediafire.com,MegaUploadSites,0,3/19/2025,3/19/2025,,,,Intel::DOMAIN,
download111.mx1.mediafire.com,MegaUploadSites,0,3/19/2025,3/19/2025,,,,Intel::DOMAIN,
download1110.mediafire.com,MegaUploadSites,0,3/19/2025,3/19/2025,,,,Intel::DOMAIN,
download1111.mediafire.com,MegaUploadSites,0,3/19/2025,3/19/2025,,,,Intel::DOMAIN,
download1112.mediafire.com,MegaUploadSites,0,3/19/2025,3/19/2025,,,,Intel::DOMAIN,
download1112.mx1.mediafire.com,MegaUploadSites,0,3/19/2025,3/19/2025,,,,Intel::DOMAIN,
download1113.mediafire.com,MegaUploadSites,0,3/19/2025,3/19/2025,,,,Intel::DOMAIN,
download1114.mediafire.com,MegaUploadSites,0,3/19/2025,3/19/2025,,,,Intel::DOMAIN,
download1115.mediafire.com,MegaUploadSites,0,3/19/2025,3/19/2025,,,,Intel::DOMAIN,
download1116.mediafire.com,MegaUploadSites,0,3/19/2025,3/19/2025,,,,Intel::DOMAIN,
download1116.mx2.mediafire.com,MegaUploadSites,0,3/19/2025,3/19/2025,,,,Intel::DOMAIN,
download1120.mediafire.com,MegaUploadSites,0,3/19/2025,3/19/2025,,,,Intel::DOMAIN,
download1120.mx.mediafire.com,MegaUploadSites,0,3/19/2025,3/19/2025,,,,Intel::DOMAIN,
download1121.mediafire.com,MegaUploadSites,0,3/19/2025,3/19/2025,,,,Intel::DOMAIN,
download1123.mediafire.com,MegaUploadSites,0,3/19/2025,3/19/2025,,,,Intel::DOMAIN,
download1125.mediafire.com,MegaUploadSites,0,3/19/2025,3/19/2025,,,,Intel::DOMAIN,
download1126.mediafire.com,MegaUploadSites,0,3/19/2025,3/19/2025,,,,Intel::DOMAIN,
download1127.mediafire.com,MegaUploadSites,0,3/19/2025,3/19/2025,,,,Intel::DOMAIN,
download1128.mediafire.com,MegaUploadSites,0,3/19/2025,3/19/2025,,,,Intel::DOMAIN,
download1129.mediafire.com,MegaUploadSites,0,3/19/2025,3/19/2025,,,,Intel::DOMAIN,
download1130.mediafire.com,MegaUploadSites,0,3/19/2025,3/19/2025,,,,Intel::DOMAIN,
download1130.mx.mediafire.com,MegaUploadSites,0,3/19/2025,3/19/2025,,,,Intel::DOMAIN,
download1131.bbs.mediafire.com,MegaUploadSites,0,3/19/2025,3/19/2025,,,,Intel::DOMAIN,
download1131.ns.mediafire.com,MegaUploadSites,0,3/19/2025,3/19/2025,,,,Intel::DOMAIN,
download1132.mediafire.com,MegaUploadSites,0,3/19/2025,3/19/2025,,,,Intel::DOMAIN,
download1133.mx1.mediafire.com,MegaUploadSites,0,3/19/2025,3/19/2025,,,,Intel::DOMAIN,
download1134.mediafire.com,MegaUploadSites,0,3/19/2025,3/19/2025,,,,Intel::DOMAIN,
download1135.mediafire.com,MegaUploadSites,0,3/19/2025,3/19/2025,,,,Intel::DOMAIN,
download1136.mediafire.com,MegaUploadSites,0,3/19/2025,3/19/2025,,,,Intel::DOMAIN,
download1137.mediafire.com,MegaUploadSites,0,3/19/2025,3/19/2025,,,,Intel::DOMAIN,
download1138.mediafire.com,MegaUploadSites,0,3/19/2025,3/19/2025,,,,Intel::DOMAIN,
download1138.mx0.mediafire.com,MegaUploadSites,0,3/19/2025,3/19/2025,,,,Intel::DOMAIN,
download1139.mediafire.com,MegaUploadSites,0,3/19/2025,3/19/2025,,,,Intel::DOMAIN,
download1139.mx.mediafire.com,MegaUploadSites,0,3/19/2025,3/19/2025,,,,Intel::DOMAIN,
download1141.mediafire.com,MegaUploadSites,0,3/19/2025,3/19/2025,,,,Intel::DOMAIN,
download1142.mediafire.com,MegaUploadSites,0,3/19/2025,3/19/2025,,,,Intel::DOMAIN,
download1142.mx0.mediafire.com,MegaUploadSites,0,3/19/2025,3/19/2025,,,,Intel::DOMAIN,
download1143.mediafire.com,MegaUploadSites,0,3/19/2025,3/19/2025,,,,Intel::DOMAIN,
download1144.mediafire.com,MegaUploadSites,0,3/19/2025,3/19/2025,,,,Intel::DOMAIN,
download1145.mediafire.com,MegaUploadSites,0,3/19/2025,3/19/2025,,,,Intel::DOMAIN,
download1146.mediafire.com,MegaUploadSites,0,3/19/2025,3/19/2025,,,,Intel::DOMAIN,
download1147.mediafire.com,MegaUploadSites,0,3/19/2025,3/19/2025,,,,Intel::DOMAIN,
download1148.mediafire.com,MegaUploadSites,0,3/19/2025,3/19/2025,,,,Intel::DOMAIN,
download1149.mediafire.com,MegaUploadSites,0,3/19/2025,3/19/2025,,,,Intel::DOMAIN,
download1150.ftp.mediafire.com,MegaUploadSites,0,3/19/2025,3/19/2025,,,,Intel::DOMAIN,
download1151.mediafire.com,MegaUploadSites,0,3/19/2025,3/19/2025,,,,Intel::DOMAIN,
download1153.mediafire.com,MegaUploadSites,0,3/19/2025,3/19/2025,,,,Intel::DOMAIN,
download1154.mediafire.com,MegaUploadSites,0,3/19/2025,3/19/2025,,,,Intel::DOMAIN,
download1155.mediafire.com,MegaUploadSites,0,3/19/2025,3/19/2025,,,,Intel::DOMAIN,
download1156.mediafire.com,MegaUploadSites,0,3/19/2025,3/19/2025,,,,Intel::DOMAIN,
download1157.mediafire.com,MegaUploadSites,0,3/19/2025,3/19/2025,,,,Intel::DOMAIN,
download1158.mediafire.com,MegaUploadSites,0,3/19/2025,3/19/2025,,,,Intel::DOMAIN,
download1159.mediafire.com,MegaUploadSites,0,3/19/2025,3/19/2025,,,,Intel::DOMAIN,
download1160.mediafire.com,MegaUploadSites,0,3/19/2025,3/19/2025,,,,Intel::DOMAIN,
download1161.mediafire.com,MegaUploadSites,0,3/19/2025,3/19/2025,,,,Intel::DOMAIN,
download1161.mx7.mediafire.com,MegaUploadSites,0,3/19/2025,3/19/2025,,,,Intel::DOMAIN,
download1163.mediafire.com,MegaUploadSites,0,3/19/2025,3/19/2025,,,,Intel::DOMAIN,
download1164.mediafire.com,MegaUploadSites,0,3/19/2025,3/19/2025,,,,Intel::DOMAIN,
download1165.mediafire.com,MegaUploadSites,0,3/19/2025,3/19/2025,,,,Intel::DOMAIN,
download1167.mediafire.com,MegaUploadSites,0,3/19/2025,3/19/2025,,,,Intel::DOMAIN,
download1169.mediafire.com,MegaUploadSites,0,3/19/2025,3/19/2025,,,,Intel::DOMAIN,
download1169.mx2.mediafire.com,MegaUploadSites,0,3/19/2025,3/19/2025,,,,Intel::DOMAIN,
download117.mediafire.com,MegaUploadSites,0,3/19/2025,3/19/2025,,,,Intel::DOMAIN,
download1171.ftp.mediafire.com,MegaUploadSites,0,3/19/2025,3/19/2025,,,,Intel::DOMAIN,
download1171.mediafire.com,MegaUploadSites,0,3/19/2025,3/19/2025,,,,Intel::DOMAIN,
download1172.mediafire.com,MegaUploadSites,0,3/19/2025,3/19/2025,,,,Intel::DOMAIN,
download1172.mx1.mediafire.com,MegaUploadSites,0,3/19/2025,3/19/2025,,,,Intel::DOMAIN,
download1173.api.mediafire.com,MegaUploadSites,0,3/19/2025,3/19/2025,,,,Intel::DOMAIN,
download1173.mediafire.com,MegaUploadSites,0,3/19/2025,3/19/2025,,,,Intel::DOMAIN,
download1174.mediafire.com,MegaUploadSites,0,3/19/2025,3/19/2025,,,,Intel::DOMAIN,
download1175.mediafire.com,MegaUploadSites,0,3/19/2025,3/19/2025,,,,Intel::DOMAIN,
download1175.mx1.mediafire.com,MegaUploadSites,0,3/19/2025,3/19/2025,,,,Intel::DOMAIN,
download1176.mediafire.com,MegaUploadSites,0,3/19/2025,3/19/2025,,,,Intel::DOMAIN,
download1178.mediafire.com,MegaUploadSites,0,3/19/2025,3/19/2025,,,,Intel::DOMAIN,
download118.ftp.mediafire.com,MegaUploadSites,0,3/19/2025,3/19/2025,,,,Intel::DOMAIN,
download1180.mediafire.com,MegaUploadSites,0,3/19/2025,3/19/2025,,,,Intel::DOMAIN,
download1181.mediafire.com,MegaUploadSites,0,3/19/2025,3/19/2025,,,,Intel::DOMAIN,
download1182.mediafire.com,MegaUploadSites,0,3/19/2025,3/19/2025,,,,Intel::DOMAIN,
download1183.mediafire.com,MegaUploadSites,0,3/19/2025,3/19/2025,,,,Intel::DOMAIN,
download1184.mediafire.com,MegaUploadSites,0,3/19/2025,3/19/2025,,,,Intel::DOMAIN,
download1185.mediafire.com,MegaUploadSites,0,3/19/2025,3/19/2025,,,,Intel::DOMAIN,
download1186.mediafire.com,MegaUploadSites,0,3/19/2025,3/19/2025,,,,Intel::DOMAIN,
download1187.mediafire.com,MegaUploadSites,0,3/19/2025,3/19/2025,,,,Intel::DOMAIN,
download1189.ftp.mediafire.com,MegaUploadSites,0,3/19/2025,3/19/2025,,,,Intel::DOMAIN,
download1189.mediafire.com,MegaUploadSites,0,3/19/2025,3/19/2025,,,,Intel::DOMAIN,
download1191.mediafire.com,MegaUploadSites,0,3/19/2025,3/19/2025,,,,Intel::DOMAIN,
download1192.mediafire.com,MegaUploadSites,0,3/19/2025,3/19/2025,,,,Intel::DOMAIN,
download1193.ftp.mediafire.com,MegaUploadSites,0,3/19/2025,3/19/2025,,,,Intel::DOMAIN,
download1193.mediafire.com,MegaUploadSites,0,3/19/2025,3/19/2025,,,,Intel::DOMAIN,
download1194.mediafire.com,MegaUploadSites,0,3/19/2025,3/19/2025,,,,Intel::DOMAIN,
download1195.mediafire.com,MegaUploadSites,0,3/19/2025,3/19/2025,,,,Intel::DOMAIN,
download1198.mediafire.com,MegaUploadSites,0,3/19/2025,3/19/2025,,,,Intel::DOMAIN,
download1199.mediafire.com,MegaUploadSites,0,3/19/2025,3/19/2025,,,,Intel::DOMAIN,
download12.mediafire.com,MegaUploadSites,0,3/19/2025,3/19/2025,,,,Intel::DOMAIN,
download1200.mediafire.com,MegaUploadSites,0,3/19/2025,3/19/2025,,,,Intel::DOMAIN,
download1201.mediafire.com,MegaUploadSites,0,3/19/2025,3/19/2025,,,,Intel::DOMAIN,
download1202.mediafire.com,MegaUploadSites,0,3/19/2025,3/19/2025,,,,Intel::DOMAIN,
download1202.ns.mediafire.com,MegaUploadSites,0,3/19/2025,3/19/2025,,,,Intel::DOMAIN,
download1203.mediafire.com,MegaUploadSites,0,3/19/2025,3/19/2025,,,,Intel::DOMAIN,
download1204.mediafire.com,MegaUploadSites,0,3/19/2025,3/19/2025,,,,Intel::DOMAIN,
download1205.mediafire.com,MegaUploadSites,0,3/19/2025,3/19/2025,,,,Intel::DOMAIN,
download1205.mx.mediafire.com,MegaUploadSites,0,3/19/2025,3/19/2025,,,,Intel::DOMAIN,
download1206.mediafire.com,MegaUploadSites,0,3/19/2025,3/19/2025,,,,Intel::DOMAIN,
download1208.mediafire.com,MegaUploadSites,0,3/19/2025,3/19/2025,,,,Intel::DOMAIN,
download1208.mx.mediafire.com,MegaUploadSites,0,3/19/2025,3/19/2025,,,,Intel::DOMAIN,
download1210.mediafire.com,MegaUploadSites,0,3/19/2025,3/19/2025,,,,Intel::DOMAIN,
download1211.mediafire.com,MegaUploadSites,0,3/19/2025,3/19/2025,,,,Intel::DOMAIN,
download1212.mediafire.com,MegaUploadSites,0,3/19/2025,3/19/2025,,,,Intel::DOMAIN,
download1213.mediafire.com,MegaUploadSites,0,3/19/2025,3/19/2025,,,,Intel::DOMAIN,
download1214.mediafire.com,MegaUploadSites,0,3/19/2025,3/19/2025,,,,Intel::DOMAIN,
download1215.mediafire.com,MegaUploadSites,0,3/19/2025,3/19/2025,,,,Intel::DOMAIN,
download1216.mx0.mediafire.com,MegaUploadSites,0,3/19/2025,3/19/2025,,,,Intel::DOMAIN,
download1217.mediafire.com,MegaUploadSites,0,3/19/2025,3/19/2025,,,,Intel::DOMAIN,
download1219.mediafire.com,MegaUploadSites,0,3/19/2025,3/19/2025,,,,Intel::DOMAIN,
download122.mediafire.com,MegaUploadSites,0,3/19/2025,3/19/2025,,,,Intel::DOMAIN,
download1220.mediafire.com,MegaUploadSites,0,3/19/2025,3/19/2025,,,,Intel::DOMAIN,
download1221.mediafire.com,MegaUploadSites,0,3/19/2025,3/19/2025,,,,Intel::DOMAIN,
download1221.mx0.mediafire.com,MegaUploadSites,0,3/19/2025,3/19/2025,,,,Intel::DOMAIN,
download1222.mediafire.com,MegaUploadSites,0,3/19/2025,3/19/2025,,,,Intel::DOMAIN,
download1223.mediafire.com,MegaUploadSites,0,3/19/2025,3/19/2025,,,,Intel::DOMAIN,
download1224.mediafire.com,MegaUploadSites,0,3/19/2025,3/19/2025,,,,Intel::DOMAIN,
download1225.mediafire.com,MegaUploadSites,0,3/19/2025,3/19/2025,,,,Intel::DOMAIN,
download1226.mediafire.com,MegaUploadSites,0,3/19/2025,3/19/2025,,,,Intel::DOMAIN,
download1228.mediafire.com,MegaUploadSites,0,3/19/2025,3/19/2025,,,,Intel::DOMAIN,
download1229.mediafire.com,MegaUploadSites,0,3/19/2025,3/19/2025,,,,Intel::DOMAIN,
download1230.bbs.mediafire.com,MegaUploadSites,0,3/19/2025,3/19/2025,,,,Intel::DOMAIN,
download1230.mediafire.com,MegaUploadSites,0,3/19/2025,3/19/2025,,,,Intel::DOMAIN,
download1231.mediafire.com,MegaUploadSites,0,3/19/2025,3/19/2025,,,,Intel::DOMAIN,
download1232.mediafire.com,MegaUploadSites,0,3/19/2025,3/19/2025,,,,Intel::DOMAIN,
download1233.mediafire.com,MegaUploadSites,0,3/19/2025,3/19/2025,,,,Intel::DOMAIN,
download1235.mediafire.com,MegaUploadSites,0,3/19/2025,3/19/2025,,,,Intel::DOMAIN,
download1236.mediafire.com,MegaUploadSites,0,3/19/2025,3/19/2025,,,,Intel::DOMAIN,
download1237.mediafire.com,MegaUploadSites,0,3/19/2025,3/19/2025,,,,Intel::DOMAIN,
download1239.mediafire.com,MegaUploadSites,0,3/19/2025,3/19/2025,,,,Intel::DOMAIN,
download1240.mediafire.com,MegaUploadSites,0,3/19/2025,3/19/2025,,,,Intel::DOMAIN,
download1241.mediafire.com,MegaUploadSites,0,3/19/2025,3/19/2025,,,,Intel::DOMAIN,
download1242.mediafire.com,MegaUploadSites,0,3/19/2025,3/19/2025,,,,Intel::DOMAIN,
download1243.mediafire.com,MegaUploadSites,0,3/19/2025,3/19/2025,,,,Intel::DOMAIN,
download1244.mediafire.com,MegaUploadSites,0,3/19/2025,3/19/2025,,,,Intel::DOMAIN,
download1246.mediafire.com,MegaUploadSites,0,3/19/2025,3/19/2025,,,,Intel::DOMAIN,
download1247.mediafire.com,MegaUploadSites,0,3/19/2025,3/19/2025,,,,Intel::DOMAIN,
download1248.mediafire.com,MegaUploadSites,0,3/19/2025,3/19/2025,,,,Intel::DOMAIN,
download1249.mediafire.com,MegaUploadSites,0,3/19/2025,3/19/2025,,,,Intel::DOMAIN,
download1250.mediafire.com,MegaUploadSites,0,3/19/2025,3/19/2025,,,,Intel::DOMAIN,
download1251.mediafire.com,MegaUploadSites,0,3/19/2025,3/19/2025,,,,Intel::DOMAIN,
download1252.mediafire.com,MegaUploadSites,0,3/19/2025,3/19/2025,,,,Intel::DOMAIN,
download1253.mediafire.com,MegaUploadSites,0,3/19/2025,3/19/2025,,,,Intel::DOMAIN,
download1255.mediafire.com,MegaUploadSites,0,3/19/2025,3/19/2025,,,,Intel::DOMAIN,
download1256.mediafire.com,MegaUploadSites,0,3/19/2025,3/19/2025,,,,Intel::DOMAIN,
download1257.mediafire.com,MegaUploadSites,0,3/19/2025,3/19/2025,,,,Intel::DOMAIN,
download1258.mediafire.com,MegaUploadSites,0,3/19/2025,3/19/2025,,,,Intel::DOMAIN,
download1259.mediafire.com,MegaUploadSites,0,3/19/2025,3/19/2025,,,,Intel::DOMAIN,
download1260.mediafire.com,MegaUploadSites,0,3/19/2025,3/19/2025,,,,Intel::DOMAIN,
download1262.mx0.mediafire.com,MegaUploadSites,0,3/19/2025,3/19/2025,,,,Intel::DOMAIN,
download1263.mediafire.com,MegaUploadSites,0,3/19/2025,3/19/2025,,,,Intel::DOMAIN,
download1264.mediafire.com,MegaUploadSites,0,3/19/2025,3/19/2025,,,,Intel::DOMAIN,
download1266.mediafire.com,MegaUploadSites,0,3/19/2025,3/19/2025,,,,Intel::DOMAIN,
download1268.mediafire.com,MegaUploadSites,0,3/19/2025,3/19/2025,,,,Intel::DOMAIN,
download1269.mediafire.com,MegaUploadSites,0,3/19/2025,3/19/2025,,,,Intel::DOMAIN,
download1270.mediafire.com,MegaUploadSites,0,3/19/2025,3/19/2025,,,,Intel::DOMAIN,
download1271.mediafire.com,MegaUploadSites,0,3/19/2025,3/19/2025,,,,Intel::DOMAIN,
download1272.mediafire.com,MegaUploadSites,0,3/19/2025,3/19/2025,,,,Intel::DOMAIN,
download1273.mediafire.com,MegaUploadSites,0,3/19/2025,3/19/2025,,,,Intel::DOMAIN,
download1275.mediafire.com,MegaUploadSites,0,3/19/2025,3/19/2025,,,,Intel::DOMAIN,
download1277.mediafire.com,MegaUploadSites,0,3/19/2025,3/19/2025,,,,Intel::DOMAIN,
download1278.mediafire.com,MegaUploadSites,0,3/19/2025,3/19/2025,,,,Intel::DOMAIN,
download1279.mediafire.com,MegaUploadSites,0,3/19/2025,3/19/2025,,,,Intel::DOMAIN,
download1280.mediafire.com,MegaUploadSites,0,3/19/2025,3/19/2025,,,,Intel::DOMAIN,
download1281.mediafire.com,MegaUploadSites,0,3/19/2025,3/19/2025,,,,Intel::DOMAIN,
download1283.mediafire.com,MegaUploadSites,0,3/19/2025,3/19/2025,,,,Intel::DOMAIN,
download1284.mediafire.com,MegaUploadSites,0,3/19/2025,3/19/2025,,,,Intel::DOMAIN,
download1285.mediafire.com,MegaUploadSites,0,3/19/2025,3/19/2025,,,,Intel::DOMAIN,
download1286.mediafire.com,MegaUploadSites,0,3/19/2025,3/19/2025,,,,Intel::DOMAIN,
download1287.mediafire.com,MegaUploadSites,0,3/19/2025,3/19/2025,,,,Intel::DOMAIN,
download1287.mx0.mediafire.com,MegaUploadSites,0,3/19/2025,3/19/2025,,,,Intel::DOMAIN,
download1288.mediafire.com,MegaUploadSites,0,3/19/2025,3/19/2025,,,,Intel::DOMAIN,
download1289.mediafire.com,MegaUploadSites,0,3/19/2025,3/19/2025,,,,Intel::DOMAIN,
download1290.mediafire.com,MegaUploadSites,0,3/19/2025,3/19/2025,,,,Intel::DOMAIN,
download1291.mediafire.com,MegaUploadSites,0,3/19/2025,3/19/2025,,,,Intel::DOMAIN,
download1292.mediafire.com,MegaUploadSites,0,3/19/2025,3/19/2025,,,,Intel::DOMAIN,
download1294.mediafire.com,MegaUploadSites,0,3/19/2025,3/19/2025,,,,Intel::DOMAIN,
download1295.mediafire.com,MegaUploadSites,0,3/19/2025,3/19/2025,,,,Intel::DOMAIN,
download1297.mediafire.com,MegaUploadSites,0,3/19/2025,3/19/2025,,,,Intel::DOMAIN,
download1298.mediafire.com,MegaUploadSites,0,3/19/2025,3/19/2025,,,,Intel::DOMAIN,
download1299.mediafire.com,MegaUploadSites,0,3/19/2025,3/19/2025,,,,Intel::DOMAIN,
download130.mediafire.com,MegaUploadSites,0,3/19/2025,3/19/2025,,,,Intel::DOMAIN,
download1300.mediafire.com,MegaUploadSites,0,3/19/2025,3/19/2025,,,,Intel::DOMAIN,
download1301.mediafire.com,MegaUploadSites,0,3/19/2025,3/19/2025,,,,Intel::DOMAIN,
download1302.mediafire.com,MegaUploadSites,0,3/19/2025,3/19/2025,,,,Intel::DOMAIN,
download1303.mediafire.com,MegaUploadSites,0,3/19/2025,3/19/2025,,,,Intel::DOMAIN,
download1304.mediafire.com,MegaUploadSites,0,3/19/2025,3/19/2025,,,,Intel::DOMAIN,
download1304.mx1.mediafire.com,MegaUploadSites,0,3/19/2025,3/19/2025,,,,Intel::DOMAIN,
download1307.mediafire.com,MegaUploadSites,0,3/19/2025,3/19/2025,,,,Intel::DOMAIN,
download1309.mediafire.com,MegaUploadSites,0,3/19/2025,3/19/2025,,,,Intel::DOMAIN,
download1310.mediafire.com,MegaUploadSites,0,3/19/2025,3/19/2025,,,,Intel::DOMAIN,
download1312.mediafire.com,MegaUploadSites,0,3/19/2025,3/19/2025,,,,Intel::DOMAIN,
download1313.mediafire.com,MegaUploadSites,0,3/19/2025,3/19/2025,,,,Intel::DOMAIN,
download1313.mx2.mediafire.com,MegaUploadSites,0,3/19/2025,3/19/2025,,,,Intel::DOMAIN,
download1314.mediafire.com,MegaUploadSites,0,3/19/2025,3/19/2025,,,,Intel::DOMAIN,
download1316.mediafire.com,MegaUploadSites,0,3/19/2025,3/19/2025,,,,Intel::DOMAIN,
download1317.mediafire.com,MegaUploadSites,0,3/19/2025,3/19/2025,,,,Intel::DOMAIN,
download1318.mediafire.com,MegaUploadSites,0,3/19/2025,3/19/2025,,,,Intel::DOMAIN,
download1319.mediafire.com,MegaUploadSites,0,3/19/2025,3/19/2025,,,,Intel::DOMAIN,
download1320.ftp.mediafire.com,MegaUploadSites,0,3/19/2025,3/19/2025,,,,Intel::DOMAIN,
download1320.mediafire.com,MegaUploadSites,0,3/19/2025,3/19/2025,,,,Intel::DOMAIN,
download1320.mx1.mediafire.com,MegaUploadSites,0,3/19/2025,3/19/2025,,,,Intel::DOMAIN,
download1321.mediafire.com,MegaUploadSites,0,3/19/2025,3/19/2025,,,,Intel::DOMAIN,
download1322.mediafire.com,MegaUploadSites,0,3/19/2025,3/19/2025,,,,Intel::DOMAIN,
download1323.bbs.mediafire.com,MegaUploadSites,0,3/19/2025,3/19/2025,,,,Intel::DOMAIN,
download1323.mediafire.com,MegaUploadSites,0,3/19/2025,3/19/2025,,,,Intel::DOMAIN,
download1323.mx2.mediafire.com,MegaUploadSites,0,3/19/2025,3/19/2025,,,,Intel::DOMAIN,
download1324.mediafire.com,MegaUploadSites,0,3/19/2025,3/19/2025,,,,Intel::DOMAIN,
download1325.mediafire.com,MegaUploadSites,0,3/19/2025,3/19/2025,,,,Intel::DOMAIN,
download1326.mediafire.com,MegaUploadSites,0,3/19/2025,3/19/2025,,,,Intel::DOMAIN,
download1328.mediafire.com,MegaUploadSites,0,3/19/2025,3/19/2025,,,,Intel::DOMAIN,
download1329.mediafire.com,MegaUploadSites,0,3/19/2025,3/19/2025,,,,Intel::DOMAIN,
download1330.mediafire.com,MegaUploadSites,0,3/19/2025,3/19/2025,,,,Intel::DOMAIN,
download1331.mediafire.com,MegaUploadSites,0,3/19/2025,3/19/2025,,,,Intel::DOMAIN,
download1332.mediafire.com,MegaUploadSites,0,3/19/2025,3/19/2025,,,,Intel::DOMAIN,
download1332.ns.mediafire.com,MegaUploadSites,0,3/19/2025,3/19/2025,,,,Intel::DOMAIN,
download1333.mediafire.com,MegaUploadSites,0,3/19/2025,3/19/2025,,,,Intel::DOMAIN,
download1334.mediafire.com,MegaUploadSites,0,3/19/2025,3/19/2025,,,,Intel::DOMAIN,
download1335.mediafire.com,MegaUploadSites,0,3/19/2025,3/19/2025,,,,Intel::DOMAIN,
download1335.mx7.mediafire.com,MegaUploadSites,0,3/19/2025,3/19/2025,,,,Intel::DOMAIN,
download1336.mediafire.com,MegaUploadSites,0,3/19/2025,3/19/2025,,,,Intel::DOMAIN,
download1337.mediafire.com,MegaUploadSites,0,3/19/2025,3/19/2025,,,,Intel::DOMAIN,
download1338.mediafire.com,MegaUploadSites,0,3/19/2025,3/19/2025,,,,Intel::DOMAIN,
download1339.mediafire.com,MegaUploadSites,0,3/19/2025,3/19/2025,,,,Intel::DOMAIN,
download1340.mediafire.com,MegaUploadSites,0,3/19/2025,3/19/2025,,,,Intel::DOMAIN,
download1341.api.mediafire.com,MegaUploadSites,0,3/19/2025,3/19/2025,,,,Intel::DOMAIN,
download1341.mediafire.com,MegaUploadSites,0,3/19/2025,3/19/2025,,,,Intel::DOMAIN,
download1342.mediafire.com,MegaUploadSites,0,3/19/2025,3/19/2025,,,,Intel::DOMAIN,
download1343.mediafire.com,MegaUploadSites,0,3/19/2025,3/19/2025,,,,Intel::DOMAIN,
download1344.mediafire.com,MegaUploadSites,0,3/19/2025,3/19/2025,,,,Intel::DOMAIN,
download1345.mediafire.com,MegaUploadSites,0,3/19/2025,3/19/2025,,,,Intel::DOMAIN,
download1346.mediafire.com,MegaUploadSites,0,3/19/2025,3/19/2025,,,,Intel::DOMAIN,
download1346.mx0.mediafire.com,MegaUploadSites,0,3/19/2025,3/19/2025,,,,Intel::DOMAIN,
download1346.mx1.mediafire.com,MegaUploadSites,0,3/19/2025,3/19/2025,,,,Intel::DOMAIN,
download1347.mediafire.com,MegaUploadSites,0,3/19/2025,3/19/2025,,,,Intel::DOMAIN,
download1348.mediafire.com,MegaUploadSites,0,3/19/2025,3/19/2025,,,,Intel::DOMAIN,
download1349.mediafire.com,MegaUploadSites,0,3/19/2025,3/19/2025,,,,Intel::DOMAIN,
download1350.mediafire.com,MegaUploadSites,0,3/19/2025,3/19/2025,,,,Intel::DOMAIN,
download1351.mediafire.com,MegaUploadSites,0,3/19/2025,3/19/2025,,,,Intel::DOMAIN,
download1352.mediafire.com,MegaUploadSites,0,3/19/2025,3/19/2025,,,,Intel::DOMAIN,
download1353.mediafire.com,MegaUploadSites,0,3/19/2025,3/19/2025,,,,Intel::DOMAIN,
download1354.mediafire.com,MegaUploadSites,0,3/19/2025,3/19/2025,,,,Intel::DOMAIN,
download1355.mediafire.com,MegaUploadSites,0,3/19/2025,3/19/2025,,,,Intel::DOMAIN,
download1355.mx1.mediafire.com,MegaUploadSites,0,3/19/2025,3/19/2025,,,,Intel::DOMAIN,
download1356.mediafire.com,MegaUploadSites,0,3/19/2025,3/19/2025,,,,Intel::DOMAIN,
download1357.mediafire.com,MegaUploadSites,0,3/19/2025,3/19/2025,,,,Intel::DOMAIN,
download1358.ftp.mediafire.com,MegaUploadSites,0,3/19/2025,3/19/2025,,,,Intel::DOMAIN,
download1358.mediafire.com,MegaUploadSites,0,3/19/2025,3/19/2025,,,,Intel::DOMAIN,
download1359.mediafire.com,MegaUploadSites,0,3/19/2025,3/19/2025,,,,Intel::DOMAIN,
download1361.mediafire.com,MegaUploadSites,0,3/19/2025,3/19/2025,,,,Intel::DOMAIN,
download1363.mediafire.com,MegaUploadSites,0,3/19/2025,3/19/2025,,,,Intel::DOMAIN,
download1364.mediafire.com,MegaUploadSites,0,3/19/2025,3/19/2025,,,,Intel::DOMAIN,
download1365.ftp.mediafire.com,MegaUploadSites,0,3/19/2025,3/19/2025,,,,Intel::DOMAIN,
download1365.mediafire.com,MegaUploadSites,0,3/19/2025,3/19/2025,,,,Intel::DOMAIN,
download1366.mediafire.com,MegaUploadSites,0,3/19/2025,3/19/2025,,,,Intel::DOMAIN,
download1367.mediafire.com,MegaUploadSites,0,3/19/2025,3/19/2025,,,,Intel::DOMAIN,
download1368.mediafire.com,MegaUploadSites,0,3/19/2025,3/19/2025,,,,Intel::DOMAIN,
download1369.mediafire.com,MegaUploadSites,0,3/19/2025,3/19/2025,,,,Intel::DOMAIN,
download1369.mx1.mediafire.com,MegaUploadSites,0,3/19/2025,3/19/2025,,,,Intel::DOMAIN,
download1370.mediafire.com,MegaUploadSites,0,3/19/2025,3/19/2025,,,,Intel::DOMAIN,
download1371.bbs.mediafire.com,MegaUploadSites,0,3/19/2025,3/19/2025,,,,Intel::DOMAIN,
download1371.mediafire.com,MegaUploadSites,0,3/19/2025,3/19/2025,,,,Intel::DOMAIN,
download1373.mediafire.com,MegaUploadSites,0,3/19/2025,3/19/2025,,,,Intel::DOMAIN,
download1374.mediafire.com,MegaUploadSites,0,3/19/2025,3/19/2025,,,,Intel::DOMAIN,
download1375.mediafire.com,MegaUploadSites,0,3/19/2025,3/19/2025,,,,Intel::DOMAIN,
download1376.mediafire.com,MegaUploadSites,0,3/19/2025,3/19/2025,,,,Intel::DOMAIN,
download1378.mediafire.com,MegaUploadSites,0,3/19/2025,3/19/2025,,,,Intel::DOMAIN,
download1379.mediafire.com,MegaUploadSites,0,3/19/2025,3/19/2025,,,,Intel::DOMAIN,
download1380.mediafire.com,MegaUploadSites,0,3/19/2025,3/19/2025,,,,Intel::DOMAIN,
download1380.mx1.mediafire.com,MegaUploadSites,0,3/19/2025,3/19/2025,,,,Intel::DOMAIN,
download1380.mx7.mediafire.com,MegaUploadSites,0,3/19/2025,3/19/2025,,,,Intel::DOMAIN,
download1382.mediafire.com,MegaUploadSites,0,3/19/2025,3/19/2025,,,,Intel::DOMAIN,
download1383.mediafire.com,MegaUploadSites,0,3/19/2025,3/19/2025,,,,Intel::DOMAIN,
download1384.mediafire.com,MegaUploadSites,0,3/19/2025,3/19/2025,,,,Intel::DOMAIN,
download1385.mediafire.com,MegaUploadSites,0,3/19/2025,3/19/2025,,,,Intel::DOMAIN,
download1386.mediafire.com,MegaUploadSites,0,3/19/2025,3/19/2025,,,,Intel::DOMAIN,
download1387.mediafire.com,MegaUploadSites,0,3/19/2025,3/19/2025,,,,Intel::DOMAIN,
download1389.mediafire.com,MegaUploadSites,0,3/19/2025,3/19/2025,,,,Intel::DOMAIN,
download1391.mediafire.com,MegaUploadSites,0,3/19/2025,3/19/2025,,,,Intel::DOMAIN,
download1392.mediafire.com,MegaUploadSites,0,3/19/2025,3/19/2025,,,,Intel::DOMAIN,
download1394.mediafire.com,MegaUploadSites,0,3/19/2025,3/19/2025,,,,Intel::DOMAIN,
download1394.mx0.mediafire.com,MegaUploadSites,0,3/19/2025,3/19/2025,,,,Intel::DOMAIN,
download1396.mediafire.com,MegaUploadSites,0,3/19/2025,3/19/2025,,,,Intel::DOMAIN,
download1397.mediafire.com,MegaUploadSites,0,3/19/2025,3/19/2025,,,,Intel::DOMAIN,
download1398.mediafire.com,MegaUploadSites,0,3/19/2025,3/19/2025,,,,Intel::DOMAIN,
download1399.mediafire.com,MegaUploadSites,0,3/19/2025,3/19/2025,,,,Intel::DOMAIN,
download14.mediafire.com,MegaUploadSites,0,3/19/2025,3/19/2025,,,,Intel::DOMAIN,
download1400.mediafire.com,MegaUploadSites,0,3/19/2025,3/19/2025,,,,Intel::DOMAIN,
download1401.mediafire.com,MegaUploadSites,0,3/19/2025,3/19/2025,,,,Intel::DOMAIN,
download1402.mediafire.com,MegaUploadSites,0,3/19/2025,3/19/2025,,,,Intel::DOMAIN,
download1403.mediafire.com,MegaUploadSites,0,3/19/2025,3/19/2025,,,,Intel::DOMAIN,
download1404.mediafire.com,MegaUploadSites,0,3/19/2025,3/19/2025,,,,Intel::DOMAIN,
download1406.mediafire.com,MegaUploadSites,0,3/19/2025,3/19/2025,,,,Intel::DOMAIN,
download1408.mediafire.com,MegaUploadSites,0,3/19/2025,3/19/2025,,,,Intel::DOMAIN,
download1409.mediafire.com,MegaUploadSites,0,3/19/2025,3/19/2025,,,,Intel::DOMAIN,
download1411.ftp.mediafire.com,MegaUploadSites,0,3/19/2025,3/19/2025,,,,Intel::DOMAIN,
download1411.mediafire.com,MegaUploadSites,0,3/19/2025,3/19/2025,,,,Intel::DOMAIN,
download1412.api.mediafire.com,MegaUploadSites,0,3/19/2025,3/19/2025,,,,Intel::DOMAIN,
download1412.mediafire.com,MegaUploadSites,0,3/19/2025,3/19/2025,,,,Intel::DOMAIN,
download1413.mediafire.com,MegaUploadSites,0,3/19/2025,3/19/2025,,,,Intel::DOMAIN,
download1414.mediafire.com,MegaUploadSites,0,3/19/2025,3/19/2025,,,,Intel::DOMAIN,
download1417.mediafire.com,MegaUploadSites,0,3/19/2025,3/19/2025,,,,Intel::DOMAIN,
download1418.mediafire.com,MegaUploadSites,0,3/19/2025,3/19/2025,,,,Intel::DOMAIN,
download1419.mediafire.com,MegaUploadSites,0,3/19/2025,3/19/2025,,,,Intel::DOMAIN,
download1420.mediafire.com,MegaUploadSites,0,3/19/2025,3/19/2025,,,,Intel::DOMAIN,
download1421.mediafire.com,MegaUploadSites,0,3/19/2025,3/19/2025,,,,Intel::DOMAIN,
download1422.mediafire.com,MegaUploadSites,0,3/19/2025,3/19/2025,,,,Intel::DOMAIN,
download1423.mediafire.com,MegaUploadSites,0,3/19/2025,3/19/2025,,,,Intel::DOMAIN,
download1424.mediafire.com,MegaUploadSites,0,3/19/2025,3/19/2025,,,,Intel::DOMAIN,
download1424.mx.mediafire.com,MegaUploadSites,0,3/19/2025,3/19/2025,,,,Intel::DOMAIN,
download1424.mx1.mediafire.com,MegaUploadSites,0,3/19/2025,3/19/2025,,,,Intel::DOMAIN,
download1426.mediafire.com,MegaUploadSites,0,3/19/2025,3/19/2025,,,,Intel::DOMAIN,
download1427.mediafire.com,MegaUploadSites,0,3/19/2025,3/19/2025,,,,Intel::DOMAIN,
download1428.mediafire.com,MegaUploadSites,0,3/19/2025,3/19/2025,,,,Intel::DOMAIN,
download1429.mediafire.com,MegaUploadSites,0,3/19/2025,3/19/2025,,,,Intel::DOMAIN,
download1430.mx7.mediafire.com,MegaUploadSites,0,3/19/2025,3/19/2025,,,,Intel::DOMAIN,
download1431.mediafire.com,MegaUploadSites,0,3/19/2025,3/19/2025,,,,Intel::DOMAIN,
download1432.mediafire.com,MegaUploadSites,0,3/19/2025,3/19/2025,,,,Intel::DOMAIN,
download1433.mediafire.com,MegaUploadSites,0,3/19/2025,3/19/2025,,,,Intel::DOMAIN,
download1434.mediafire.com,MegaUploadSites,0,3/19/2025,3/19/2025,,,,Intel::DOMAIN,
download1435.mediafire.com,MegaUploadSites,0,3/19/2025,3/19/2025,,,,Intel::DOMAIN,
download1436.mediafire.com,MegaUploadSites,0,3/19/2025,3/19/2025,,,,Intel::DOMAIN,
download1437.mediafire.com,MegaUploadSites,0,3/19/2025,3/19/2025,,,,Intel::DOMAIN,
download1439.api.mediafire.com,MegaUploadSites,0,3/19/2025,3/19/2025,,,,Intel::DOMAIN,
download1439.mediafire.com,MegaUploadSites,0,3/19/2025,3/19/2025,,,,Intel::DOMAIN,
download1440.mediafire.com,MegaUploadSites,0,3/19/2025,3/19/2025,,,,Intel::DOMAIN,
download1441.ns.mediafire.com,MegaUploadSites,0,3/19/2025,3/19/2025,,,,Intel::DOMAIN,
download1442.mediafire.com,MegaUploadSites,0,3/19/2025,3/19/2025,,,,Intel::DOMAIN,
download1443.mediafire.com,MegaUploadSites,0,3/19/2025,3/19/2025,,,,Intel::DOMAIN,
download1444.mediafire.com,MegaUploadSites,0,3/19/2025,3/19/2025,,,,Intel::DOMAIN,
download1445.mediafire.com,MegaUploadSites,0,3/19/2025,3/19/2025,,,,Intel::DOMAIN,
download1446.mediafire.com,MegaUploadSites,0,3/19/2025,3/19/2025,,,,Intel::DOMAIN,
download1447.mediafire.com,MegaUploadSites,0,3/19/2025,3/19/2025,,,,Intel::DOMAIN,
download1447.ns.mediafire.com,MegaUploadSites,0,3/19/2025,3/19/2025,,,,Intel::DOMAIN,
download1449.mediafire.com,MegaUploadSites,0,3/19/2025,3/19/2025,,,,Intel::DOMAIN,
download1450.mediafire.com,MegaUploadSites,0,3/19/2025,3/19/2025,,,,Intel::DOMAIN,
download1451.mediafire.com,MegaUploadSites,0,3/19/2025,3/19/2025,,,,Intel::DOMAIN,
download1453.mediafire.com,MegaUploadSites,0,3/19/2025,3/19/2025,,,,Intel::DOMAIN,
download1454.mediafire.com,MegaUploadSites,0,3/19/2025,3/19/2025,,,,Intel::DOMAIN,
download1455.mediafire.com,MegaUploadSites,0,3/19/2025,3/19/2025,,,,Intel::DOMAIN,
download1457.mediafire.com,MegaUploadSites,0,3/19/2025,3/19/2025,,,,Intel::DOMAIN,
download1458.mediafire.com,MegaUploadSites,0,3/19/2025,3/19/2025,,,,Intel::DOMAIN,
download1460.mediafire.com,MegaUploadSites,0,3/19/2025,3/19/2025,,,,Intel::DOMAIN,
download1461.mediafire.com,MegaUploadSites,0,3/19/2025,3/19/2025,,,,Intel::DOMAIN,
download1462.mediafire.com,MegaUploadSites,0,3/19/2025,3/19/2025,,,,Intel::DOMAIN,
download1463.mediafire.com,MegaUploadSites,0,3/19/2025,3/19/2025,,,,Intel::DOMAIN,
download1464.mediafire.com,MegaUploadSites,0,3/19/2025,3/19/2025,,,,Intel::DOMAIN,
download1464.ns.mediafire.com,MegaUploadSites,0,3/19/2025,3/19/2025,,,,Intel::DOMAIN,
download1465.mediafire.com,MegaUploadSites,0,3/19/2025,3/19/2025,,,,Intel::DOMAIN,
download1466.mediafire.com,MegaUploadSites,0,3/19/2025,3/19/2025,,,,Intel::DOMAIN,
download1466.mx1.mediafire.com,MegaUploadSites,0,3/19/2025,3/19/2025,,,,Intel::DOMAIN,
download1467.mediafire.com,MegaUploadSites,0,3/19/2025,3/19/2025,,,,Intel::DOMAIN,
download1468.api.mediafire.com,MegaUploadSites,0,3/19/2025,3/19/2025,,,,Intel::DOMAIN,
download1468.mediafire.com,MegaUploadSites,0,3/19/2025,3/19/2025,,,,Intel::DOMAIN,
download1469.mediafire.com,MegaUploadSites,0,3/19/2025,3/19/2025,,,,Intel::DOMAIN,
download1470.mediafire.com,MegaUploadSites,0,3/19/2025,3/19/2025,,,,Intel::DOMAIN,
download1471.mediafire.com,MegaUploadSites,0,3/19/2025,3/19/2025,,,,Intel::DOMAIN,
download1472.mediafire.com,MegaUploadSites,0,3/19/2025,3/19/2025,,,,Intel::DOMAIN,
download1472.ns.mediafire.com,MegaUploadSites,0,3/19/2025,3/19/2025,,,,Intel::DOMAIN,
download1473.mediafire.com,MegaUploadSites,0,3/19/2025,3/19/2025,,,,Intel::DOMAIN,
download1474.mediafire.com,MegaUploadSites,0,3/19/2025,3/19/2025,,,,Intel::DOMAIN,
download1475.mediafire.com,MegaUploadSites,0,3/19/2025,3/19/2025,,,,Intel::DOMAIN,
download1476.mediafire.com,MegaUploadSites,0,3/19/2025,3/19/2025,,,,Intel::DOMAIN,
download1477.mediafire.com,MegaUploadSites,0,3/19/2025,3/19/2025,,,,Intel::DOMAIN,
download1478.mediafire.com,MegaUploadSites,0,3/19/2025,3/19/2025,,,,Intel::DOMAIN,
download1479.api.mediafire.com,MegaUploadSites,0,3/19/2025,3/19/2025,,,,Intel::DOMAIN,
download1479.mediafire.com,MegaUploadSites,0,3/19/2025,3/19/2025,,,,Intel::DOMAIN,
download148.mx.mediafire.com,MegaUploadSites,0,3/19/2025,3/19/2025,,,,Intel::DOMAIN,
download1480.mediafire.com,MegaUploadSites,0,3/19/2025,3/19/2025,,,,Intel::DOMAIN,
download1481.mediafire.com,MegaUploadSites,0,3/19/2025,3/19/2025,,,,Intel::DOMAIN,
download1482.mediafire.com,MegaUploadSites,0,3/19/2025,3/19/2025,,,,Intel::DOMAIN,
download1483.mediafire.com,MegaUploadSites,0,3/19/2025,3/19/2025,,,,Intel::DOMAIN,
download1484.mediafire.com,MegaUploadSites,0,3/19/2025,3/19/2025,,,,Intel::DOMAIN,
download1485.bbs.mediafire.com,MegaUploadSites,0,3/19/2025,3/19/2025,,,,Intel::DOMAIN,
download1485.mediafire.com,MegaUploadSites,0,3/19/2025,3/19/2025,,,,Intel::DOMAIN,
download1486.mediafire.com,MegaUploadSites,0,3/19/2025,3/19/2025,,,,Intel::DOMAIN,
download1487.mediafire.com,MegaUploadSites,0,3/19/2025,3/19/2025,,,,Intel::DOMAIN,
download1488.ftp.mediafire.com,MegaUploadSites,0,3/19/2025,3/19/2025,,,,Intel::DOMAIN,
download1488.mediafire.com,MegaUploadSites,0,3/19/2025,3/19/2025,,,,Intel::DOMAIN,
download1489.mediafire.com,MegaUploadSites,0,3/19/2025,3/19/2025,,,,Intel::DOMAIN,
download1490.mediafire.com,MegaUploadSites,0,3/19/2025,3/19/2025,,,,Intel::DOMAIN,
download1490.mx7.mediafire.com,MegaUploadSites,0,3/19/2025,3/19/2025,,,,Intel::DOMAIN,
download1491.mediafire.com,MegaUploadSites,0,3/19/2025,3/19/2025,,,,Intel::DOMAIN,
download1492.mediafire.com,MegaUploadSites,0,3/19/2025,3/19/2025,,,,Intel::DOMAIN,
download1493.ftp.mediafire.com,MegaUploadSites,0,3/19/2025,3/19/2025,,,,Intel::DOMAIN,
download1493.mediafire.com,MegaUploadSites,0,3/19/2025,3/19/2025,,,,Intel::DOMAIN,
download1494.mediafire.com,MegaUploadSites,0,3/19/2025,3/19/2025,,,,Intel::DOMAIN,
download1495.mediafire.com,MegaUploadSites,0,3/19/2025,3/19/2025,,,,Intel::DOMAIN,
download1496.mediafire.com,MegaUploadSites,0,3/19/2025,3/19/2025,,,,Intel::DOMAIN,
download1497.mediafire.com,MegaUploadSites,0,3/19/2025,3/19/2025,,,,Intel::DOMAIN,
download1498.mediafire.com,MegaUploadSites,0,3/19/2025,3/19/2025,,,,Intel::DOMAIN,
download1498.mx7.mediafire.com,MegaUploadSites,0,3/19/2025,3/19/2025,,,,Intel::DOMAIN,
download1499.mediafire.com,MegaUploadSites,0,3/19/2025,3/19/2025,,,,Intel::DOMAIN,
download15.mediafire.com,MegaUploadSites,0,3/19/2025,3/19/2025,,,,Intel::DOMAIN,
download150.mediafire.com,MegaUploadSites,0,3/19/2025,3/19/2025,,,,Intel::DOMAIN,
download1500.mediafire.com,MegaUploadSites,0,3/19/2025,3/19/2025,,,,Intel::DOMAIN,
download1501.mediafire.com,MegaUploadSites,0,3/19/2025,3/19/2025,,,,Intel::DOMAIN,
download1502.mediafire.com,MegaUploadSites,0,3/19/2025,3/19/2025,,,,Intel::DOMAIN,
download1502.mx1.mediafire.com,MegaUploadSites,0,3/19/2025,3/19/2025,,,,Intel::DOMAIN,
download1503.mediafire.com,MegaUploadSites,0,3/19/2025,3/19/2025,,,,Intel::DOMAIN,
download1503.mx.mediafire.com,MegaUploadSites,0,3/19/2025,3/19/2025,,,,Intel::DOMAIN,
download1503.mx2.mediafire.com,MegaUploadSites,0,3/19/2025,3/19/2025,,,,Intel::DOMAIN,
download1504.mediafire.com,MegaUploadSites,0,3/19/2025,3/19/2025,,,,Intel::DOMAIN,
download1505.mediafire.com,MegaUploadSites,0,3/19/2025,3/19/2025,,,,Intel::DOMAIN,
download1506.mediafire.com,MegaUploadSites,0,3/19/2025,3/19/2025,,,,Intel::DOMAIN,
download1507.mediafire.com,MegaUploadSites,0,3/19/2025,3/19/2025,,,,Intel::DOMAIN,
download1508.mediafire.com,MegaUploadSites,0,3/19/2025,3/19/2025,,,,Intel::DOMAIN,
download1509.mediafire.com,MegaUploadSites,0,3/19/2025,3/19/2025,,,,Intel::DOMAIN,
download151.mx0.mediafire.com,MegaUploadSites,0,3/19/2025,3/19/2025,,,,Intel::DOMAIN,
download1510.mediafire.com,MegaUploadSites,0,3/19/2025,3/19/2025,,,,Intel::DOMAIN,
download1511.mediafire.com,MegaUploadSites,0,3/19/2025,3/19/2025,,,,Intel::DOMAIN,
download1512.mediafire.com,MegaUploadSites,0,3/19/2025,3/19/2025,,,,Intel::DOMAIN,
download1513.mediafire.com,MegaUploadSites,0,3/19/2025,3/19/2025,,,,Intel::DOMAIN,
download1515.mediafire.com,MegaUploadSites,0,3/19/2025,3/19/2025,,,,Intel::DOMAIN,
download1516.mediafire.com,MegaUploadSites,0,3/19/2025,3/19/2025,,,,Intel::DOMAIN,
download1517.mediafire.com,MegaUploadSites,0,3/19/2025,3/19/2025,,,,Intel::DOMAIN,
download1518.mediafire.com,MegaUploadSites,0,3/19/2025,3/19/2025,,,,Intel::DOMAIN,
download1519.mediafire.com,MegaUploadSites,0,3/19/2025,3/19/2025,,,,Intel::DOMAIN,
download152.mediafire.com,MegaUploadSites,0,3/19/2025,3/19/2025,,,,Intel::DOMAIN,
download1520.mediafire.com,MegaUploadSites,0,3/19/2025,3/19/2025,,,,Intel::DOMAIN,
download1521.mediafire.com,MegaUploadSites,0,3/19/2025,3/19/2025,,,,Intel::DOMAIN,
download1521.mx2.mediafire.com,MegaUploadSites,0,3/19/2025,3/19/2025,,,,Intel::DOMAIN,
download1521.ns.mediafire.com,MegaUploadSites,0,3/19/2025,3/19/2025,,,,Intel::DOMAIN,
download1522.mediafire.com,MegaUploadSites,0,3/19/2025,3/19/2025,,,,Intel::DOMAIN,
download1523.mediafire.com,MegaUploadSites,0,3/19/2025,3/19/2025,,,,Intel::DOMAIN,
download1523.ns.mediafire.com,MegaUploadSites,0,3/19/2025,3/19/2025,,,,Intel::DOMAIN,
download1525.mediafire.com,MegaUploadSites,0,3/19/2025,3/19/2025,,,,Intel::DOMAIN,
download154.mediafire.com,MegaUploadSites,0,3/19/2025,3/19/2025,,,,Intel::DOMAIN,
download1567.mediafire.com,MegaUploadSites,0,3/19/2025,3/19/2025,,,,Intel::DOMAIN,
download1568.mediafire.com,MegaUploadSites,0,3/19/2025,3/19/2025,,,,Intel::DOMAIN,
download157.ns.mediafire.com,MegaUploadSites,0,3/19/2025,3/19/2025,,,,Intel::DOMAIN,
download1570.mediafire.com,MegaUploadSites,0,3/19/2025,3/19/2025,,,,Intel::DOMAIN,
download1571.mediafire.com,MegaUploadSites,0,3/19/2025,3/19/2025,,,,Intel::DOMAIN,
download1572.mediafire.com,MegaUploadSites,0,3/19/2025,3/19/2025,,,,Intel::DOMAIN,
download1573.mediafire.com,MegaUploadSites,0,3/19/2025,3/19/2025,,,,Intel::DOMAIN,
download1574.mediafire.com,MegaUploadSites,0,3/19/2025,3/19/2025,,,,Intel::DOMAIN,
download1575.mediafire.com,MegaUploadSites,0,3/19/2025,3/19/2025,,,,Intel::DOMAIN,
download1576.mediafire.com,MegaUploadSites,0,3/19/2025,3/19/2025,,,,Intel::DOMAIN,
download1577.mediafire.com,MegaUploadSites,0,3/19/2025,3/19/2025,,,,Intel::DOMAIN,
download1578.mediafire.com,MegaUploadSites,0,3/19/2025,3/19/2025,,,,Intel::DOMAIN,
download1579.mediafire.com,MegaUploadSites,0,3/19/2025,3/19/2025,,,,Intel::DOMAIN,
download1580.mediafire.com,MegaUploadSites,0,3/19/2025,3/19/2025,,,,Intel::DOMAIN,
download1581.mediafire.com,MegaUploadSites,0,3/19/2025,3/19/2025,,,,Intel::DOMAIN,
download1581.mx7.mediafire.com,MegaUploadSites,0,3/19/2025,3/19/2025,,,,Intel::DOMAIN,
download1582.mediafire.com,MegaUploadSites,0,3/19/2025,3/19/2025,,,,Intel::DOMAIN,
download1583.mediafire.com,MegaUploadSites,0,3/19/2025,3/19/2025,,,,Intel::DOMAIN,
download1584.mediafire.com,MegaUploadSites,0,3/19/2025,3/19/2025,,,,Intel::DOMAIN,
download1585.mediafire.com,MegaUploadSites,0,3/19/2025,3/19/2025,,,,Intel::DOMAIN,
download1586.mediafire.com,MegaUploadSites,0,3/19/2025,3/19/2025,,,,Intel::DOMAIN,
download1587.mediafire.com,MegaUploadSites,0,3/19/2025,3/19/2025,,,,Intel::DOMAIN,
download1588.mediafire.com,MegaUploadSites,0,3/19/2025,3/19/2025,,,,Intel::DOMAIN,
download1589.mediafire.com,MegaUploadSites,0,3/19/2025,3/19/2025,,,,Intel::DOMAIN,
download1590.mediafire.com,MegaUploadSites,0,3/19/2025,3/19/2025,,,,Intel::DOMAIN,
download1591.mediafire.com,MegaUploadSites,0,3/19/2025,3/19/2025,,,,Intel::DOMAIN,
download1593.mediafire.com,MegaUploadSites,0,3/19/2025,3/19/2025,,,,Intel::DOMAIN,
download1594.mediafire.com,MegaUploadSites,0,3/19/2025,3/19/2025,,,,Intel::DOMAIN,
download1595.mediafire.com,MegaUploadSites,0,3/19/2025,3/19/2025,,,,Intel::DOMAIN,
download1596.mediafire.com,MegaUploadSites,0,3/19/2025,3/19/2025,,,,Intel::DOMAIN,
download1597.mediafire.com,MegaUploadSites,0,3/19/2025,3/19/2025,,,,Intel::DOMAIN,
download1598.mediafire.com,MegaUploadSites,0,3/19/2025,3/19/2025,,,,Intel::DOMAIN,
download16.mediafire.com,MegaUploadSites,0,3/19/2025,3/19/2025,,,,Intel::DOMAIN,
download1600.mediafire.com,MegaUploadSites,0,3/19/2025,3/19/2025,,,,Intel::DOMAIN,
download1601.ns.mediafire.com,MegaUploadSites,0,3/19/2025,3/19/2025,,,,Intel::DOMAIN,
download1602.mediafire.com,MegaUploadSites,0,3/19/2025,3/19/2025,,,,Intel::DOMAIN,
download1603.api.mediafire.com,MegaUploadSites,0,3/19/2025,3/19/2025,,,,Intel::DOMAIN,
download1603.mediafire.com,MegaUploadSites,0,3/19/2025,3/19/2025,,,,Intel::DOMAIN,
download1604.mediafire.com,MegaUploadSites,0,3/19/2025,3/19/2025,,,,Intel::DOMAIN,
download1606.mediafire.com,MegaUploadSites,0,3/19/2025,3/19/2025,,,,Intel::DOMAIN,
download1607.api.mediafire.com,MegaUploadSites,0,3/19/2025,3/19/2025,,,,Intel::DOMAIN,
download1607.mediafire.com,MegaUploadSites,0,3/19/2025,3/19/2025,,,,Intel::DOMAIN,
download1608.mediafire.com,MegaUploadSites,0,3/19/2025,3/19/2025,,,,Intel::DOMAIN,
download1609.mediafire.com,MegaUploadSites,0,3/19/2025,3/19/2025,,,,Intel::DOMAIN,
download161.mediafire.com,MegaUploadSites,0,3/19/2025,3/19/2025,,,,Intel::DOMAIN,
download1610.mediafire.com,MegaUploadSites,0,3/19/2025,3/19/2025,,,,Intel::DOMAIN,
download1611.mediafire.com,MegaUploadSites,0,3/19/2025,3/19/2025,,,,Intel::DOMAIN,
download1612.mediafire.com,MegaUploadSites,0,3/19/2025,3/19/2025,,,,Intel::DOMAIN,
download1613.mediafire.com,MegaUploadSites,0,3/19/2025,3/19/2025,,,,Intel::DOMAIN,
download1614.mediafire.com,MegaUploadSites,0,3/19/2025,3/19/2025,,,,Intel::DOMAIN,
download1615.mediafire.com,MegaUploadSites,0,3/19/2025,3/19/2025,,,,Intel::DOMAIN,
download1615.mx7.mediafire.com,MegaUploadSites,0,3/19/2025,3/19/2025,,,,Intel::DOMAIN,
download1616.bbs.mediafire.com,MegaUploadSites,0,3/19/2025,3/19/2025,,,,Intel::DOMAIN,
download1616.mediafire.com,MegaUploadSites,0,3/19/2025,3/19/2025,,,,Intel::DOMAIN,
download1617.mediafire.com,MegaUploadSites,0,3/19/2025,3/19/2025,,,,Intel::DOMAIN,
download1618.mediafire.com,MegaUploadSites,0,3/19/2025,3/19/2025,,,,Intel::DOMAIN,
download1620.mediafire.com,MegaUploadSites,0,3/19/2025,3/19/2025,,,,Intel::DOMAIN,
download1621.mediafire.com,MegaUploadSites,0,3/19/2025,3/19/2025,,,,Intel::DOMAIN,
download1622.mediafire.com,MegaUploadSites,0,3/19/2025,3/19/2025,,,,Intel::DOMAIN,
download1623.mediafire.com,MegaUploadSites,0,3/19/2025,3/19/2025,,,,Intel::DOMAIN,
download1624.mediafire.com,MegaUploadSites,0,3/19/2025,3/19/2025,,,,Intel::DOMAIN,
download1625.mediafire.com,MegaUploadSites,0,3/19/2025,3/19/2025,,,,Intel::DOMAIN,
download1626.mediafire.com,MegaUploadSites,0,3/19/2025,3/19/2025,,,,Intel::DOMAIN,
download1628.mediafire.com,MegaUploadSites,0,3/19/2025,3/19/2025,,,,Intel::DOMAIN,
download1629.mediafire.com,MegaUploadSites,0,3/19/2025,3/19/2025,,,,Intel::DOMAIN,
download1630.mediafire.com,MegaUploadSites,0,3/19/2025,3/19/2025,,,,Intel::DOMAIN,
download1630.mx7.mediafire.com,MegaUploadSites,0,3/19/2025,3/19/2025,,,,Intel::DOMAIN,
download1631.mediafire.com,MegaUploadSites,0,3/19/2025,3/19/2025,,,,Intel::DOMAIN,
download1632.mediafire.com,MegaUploadSites,0,3/19/2025,3/19/2025,,,,Intel::DOMAIN,
download1633.mediafire.com,MegaUploadSites,0,3/19/2025,3/19/2025,,,,Intel::DOMAIN,
download1634.mediafire.com,MegaUploadSites,0,3/19/2025,3/19/2025,,,,Intel::DOMAIN,
download1635.mediafire.com,MegaUploadSites,0,3/19/2025,3/19/2025,,,,Intel::DOMAIN,
download1636.mediafire.com,MegaUploadSites,0,3/19/2025,3/19/2025,,,,Intel::DOMAIN,
download1637.mediafire.com,MegaUploadSites,0,3/19/2025,3/19/2025,,,,Intel::DOMAIN,
download1638.mediafire.com,MegaUploadSites,0,3/19/2025,3/19/2025,,,,Intel::DOMAIN,
download1639.mediafire.com,MegaUploadSites,0,3/19/2025,3/19/2025,,,,Intel::DOMAIN,
download164.mediafire.com,MegaUploadSites,0,3/19/2025,3/19/2025,,,,Intel::DOMAIN,
download164.mx2.mediafire.com,MegaUploadSites,0,3/19/2025,3/19/2025,,,,Intel::DOMAIN,
download1640.mediafire.com,MegaUploadSites,0,3/19/2025,3/19/2025,,,,Intel::DOMAIN,
download1641.mediafire.com,MegaUploadSites,0,3/19/2025,3/19/2025,,,,Intel::DOMAIN,
download1642.mediafire.com,MegaUploadSites,0,3/19/2025,3/19/2025,,,,Intel::DOMAIN,
download1643.mediafire.com,MegaUploadSites,0,3/19/2025,3/19/2025,,,,Intel::DOMAIN,
download1643.mx.mediafire.com,MegaUploadSites,0,3/19/2025,3/19/2025,,,,Intel::DOMAIN,
download1644.mediafire.com,MegaUploadSites,0,3/19/2025,3/19/2025,,,,Intel::DOMAIN,
download1645.mediafire.com,MegaUploadSites,0,3/19/2025,3/19/2025,,,,Intel::DOMAIN,
download1646.mediafire.com,MegaUploadSites,0,3/19/2025,3/19/2025,,,,Intel::DOMAIN,
download1647.mediafire.com,MegaUploadSites,0,3/19/2025,3/19/2025,,,,Intel::DOMAIN,
download1648.mediafire.com,MegaUploadSites,0,3/19/2025,3/19/2025,,,,Intel::DOMAIN,
download1648.mx.mediafire.com,MegaUploadSites,0,3/19/2025,3/19/2025,,,,Intel::DOMAIN,
download1649.mediafire.com,MegaUploadSites,0,3/19/2025,3/19/2025,,,,Intel::DOMAIN,
download1650.bbs.mediafire.com,MegaUploadSites,0,3/19/2025,3/19/2025,,,,Intel::DOMAIN,
download1650.mediafire.com,MegaUploadSites,0,3/19/2025,3/19/2025,,,,Intel::DOMAIN,
download1651.mediafire.com,MegaUploadSites,0,3/19/2025,3/19/2025,,,,Intel::DOMAIN,
download1651.mx.mediafire.com,MegaUploadSites,0,3/19/2025,3/19/2025,,,,Intel::DOMAIN,
download1651.mx1.mediafire.com,MegaUploadSites,0,3/19/2025,3/19/2025,,,,Intel::DOMAIN,
download1652.mediafire.com,MegaUploadSites,0,3/19/2025,3/19/2025,,,,Intel::DOMAIN,
download1653.mediafire.com,MegaUploadSites,0,3/19/2025,3/19/2025,,,,Intel::DOMAIN,
download1654.mediafire.com,MegaUploadSites,0,3/19/2025,3/19/2025,,,,Intel::DOMAIN,
download1655.mediafire.com,MegaUploadSites,0,3/19/2025,3/19/2025,,,,Intel::DOMAIN,
download1656.mediafire.com,MegaUploadSites,0,3/19/2025,3/19/2025,,,,Intel::DOMAIN,
download1656.ns.mediafire.com,MegaUploadSites,0,3/19/2025,3/19/2025,,,,Intel::DOMAIN,
download1657.mediafire.com,MegaUploadSites,0,3/19/2025,3/19/2025,,,,Intel::DOMAIN,
download1658.mediafire.com,MegaUploadSites,0,3/19/2025,3/19/2025,,,,Intel::DOMAIN,
download1659.mediafire.com,MegaUploadSites,0,3/19/2025,3/19/2025,,,,Intel::DOMAIN,
download1660.mediafire.com,MegaUploadSites,0,3/19/2025,3/19/2025,,,,Intel::DOMAIN,
download1662.mediafire.com,MegaUploadSites,0,3/19/2025,3/19/2025,,,,Intel::DOMAIN,
download1663.mediafire.com,MegaUploadSites,0,3/19/2025,3/19/2025,,,,Intel::DOMAIN,
download1664.mediafire.com,MegaUploadSites,0,3/19/2025,3/19/2025,,,,Intel::DOMAIN,
download1666.mediafire.com,MegaUploadSites,0,3/19/2025,3/19/2025,,,,Intel::DOMAIN,
download1668.mediafire.com,MegaUploadSites,0,3/19/2025,3/19/2025,,,,Intel::DOMAIN,
download1670.mediafire.com,MegaUploadSites,0,3/19/2025,3/19/2025,,,,Intel::DOMAIN,
download1671.mediafire.com,MegaUploadSites,0,3/19/2025,3/19/2025,,,,Intel::DOMAIN,
download1671.mx2.mediafire.com,MegaUploadSites,0,3/19/2025,3/19/2025,,,,Intel::DOMAIN,
download1672.mediafire.com,MegaUploadSites,0,3/19/2025,3/19/2025,,,,Intel::DOMAIN,
download1673.mediafire.com,MegaUploadSites,0,3/19/2025,3/19/2025,,,,Intel::DOMAIN,
download1674.mediafire.com,MegaUploadSites,0,3/19/2025,3/19/2025,,,,Intel::DOMAIN,
download1675.mediafire.com,MegaUploadSites,0,3/19/2025,3/19/2025,,,,Intel::DOMAIN,
download1677.mediafire.com,MegaUploadSites,0,3/19/2025,3/19/2025,,,,Intel::DOMAIN,
download1679.mediafire.com,MegaUploadSites,0,3/19/2025,3/19/2025,,,,Intel::DOMAIN,
download1681.mediafire.com,MegaUploadSites,0,3/19/2025,3/19/2025,,,,Intel::DOMAIN,
download1682.mediafire.com,MegaUploadSites,0,3/19/2025,3/19/2025,,,,Intel::DOMAIN,
download1684.mediafire.com,MegaUploadSites,0,3/19/2025,3/19/2025,,,,Intel::DOMAIN,
download1685.mediafire.com,MegaUploadSites,0,3/19/2025,3/19/2025,,,,Intel::DOMAIN,
download1686.api.mediafire.com,MegaUploadSites,0,3/19/2025,3/19/2025,,,,Intel::DOMAIN,
download1686.mediafire.com,MegaUploadSites,0,3/19/2025,3/19/2025,,,,Intel::DOMAIN,
download1687.mediafire.com,MegaUploadSites,0,3/19/2025,3/19/2025,,,,Intel::DOMAIN,
download1688.mediafire.com,MegaUploadSites,0,3/19/2025,3/19/2025,,,,Intel::DOMAIN,
download169.mediafire.com,MegaUploadSites,0,3/19/2025,3/19/2025,,,,Intel::DOMAIN,
download169.mx1.mediafire.com,MegaUploadSites,0,3/19/2025,3/19/2025,,,,Intel::DOMAIN,
download1690.mediafire.com,MegaUploadSites,0,3/19/2025,3/19/2025,,,,Intel::DOMAIN,
download1691.mediafire.com,MegaUploadSites,0,3/19/2025,3/19/2025,,,,Intel::DOMAIN,
download1692.mediafire.com,MegaUploadSites,0,3/19/2025,3/19/2025,,,,Intel::DOMAIN,
download1693.mediafire.com,MegaUploadSites,0,3/19/2025,3/19/2025,,,,Intel::DOMAIN,
download1694.mediafire.com,MegaUploadSites,0,3/19/2025,3/19/2025,,,,Intel::DOMAIN,
download1695.mediafire.com,MegaUploadSites,0,3/19/2025,3/19/2025,,,,Intel::DOMAIN,
download1696.mediafire.com,MegaUploadSites,0,3/19/2025,3/19/2025,,,,Intel::DOMAIN,
download1696.mx1.mediafire.com,MegaUploadSites,0,3/19/2025,3/19/2025,,,,Intel::DOMAIN,
download1697.mediafire.com,MegaUploadSites,0,3/19/2025,3/19/2025,,,,Intel::DOMAIN,
download1698.mediafire.com,MegaUploadSites,0,3/19/2025,3/19/2025,,,,Intel::DOMAIN,
download1699.mediafire.com,MegaUploadSites,0,3/19/2025,3/19/2025,,,,Intel::DOMAIN,
download1700.bbs.mediafire.com,MegaUploadSites,0,3/19/2025,3/19/2025,,,,Intel::DOMAIN,
download1700.mediafire.com,MegaUploadSites,0,3/19/2025,3/19/2025,,,,Intel::DOMAIN,
download1701.mediafire.com,MegaUploadSites,0,3/19/2025,3/19/2025,,,,Intel::DOMAIN,
download1702.mediafire.com,MegaUploadSites,0,3/19/2025,3/19/2025,,,,Intel::DOMAIN,
download1702.mx7.mediafire.com,MegaUploadSites,0,3/19/2025,3/19/2025,,,,Intel::DOMAIN,
download1703.mediafire.com,MegaUploadSites,0,3/19/2025,3/19/2025,,,,Intel::DOMAIN,
download1704.mediafire.com,MegaUploadSites,0,3/19/2025,3/19/2025,,,,Intel::DOMAIN,
download1705.mediafire.com,MegaUploadSites,0,3/19/2025,3/19/2025,,,,Intel::DOMAIN,
download1706.mediafire.com,MegaUploadSites,0,3/19/2025,3/19/2025,,,,Intel::DOMAIN,
download1707.mediafire.com,MegaUploadSites,0,3/19/2025,3/19/2025,,,,Intel::DOMAIN,
download1708.mediafire.com,MegaUploadSites,0,3/19/2025,3/19/2025,,,,Intel::DOMAIN,
download1710.mediafire.com,MegaUploadSites,0,3/19/2025,3/19/2025,,,,Intel::DOMAIN,
download1713.mediafire.com,MegaUploadSites,0,3/19/2025,3/19/2025,,,,Intel::DOMAIN,
download1714.mediafire.com,MegaUploadSites,0,3/19/2025,3/19/2025,,,,Intel::DOMAIN,
download1715.mediafire.com,MegaUploadSites,0,3/19/2025,3/19/2025,,,,Intel::DOMAIN,
download1715.mx.mediafire.com,MegaUploadSites,0,3/19/2025,3/19/2025,,,,Intel::DOMAIN,
download1716.mediafire.com,MegaUploadSites,0,3/19/2025,3/19/2025,,,,Intel::DOMAIN,
download1717.bbs.mediafire.com,MegaUploadSites,0,3/19/2025,3/19/2025,,,,Intel::DOMAIN,
download1717.mediafire.com,MegaUploadSites,0,3/19/2025,3/19/2025,,,,Intel::DOMAIN,
download1719.mediafire.com,MegaUploadSites,0,3/19/2025,3/19/2025,,,,Intel::DOMAIN,
download1720.mediafire.com,MegaUploadSites,0,3/19/2025,3/19/2025,,,,Intel::DOMAIN,
download1721.mediafire.com,MegaUploadSites,0,3/19/2025,3/19/2025,,,,Intel::DOMAIN,
download1722.mediafire.com,MegaUploadSites,0,3/19/2025,3/19/2025,,,,Intel::DOMAIN,
download1724.mediafire.com,MegaUploadSites,0,3/19/2025,3/19/2025,,,,Intel::DOMAIN,
download1725.mediafire.com,MegaUploadSites,0,3/19/2025,3/19/2025,,,,Intel::DOMAIN,
download1726.mediafire.com,MegaUploadSites,0,3/19/2025,3/19/2025,,,,Intel::DOMAIN,
download1726.mx7.mediafire.com,MegaUploadSites,0,3/19/2025,3/19/2025,,,,Intel::DOMAIN,
download1727.mediafire.com,MegaUploadSites,0,3/19/2025,3/19/2025,,,,Intel::DOMAIN,
download1728.mediafire.com,MegaUploadSites,0,3/19/2025,3/19/2025,,,,Intel::DOMAIN,
download1730.mediafire.com,MegaUploadSites,0,3/19/2025,3/19/2025,,,,Intel::DOMAIN,
download1731.mediafire.com,MegaUploadSites,0,3/19/2025,3/19/2025,,,,Intel::DOMAIN,
download1732.mediafire.com,MegaUploadSites,0,3/19/2025,3/19/2025,,,,Intel::DOMAIN,
download1732.mx.mediafire.com,MegaUploadSites,0,3/19/2025,3/19/2025,,,,Intel::DOMAIN,
download1735.mediafire.com,MegaUploadSites,0,3/19/2025,3/19/2025,,,,Intel::DOMAIN,
download1736.mediafire.com,MegaUploadSites,0,3/19/2025,3/19/2025,,,,Intel::DOMAIN,
download1737.mediafire.com,MegaUploadSites,0,3/19/2025,3/19/2025,,,,Intel::DOMAIN,
download1738.mediafire.com,MegaUploadSites,0,3/19/2025,3/19/2025,,,,Intel::DOMAIN,
download1739.mediafire.com,MegaUploadSites,0,3/19/2025,3/19/2025,,,,Intel::DOMAIN,
download174.mx0.mediafire.com,MegaUploadSites,0,3/19/2025,3/19/2025,,,,Intel::DOMAIN,
download1741.mediafire.com,MegaUploadSites,0,3/19/2025,3/19/2025,,,,Intel::DOMAIN,
download1742.mediafire.com,MegaUploadSites,0,3/19/2025,3/19/2025,,,,Intel::DOMAIN,
download1743.mediafire.com,MegaUploadSites,0,3/19/2025,3/19/2025,,,,Intel::DOMAIN,
download1743.mx1.mediafire.com,MegaUploadSites,0,3/19/2025,3/19/2025,,,,Intel::DOMAIN,
download1744.mediafire.com,MegaUploadSites,0,3/19/2025,3/19/2025,,,,Intel::DOMAIN,
download1745.mediafire.com,MegaUploadSites,0,3/19/2025,3/19/2025,,,,Intel::DOMAIN,
download1746.mediafire.com,MegaUploadSites,0,3/19/2025,3/19/2025,,,,Intel::DOMAIN,
download1747.mediafire.com,MegaUploadSites,0,3/19/2025,3/19/2025,,,,Intel::DOMAIN,
download1748.mediafire.com,MegaUploadSites,0,3/19/2025,3/19/2025,,,,Intel::DOMAIN,
download1749.mediafire.com,MegaUploadSites,0,3/19/2025,3/19/2025,,,,Intel::DOMAIN,
download1750.mediafire.com,MegaUploadSites,0,3/19/2025,3/19/2025,,,,Intel::DOMAIN,
download1751.api.mediafire.com,MegaUploadSites,0,3/19/2025,3/19/2025,,,,Intel::DOMAIN,
download1751.mediafire.com,MegaUploadSites,0,3/19/2025,3/19/2025,,,,Intel::DOMAIN,
download1754.mediafire.com,MegaUploadSites,0,3/19/2025,3/19/2025,,,,Intel::DOMAIN,
download1755.mediafire.com,MegaUploadSites,0,3/19/2025,3/19/2025,,,,Intel::DOMAIN,
download1758.mediafire.com,MegaUploadSites,0,3/19/2025,3/19/2025,,,,Intel::DOMAIN,
download1761.mediafire.com,MegaUploadSites,0,3/19/2025,3/19/2025,,,,Intel::DOMAIN,
download1762.mediafire.com,MegaUploadSites,0,3/19/2025,3/19/2025,,,,Intel::DOMAIN,
download1763.mediafire.com,MegaUploadSites,0,3/19/2025,3/19/2025,,,,Intel::DOMAIN,
download1765.mediafire.com,MegaUploadSites,0,3/19/2025,3/19/2025,,,,Intel::DOMAIN,
download1767.mediafire.com,MegaUploadSites,0,3/19/2025,3/19/2025,,,,Intel::DOMAIN,
download1769.mediafire.com,MegaUploadSites,0,3/19/2025,3/19/2025,,,,Intel::DOMAIN,
download177.mediafire.com,MegaUploadSites,0,3/19/2025,3/19/2025,,,,Intel::DOMAIN,
download1770.mediafire.com,MegaUploadSites,0,3/19/2025,3/19/2025,,,,Intel::DOMAIN,
download1770.ns.mediafire.com,MegaUploadSites,0,3/19/2025,3/19/2025,,,,Intel::DOMAIN,
download1771.mediafire.com,MegaUploadSites,0,3/19/2025,3/19/2025,,,,Intel::DOMAIN,
download1772.mediafire.com,MegaUploadSites,0,3/19/2025,3/19/2025,,,,Intel::DOMAIN,
download1773.mediafire.com,MegaUploadSites,0,3/19/2025,3/19/2025,,,,Intel::DOMAIN,
download1774.mediafire.com,MegaUploadSites,0,3/19/2025,3/19/2025,,,,Intel::DOMAIN,
download1775.mediafire.com,MegaUploadSites,0,3/19/2025,3/19/2025,,,,Intel::DOMAIN,
download1776.mediafire.com,MegaUploadSites,0,3/19/2025,3/19/2025,,,,Intel::DOMAIN,
download1778.mediafire.com,MegaUploadSites,0,3/19/2025,3/19/2025,,,,Intel::DOMAIN,
download1779.mediafire.com,MegaUploadSites,0,3/19/2025,3/19/2025,,,,Intel::DOMAIN,
download1780.mediafire.com,MegaUploadSites,0,3/19/2025,3/19/2025,,,,Intel::DOMAIN,
download1781.mediafire.com,MegaUploadSites,0,3/19/2025,3/19/2025,,,,Intel::DOMAIN,
download1782.mediafire.com,MegaUploadSites,0,3/19/2025,3/19/2025,,,,Intel::DOMAIN,
download1783.mediafire.com,MegaUploadSites,0,3/19/2025,3/19/2025,,,,Intel::DOMAIN,
download1785.mediafire.com,MegaUploadSites,0,3/19/2025,3/19/2025,,,,Intel::DOMAIN,
download1787.mediafire.com,MegaUploadSites,0,3/19/2025,3/19/2025,,,,Intel::DOMAIN,
download1788.mediafire.com,MegaUploadSites,0,3/19/2025,3/19/2025,,,,Intel::DOMAIN,
download1789.mediafire.com,MegaUploadSites,0,3/19/2025,3/19/2025,,,,Intel::DOMAIN,
download1790.api.mediafire.com,MegaUploadSites,0,3/19/2025,3/19/2025,,,,Intel::DOMAIN,
download1790.mediafire.com,MegaUploadSites,0,3/19/2025,3/19/2025,,,,Intel::DOMAIN,
download1791.mediafire.com,MegaUploadSites,0,3/19/2025,3/19/2025,,,,Intel::DOMAIN,
download1792.mediafire.com,MegaUploadSites,0,3/19/2025,3/19/2025,,,,Intel::DOMAIN,
download1793.mediafire.com,MegaUploadSites,0,3/19/2025,3/19/2025,,,,Intel::DOMAIN,
download1794.mediafire.com,MegaUploadSites,0,3/19/2025,3/19/2025,,,,Intel::DOMAIN,
download1796.mediafire.com,MegaUploadSites,0,3/19/2025,3/19/2025,,,,Intel::DOMAIN,
download1797.mediafire.com,MegaUploadSites,0,3/19/2025,3/19/2025,,,,Intel::DOMAIN,
download1798.mediafire.com,MegaUploadSites,0,3/19/2025,3/19/2025,,,,Intel::DOMAIN,
download18.mediafire.com,MegaUploadSites,0,3/19/2025,3/19/2025,,,,Intel::DOMAIN,
download1802.mediafire.com,MegaUploadSites,0,3/19/2025,3/19/2025,,,,Intel::DOMAIN,
download1803.api.mediafire.com,MegaUploadSites,0,3/19/2025,3/19/2025,,,,Intel::DOMAIN,
download1803.mediafire.com,MegaUploadSites,0,3/19/2025,3/19/2025,,,,Intel::DOMAIN,
download1804.mediafire.com,MegaUploadSites,0,3/19/2025,3/19/2025,,,,Intel::DOMAIN,
download1805.mediafire.com,MegaUploadSites,0,3/19/2025,3/19/2025,,,,Intel::DOMAIN,
download1806.mediafire.com,MegaUploadSites,0,3/19/2025,3/19/2025,,,,Intel::DOMAIN,
download1807.mediafire.com,MegaUploadSites,0,3/19/2025,3/19/2025,,,,Intel::DOMAIN,
download1808.mediafire.com,MegaUploadSites,0,3/19/2025,3/19/2025,,,,Intel::DOMAIN,
download1809.mediafire.com,MegaUploadSites,0,3/19/2025,3/19/2025,,,,Intel::DOMAIN,
download1810.mediafire.com,MegaUploadSites,0,3/19/2025,3/19/2025,,,,Intel::DOMAIN,
download1811.mediafire.com,MegaUploadSites,0,3/19/2025,3/19/2025,,,,Intel::DOMAIN,
download1812.mediafire.com,MegaUploadSites,0,3/19/2025,3/19/2025,,,,Intel::DOMAIN,
download1813.mediafire.com,MegaUploadSites,0,3/19/2025,3/19/2025,,,,Intel::DOMAIN,
download1814.mediafire.com,MegaUploadSites,0,3/19/2025,3/19/2025,,,,Intel::DOMAIN,
download1815.mediafire.com,MegaUploadSites,0,3/19/2025,3/19/2025,,,,Intel::DOMAIN,
download1816.mediafire.com,MegaUploadSites,0,3/19/2025,3/19/2025,,,,Intel::DOMAIN,
download1818.mediafire.com,MegaUploadSites,0,3/19/2025,3/19/2025,,,,Intel::DOMAIN,
download1819.mediafire.com,MegaUploadSites,0,3/19/2025,3/19/2025,,,,Intel::DOMAIN,
download182.mediafire.com,MegaUploadSites,0,3/19/2025,3/19/2025,,,,Intel::DOMAIN,
download182.ns.mediafire.com,MegaUploadSites,0,3/19/2025,3/19/2025,,,,Intel::DOMAIN,
download1820.mediafire.com,MegaUploadSites,0,3/19/2025,3/19/2025,,,,Intel::DOMAIN,
download1821.mx1.mediafire.com,MegaUploadSites,0,3/19/2025,3/19/2025,,,,Intel::DOMAIN,
download1822.mediafire.com,MegaUploadSites,0,3/19/2025,3/19/2025,,,,Intel::DOMAIN,
download1822.mx1.mediafire.com,MegaUploadSites,0,3/19/2025,3/19/2025,,,,Intel::DOMAIN,
download1823.mediafire.com,MegaUploadSites,0,3/19/2025,3/19/2025,,,,Intel::DOMAIN,
download1824.mediafire.com,MegaUploadSites,0,3/19/2025,3/19/2025,,,,Intel::DOMAIN,
download1825.api.mediafire.com,MegaUploadSites,0,3/19/2025,3/19/2025,,,,Intel::DOMAIN,
download1825.bbs.mediafire.com,MegaUploadSites,0,3/19/2025,3/19/2025,,,,Intel::DOMAIN,
download1825.mediafire.com,MegaUploadSites,0,3/19/2025,3/19/2025,,,,Intel::DOMAIN,
download1826.mediafire.com,MegaUploadSites,0,3/19/2025,3/19/2025,,,,Intel::DOMAIN,
download1827.mediafire.com,MegaUploadSites,0,3/19/2025,3/19/2025,,,,Intel::DOMAIN,
download1828.mediafire.com,MegaUploadSites,0,3/19/2025,3/19/2025,,,,Intel::DOMAIN,
download1829.mx.mediafire.com,MegaUploadSites,0,3/19/2025,3/19/2025,,,,Intel::DOMAIN,
download183.mediafire.com,MegaUploadSites,0,3/19/2025,3/19/2025,,,,Intel::DOMAIN,
download1830.mediafire.com,MegaUploadSites,0,3/19/2025,3/19/2025,,,,Intel::DOMAIN,
download1831.mediafire.com,MegaUploadSites,0,3/19/2025,3/19/2025,,,,Intel::DOMAIN,
download1833.api.mediafire.com,MegaUploadSites,0,3/19/2025,3/19/2025,,,,Intel::DOMAIN,
download1834.mediafire.com,MegaUploadSites,0,3/19/2025,3/19/2025,,,,Intel::DOMAIN,
download1835.mediafire.com,MegaUploadSites,0,3/19/2025,3/19/2025,,,,Intel::DOMAIN,
download1836.mediafire.com,MegaUploadSites,0,3/19/2025,3/19/2025,,,,Intel::DOMAIN,
download1837.mediafire.com,MegaUploadSites,0,3/19/2025,3/19/2025,,,,Intel::DOMAIN,
download1838.mediafire.com,MegaUploadSites,0,3/19/2025,3/19/2025,,,,Intel::DOMAIN,
download1839.mediafire.com,MegaUploadSites,0,3/19/2025,3/19/2025,,,,Intel::DOMAIN,
download1840.bbs.mediafire.com,MegaUploadSites,0,3/19/2025,3/19/2025,,,,Intel::DOMAIN,
download1840.mediafire.com,MegaUploadSites,0,3/19/2025,3/19/2025,,,,Intel::DOMAIN,
download1841.api.mediafire.com,MegaUploadSites,0,3/19/2025,3/19/2025,,,,Intel::DOMAIN,
download1841.mediafire.com,MegaUploadSites,0,3/19/2025,3/19/2025,,,,Intel::DOMAIN,
download1842.mediafire.com,MegaUploadSites,0,3/19/2025,3/19/2025,,,,Intel::DOMAIN,
download1843.mediafire.com,MegaUploadSites,0,3/19/2025,3/19/2025,,,,Intel::DOMAIN,
download1844.mediafire.com,MegaUploadSites,0,3/19/2025,3/19/2025,,,,Intel::DOMAIN,
download1846.mediafire.com,MegaUploadSites,0,3/19/2025,3/19/2025,,,,Intel::DOMAIN,
download1848.mediafire.com,MegaUploadSites,0,3/19/2025,3/19/2025,,,,Intel::DOMAIN,
download1849.mediafire.com,MegaUploadSites,0,3/19/2025,3/19/2025,,,,Intel::DOMAIN,
download1850.mediafire.com,MegaUploadSites,0,3/19/2025,3/19/2025,,,,Intel::DOMAIN,
download1851.mediafire.com,MegaUploadSites,0,3/19/2025,3/19/2025,,,,Intel::DOMAIN,
download1851.mx7.mediafire.com,MegaUploadSites,0,3/19/2025,3/19/2025,,,,Intel::DOMAIN,
download1852.mediafire.com,MegaUploadSites,0,3/19/2025,3/19/2025,,,,Intel::DOMAIN,
download1853.mediafire.com,MegaUploadSites,0,3/19/2025,3/19/2025,,,,Intel::DOMAIN,
download1855.mediafire.com,MegaUploadSites,0,3/19/2025,3/19/2025,,,,Intel::DOMAIN,
download1856.mediafire.com,MegaUploadSites,0,3/19/2025,3/19/2025,,,,Intel::DOMAIN,
download1857.mediafire.com,MegaUploadSites,0,3/19/2025,3/19/2025,,,,Intel::DOMAIN,
download1858.mediafire.com,MegaUploadSites,0,3/19/2025,3/19/2025,,,,Intel::DOMAIN,
download1859.mediafire.com,MegaUploadSites,0,3/19/2025,3/19/2025,,,,Intel::DOMAIN,
download1860.mediafire.com,MegaUploadSites,0,3/19/2025,3/19/2025,,,,Intel::DOMAIN,
download1861.api.mediafire.com,MegaUploadSites,0,3/19/2025,3/19/2025,,,,Intel::DOMAIN,
download1862.bbs.mediafire.com,MegaUploadSites,0,3/19/2025,3/19/2025,,,,Intel::DOMAIN,
download1862.mediafire.com,MegaUploadSites,0,3/19/2025,3/19/2025,,,,Intel::DOMAIN,
download1863.api.mediafire.com,MegaUploadSites,0,3/19/2025,3/19/2025,,,,Intel::DOMAIN,
download1863.mediafire.com,MegaUploadSites,0,3/19/2025,3/19/2025,,,,Intel::DOMAIN,
download1864.mediafire.com,MegaUploadSites,0,3/19/2025,3/19/2025,,,,Intel::DOMAIN,
download1865.mediafire.com,MegaUploadSites,0,3/19/2025,3/19/2025,,,,Intel::DOMAIN,
download1866.mediafire.com,MegaUploadSites,0,3/19/2025,3/19/2025,,,,Intel::DOMAIN,
download1867.mediafire.com,MegaUploadSites,0,3/19/2025,3/19/2025,,,,Intel::DOMAIN,
download1867.mx0.mediafire.com,MegaUploadSites,0,3/19/2025,3/19/2025,,,,Intel::DOMAIN,
download1868.mediafire.com,MegaUploadSites,0,3/19/2025,3/19/2025,,,,Intel::DOMAIN,
download1870.ns.mediafire.com,MegaUploadSites,0,3/19/2025,3/19/2025,,,,Intel::DOMAIN,
download1871.mediafire.com,MegaUploadSites,0,3/19/2025,3/19/2025,,,,Intel::DOMAIN,
download1872.mediafire.com,MegaUploadSites,0,3/19/2025,3/19/2025,,,,Intel::DOMAIN,
download1873.mediafire.com,MegaUploadSites,0,3/19/2025,3/19/2025,,,,Intel::DOMAIN,
download1875.mediafire.com,MegaUploadSites,0,3/19/2025,3/19/2025,,,,Intel::DOMAIN,
download1875.mx7.mediafire.com,MegaUploadSites,0,3/19/2025,3/19/2025,,,,Intel::DOMAIN,
download1878.mediafire.com,MegaUploadSites,0,3/19/2025,3/19/2025,,,,Intel::DOMAIN,
download1879.mediafire.com,MegaUploadSites,0,3/19/2025,3/19/2025,,,,Intel::DOMAIN,
download1880.mediafire.com,MegaUploadSites,0,3/19/2025,3/19/2025,,,,Intel::DOMAIN,
download1881.mediafire.com,MegaUploadSites,0,3/19/2025,3/19/2025,,,,Intel::DOMAIN,
download1882.mediafire.com,MegaUploadSites,0,3/19/2025,3/19/2025,,,,Intel::DOMAIN,
download1884.mediafire.com,MegaUploadSites,0,3/19/2025,3/19/2025,,,,Intel::DOMAIN,
download1884.mx0.mediafire.com,MegaUploadSites,0,3/19/2025,3/19/2025,,,,Intel::DOMAIN,
download1884.mx2.mediafire.com,MegaUploadSites,0,3/19/2025,3/19/2025,,,,Intel::DOMAIN,
download1885.mediafire.com,MegaUploadSites,0,3/19/2025,3/19/2025,,,,Intel::DOMAIN,
download1886.mediafire.com,MegaUploadSites,0,3/19/2025,3/19/2025,,,,Intel::DOMAIN,
download1887.mediafire.com,MegaUploadSites,0,3/19/2025,3/19/2025,,,,Intel::DOMAIN,
download1888.api.mediafire.com,MegaUploadSites,0,3/19/2025,3/19/2025,,,,Intel::DOMAIN,
download1889.mediafire.com,MegaUploadSites,0,3/19/2025,3/19/2025,,,,Intel::DOMAIN,
download1889.mx1.mediafire.com,MegaUploadSites,0,3/19/2025,3/19/2025,,,,Intel::DOMAIN,
download1890.mediafire.com,MegaUploadSites,0,3/19/2025,3/19/2025,,,,Intel::DOMAIN,
download1891.mediafire.com,MegaUploadSites,0,3/19/2025,3/19/2025,,,,Intel::DOMAIN,
download1892.mediafire.com,MegaUploadSites,0,3/19/2025,3/19/2025,,,,Intel::DOMAIN,
download1893.mediafire.com,MegaUploadSites,0,3/19/2025,3/19/2025,,,,Intel::DOMAIN,
download1895.mediafire.com,MegaUploadSites,0,3/19/2025,3/19/2025,,,,Intel::DOMAIN,
download1897.mediafire.com,MegaUploadSites,0,3/19/2025,3/19/2025,,,,Intel::DOMAIN,
download1899.mediafire.com,MegaUploadSites,0,3/19/2025,3/19/2025,,,,Intel::DOMAIN,
download1899.mx1.mediafire.com,MegaUploadSites,0,3/19/2025,3/19/2025,,,,Intel::DOMAIN,
download1899.ns.mediafire.com,MegaUploadSites,0,3/19/2025,3/19/2025,,,,Intel::DOMAIN,
download19.mediafire.com,MegaUploadSites,0,3/19/2025,3/19/2025,,,,Intel::DOMAIN,
download190.ftp.mediafire.com,MegaUploadSites,0,3/19/2025,3/19/2025,,,,Intel::DOMAIN,
download1900.mediafire.com,MegaUploadSites,0,3/19/2025,3/19/2025,,,,Intel::DOMAIN,
download1901.mediafire.com,MegaUploadSites,0,3/19/2025,3/19/2025,,,,Intel::DOMAIN,
download1903.mediafire.com,MegaUploadSites,0,3/19/2025,3/19/2025,,,,Intel::DOMAIN,
download1904.mediafire.com,MegaUploadSites,0,3/19/2025,3/19/2025,,,,Intel::DOMAIN,
download1905.mediafire.com,MegaUploadSites,0,3/19/2025,3/19/2025,,,,Intel::DOMAIN,
download1906.mediafire.com,MegaUploadSites,0,3/19/2025,3/19/2025,,,,Intel::DOMAIN,
download1909.mediafire.com,MegaUploadSites,0,3/19/2025,3/19/2025,,,,Intel::DOMAIN,
download1911.mediafire.com,MegaUploadSites,0,3/19/2025,3/19/2025,,,,Intel::DOMAIN,
download1912.mediafire.com,MegaUploadSites,0,3/19/2025,3/19/2025,,,,Intel::DOMAIN,
download1913.mx.mediafire.com,MegaUploadSites,0,3/19/2025,3/19/2025,,,,Intel::DOMAIN,
download1914.mediafire.com,MegaUploadSites,0,3/19/2025,3/19/2025,,,,Intel::DOMAIN,
download1915.mediafire.com,MegaUploadSites,0,3/19/2025,3/19/2025,,,,Intel::DOMAIN,
download1916.mediafire.com,MegaUploadSites,0,3/19/2025,3/19/2025,,,,Intel::DOMAIN,
download1917.mediafire.com,MegaUploadSites,0,3/19/2025,3/19/2025,,,,Intel::DOMAIN,
download1918.mediafire.com,MegaUploadSites,0,3/19/2025,3/19/2025,,,,Intel::DOMAIN,
download192.mx1.mediafire.com,MegaUploadSites,0,3/19/2025,3/19/2025,,,,Intel::DOMAIN,
download1920.mediafire.com,MegaUploadSites,0,3/19/2025,3/19/2025,,,,Intel::DOMAIN,
download1921.mediafire.com,MegaUploadSites,0,3/19/2025,3/19/2025,,,,Intel::DOMAIN,
download1922.api.mediafire.com,MegaUploadSites,0,3/19/2025,3/19/2025,,,,Intel::DOMAIN,
download1923.mediafire.com,MegaUploadSites,0,3/19/2025,3/19/2025,,,,Intel::DOMAIN,
download1924.mediafire.com,MegaUploadSites,0,3/19/2025,3/19/2025,,,,Intel::DOMAIN,
download1925.mediafire.com,MegaUploadSites,0,3/19/2025,3/19/2025,,,,Intel::DOMAIN,
download1928.mediafire.com,MegaUploadSites,0,3/19/2025,3/19/2025,,,,Intel::DOMAIN,
download1929.mediafire.com,MegaUploadSites,0,3/19/2025,3/19/2025,,,,Intel::DOMAIN,
download193.mx1.mediafire.com,MegaUploadSites,0,3/19/2025,3/19/2025,,,,Intel::DOMAIN,
download1930.mediafire.com,MegaUploadSites,0,3/19/2025,3/19/2025,,,,Intel::DOMAIN,
download1933.mediafire.com,MegaUploadSites,0,3/19/2025,3/19/2025,,,,Intel::DOMAIN,
download1934.mediafire.com,MegaUploadSites,0,3/19/2025,3/19/2025,,,,Intel::DOMAIN,
download1935.mediafire.com,MegaUploadSites,0,3/19/2025,3/19/2025,,,,Intel::DOMAIN,
download1936.mediafire.com,MegaUploadSites,0,3/19/2025,3/19/2025,,,,Intel::DOMAIN,
download1937.mediafire.com,MegaUploadSites,0,3/19/2025,3/19/2025,,,,Intel::DOMAIN,
download1938.mediafire.com,MegaUploadSites,0,3/19/2025,3/19/2025,,,,Intel::DOMAIN,
download1940.mediafire.com,MegaUploadSites,0,3/19/2025,3/19/2025,,,,Intel::DOMAIN,
download1941.mediafire.com,MegaUploadSites,0,3/19/2025,3/19/2025,,,,Intel::DOMAIN,
download1942.mediafire.com,MegaUploadSites,0,3/19/2025,3/19/2025,,,,Intel::DOMAIN,
download1943.mediafire.com,MegaUploadSites,0,3/19/2025,3/19/2025,,,,Intel::DOMAIN,
download1945.mediafire.com,MegaUploadSites,0,3/19/2025,3/19/2025,,,,Intel::DOMAIN,
download1946.mediafire.com,MegaUploadSites,0,3/19/2025,3/19/2025,,,,Intel::DOMAIN,
download1947.mediafire.com,MegaUploadSites,0,3/19/2025,3/19/2025,,,,Intel::DOMAIN,
download1949.mediafire.com,MegaUploadSites,0,3/19/2025,3/19/2025,,,,Intel::DOMAIN,
download194download1941.mx7.mediafire.com,MegaUploadSites,0,3/19/2025,3/19/2025,,,,Intel::DOMAIN,
download1950.mediafire.com,MegaUploadSites,0,3/19/2025,3/19/2025,,,,Intel::DOMAIN,
download1952.mediafire.com,MegaUploadSites,0,3/19/2025,3/19/2025,,,,Intel::DOMAIN,
download1953.mediafire.com,MegaUploadSites,0,3/19/2025,3/19/2025,,,,Intel::DOMAIN,
download1955.mediafire.com,MegaUploadSites,0,3/19/2025,3/19/2025,,,,Intel::DOMAIN,
download1956.mediafire.com,MegaUploadSites,0,3/19/2025,3/19/2025,,,,Intel::DOMAIN,
download1957.api.mediafire.com,MegaUploadSites,0,3/19/2025,3/19/2025,,,,Intel::DOMAIN,
download1957.mediafire.com,MegaUploadSites,0,3/19/2025,3/19/2025,,,,Intel::DOMAIN,
download1958.mediafire.com,MegaUploadSites,0,3/19/2025,3/19/2025,,,,Intel::DOMAIN,
download1959.mediafire.com,MegaUploadSites,0,3/19/2025,3/19/2025,,,,Intel::DOMAIN,
download1961.ftp.mediafire.com,MegaUploadSites,0,3/19/2025,3/19/2025,,,,Intel::DOMAIN,
download1961.mediafire.com,MegaUploadSites,0,3/19/2025,3/19/2025,,,,Intel::DOMAIN,
download1962.mediafire.com,MegaUploadSites,0,3/19/2025,3/19/2025,,,,Intel::DOMAIN,
download1963.mediafire.com,MegaUploadSites,0,3/19/2025,3/19/2025,,,,Intel::DOMAIN,
download1965.mediafire.com,MegaUploadSites,0,3/19/2025,3/19/2025,,,,Intel::DOMAIN,
download1965.mx7.mediafire.com,MegaUploadSites,0,3/19/2025,3/19/2025,,,,Intel::DOMAIN,
download1967.mediafire.com,MegaUploadSites,0,3/19/2025,3/19/2025,,,,Intel::DOMAIN,
download1968.mediafire.com,MegaUploadSites,0,3/19/2025,3/19/2025,,,,Intel::DOMAIN,
download1969.mediafire.com,MegaUploadSites,0,3/19/2025,3/19/2025,,,,Intel::DOMAIN,
download1970.mediafire.com,MegaUploadSites,0,3/19/2025,3/19/2025,,,,Intel::DOMAIN,
download1972.mediafire.com,MegaUploadSites,0,3/19/2025,3/19/2025,,,,Intel::DOMAIN,
download1974.mediafire.com,MegaUploadSites,0,3/19/2025,3/19/2025,,,,Intel::DOMAIN,
download1975.mediafire.com,MegaUploadSites,0,3/19/2025,3/19/2025,,,,Intel::DOMAIN,
download1979.mediafire.com,MegaUploadSites,0,3/19/2025,3/19/2025,,,,Intel::DOMAIN,
download1980.mediafire.com,MegaUploadSites,0,3/19/2025,3/19/2025,,,,Intel::DOMAIN,
download1981.mediafire.com,MegaUploadSites,0,3/19/2025,3/19/2025,,,,Intel::DOMAIN,
download1981.mx1.mediafire.com,MegaUploadSites,0,3/19/2025,3/19/2025,,,,Intel::DOMAIN,
download1983.mediafire.com,MegaUploadSites,0,3/19/2025,3/19/2025,,,,Intel::DOMAIN,
download1985.mediafire.com,MegaUploadSites,0,3/19/2025,3/19/2025,,,,Intel::DOMAIN,
download1987.mediafire.com,MegaUploadSites,0,3/19/2025,3/19/2025,,,,Intel::DOMAIN,
download1988.mediafire.com,MegaUploadSites,0,3/19/2025,3/19/2025,,,,Intel::DOMAIN,
download1989.mediafire.com,MegaUploadSites,0,3/19/2025,3/19/2025,,,,Intel::DOMAIN,
download1990.mediafire.com,MegaUploadSites,0,3/19/2025,3/19/2025,,,,Intel::DOMAIN,
download1991.mx7.mediafire.com,MegaUploadSites,0,3/19/2025,3/19/2025,,,,Intel::DOMAIN,
download1992.mediafire.com,MegaUploadSites,0,3/19/2025,3/19/2025,,,,Intel::DOMAIN,
download1993.mediafire.com,MegaUploadSites,0,3/19/2025,3/19/2025,,,,Intel::DOMAIN,
download1994.mediafire.com,MegaUploadSites,0,3/19/2025,3/19/2025,,,,Intel::DOMAIN,
download1995.mediafire.com,MegaUploadSites,0,3/19/2025,3/19/2025,,,,Intel::DOMAIN,
download1996.mediafire.com,MegaUploadSites,0,3/19/2025,3/19/2025,,,,Intel::DOMAIN,
download1999.api.mediafire.com,MegaUploadSites,0,3/19/2025,3/19/2025,,,,Intel::DOMAIN,
download1999.bbs.mediafire.com,MegaUploadSites,0,3/19/2025,3/19/2025,,,,Intel::DOMAIN,
download1999.mediafire.com,MegaUploadSites,0,3/19/2025,3/19/2025,,,,Intel::DOMAIN,
download2.mediafire.com,MegaUploadSites,0,3/19/2025,3/19/2025,,,,Intel::DOMAIN,
download20.mediafire.com,MegaUploadSites,0,3/19/2025,3/19/2025,,,,Intel::DOMAIN,
download2000.mediafire.com,MegaUploadSites,0,3/19/2025,3/19/2025,,,,Intel::DOMAIN,
download2001.mediafire.com,MegaUploadSites,0,3/19/2025,3/19/2025,,,,Intel::DOMAIN,
download2002.ftp.mediafire.com,MegaUploadSites,0,3/19/2025,3/19/2025,,,,Intel::DOMAIN,
download2002.mediafire.com,MegaUploadSites,0,3/19/2025,3/19/2025,,,,Intel::DOMAIN,
download2003.mediafire.com,MegaUploadSites,0,3/19/2025,3/19/2025,,,,Intel::DOMAIN,
download2008.mediafire.com,MegaUploadSites,0,3/19/2025,3/19/2025,,,,Intel::DOMAIN,
download2008.mx7.mediafire.com,MegaUploadSites,0,3/19/2025,3/19/2025,,,,Intel::DOMAIN,
download2009.mediafire.com,MegaUploadSites,0,3/19/2025,3/19/2025,,,,Intel::DOMAIN,
download2010.mediafire.com,MegaUploadSites,0,3/19/2025,3/19/2025,,,,Intel::DOMAIN,
download2012.mediafire.com,MegaUploadSites,0,3/19/2025,3/19/2025,,,,Intel::DOMAIN,
download2014.mediafire.com,MegaUploadSites,0,3/19/2025,3/19/2025,,,,Intel::DOMAIN,
download2015.mediafire.com,MegaUploadSites,0,3/19/2025,3/19/2025,,,,Intel::DOMAIN,
download2016.mediafire.com,MegaUploadSites,0,3/19/2025,3/19/2025,,,,Intel::DOMAIN,
download2017.mediafire.com,MegaUploadSites,0,3/19/2025,3/19/2025,,,,Intel::DOMAIN,
download2018.mediafire.com,MegaUploadSites,0,3/19/2025,3/19/2025,,,,Intel::DOMAIN,
download2019.mediafire.com,MegaUploadSites,0,3/19/2025,3/19/2025,,,,Intel::DOMAIN,
download2020.mediafire.com,MegaUploadSites,0,3/19/2025,3/19/2025,,,,Intel::DOMAIN,
download2022.mediafire.com,MegaUploadSites,0,3/19/2025,3/19/2025,,,,Intel::DOMAIN,
download2023.mediafire.com,MegaUploadSites,0,3/19/2025,3/19/2025,,,,Intel::DOMAIN,
download2024.mediafire.com,MegaUploadSites,0,3/19/2025,3/19/2025,,,,Intel::DOMAIN,
download2025.mediafire.com,MegaUploadSites,0,3/19/2025,3/19/2025,,,,Intel::DOMAIN,
download2026.mediafire.com,MegaUploadSites,0,3/19/2025,3/19/2025,,,,Intel::DOMAIN,
download2027.mediafire.com,MegaUploadSites,0,3/19/2025,3/19/2025,,,,Intel::DOMAIN,
download2027.mx2.mediafire.com,MegaUploadSites,0,3/19/2025,3/19/2025,,,,Intel::DOMAIN,
download2028.mediafire.com,MegaUploadSites,0,3/19/2025,3/19/2025,,,,Intel::DOMAIN,
download2029.mediafire.com,MegaUploadSites,0,3/19/2025,3/19/2025,,,,Intel::DOMAIN,
download203.mx1.mediafire.com,MegaUploadSites,0,3/19/2025,3/19/2025,,,,Intel::DOMAIN,
download203.mx7.mediafire.com,MegaUploadSites,0,3/19/2025,3/19/2025,,,,Intel::DOMAIN,
download2030.mediafire.com,MegaUploadSites,0,3/19/2025,3/19/2025,,,,Intel::DOMAIN,
download2031.mediafire.com,MegaUploadSites,0,3/19/2025,3/19/2025,,,,Intel::DOMAIN,
download2032.mediafire.com,MegaUploadSites,0,3/19/2025,3/19/2025,,,,Intel::DOMAIN,
download2032.mx2.mediafire.com,MegaUploadSites,0,3/19/2025,3/19/2025,,,,Intel::DOMAIN,
download2033.mediafire.com,MegaUploadSites,0,3/19/2025,3/19/2025,,,,Intel::DOMAIN,
download2034.mediafire.com,MegaUploadSites,0,3/19/2025,3/19/2025,,,,Intel::DOMAIN,
download2036.mediafire.com,MegaUploadSites,0,3/19/2025,3/19/2025,,,,Intel::DOMAIN,
download2038.mediafire.com,MegaUploadSites,0,3/19/2025,3/19/2025,,,,Intel::DOMAIN,
download2040.mediafire.com,MegaUploadSites,0,3/19/2025,3/19/2025,,,,Intel::DOMAIN,
download2041.ftp.mediafire.com,MegaUploadSites,0,3/19/2025,3/19/2025,,,,Intel::DOMAIN,
download2041.mediafire.com,MegaUploadSites,0,3/19/2025,3/19/2025,,,,Intel::DOMAIN,
download2042.mediafire.com,MegaUploadSites,0,3/19/2025,3/19/2025,,,,Intel::DOMAIN,
download2043.mediafire.com,MegaUploadSites,0,3/19/2025,3/19/2025,,,,Intel::DOMAIN,
download2045.mediafire.com,MegaUploadSites,0,3/19/2025,3/19/2025,,,,Intel::DOMAIN,
download2046.mediafire.com,MegaUploadSites,0,3/19/2025,3/19/2025,,,,Intel::DOMAIN,
download2047.mediafire.com,MegaUploadSites,0,3/19/2025,3/19/2025,,,,Intel::DOMAIN,
download2047.mx0.mediafire.com,MegaUploadSites,0,3/19/2025,3/19/2025,,,,Intel::DOMAIN,
download2048.mediafire.com,MegaUploadSites,0,3/19/2025,3/19/2025,,,,Intel::DOMAIN,
download2049.mediafire.com,MegaUploadSites,0,3/19/2025,3/19/2025,,,,Intel::DOMAIN,
download2050.mediafire.com,MegaUploadSites,0,3/19/2025,3/19/2025,,,,Intel::DOMAIN,
download2051.mediafire.com,MegaUploadSites,0,3/19/2025,3/19/2025,,,,Intel::DOMAIN,
download2052.mediafire.com,MegaUploadSites,0,3/19/2025,3/19/2025,,,,Intel::DOMAIN,
download2053.mediafire.com,MegaUploadSites,0,3/19/2025,3/19/2025,,,,Intel::DOMAIN,
download2054.mediafire.com,MegaUploadSites,0,3/19/2025,3/19/2025,,,,Intel::DOMAIN,
download2054.mx1.mediafire.com,MegaUploadSites,0,3/19/2025,3/19/2025,,,,Intel::DOMAIN,
download2055.mediafire.com,MegaUploadSites,0,3/19/2025,3/19/2025,,,,Intel::DOMAIN,
download2056.mediafire.com,MegaUploadSites,0,3/19/2025,3/19/2025,,,,Intel::DOMAIN,
download2057.mediafire.com,MegaUploadSites,0,3/19/2025,3/19/2025,,,,Intel::DOMAIN,
download2058.mediafire.com,MegaUploadSites,0,3/19/2025,3/19/2025,,,,Intel::DOMAIN,
download206.bbs.mediafire.com,MegaUploadSites,0,3/19/2025,3/19/2025,,,,Intel::DOMAIN,
download2061.mediafire.com,MegaUploadSites,0,3/19/2025,3/19/2025,,,,Intel::DOMAIN,
download2062.mediafire.com,MegaUploadSites,0,3/19/2025,3/19/2025,,,,Intel::DOMAIN,
download2063.mediafire.com,MegaUploadSites,0,3/19/2025,3/19/2025,,,,Intel::DOMAIN,
download2064.mediafire.com,MegaUploadSites,0,3/19/2025,3/19/2025,,,,Intel::DOMAIN,
download2067.mediafire.com,MegaUploadSites,0,3/19/2025,3/19/2025,,,,Intel::DOMAIN,
download2068.mediafire.com,MegaUploadSites,0,3/19/2025,3/19/2025,,,,Intel::DOMAIN,
download2069.mediafire.com,MegaUploadSites,0,3/19/2025,3/19/2025,,,,Intel::DOMAIN,
download2070.mediafire.com,MegaUploadSites,0,3/19/2025,3/19/2025,,,,Intel::DOMAIN,
download2071.mediafire.com,MegaUploadSites,0,3/19/2025,3/19/2025,,,,Intel::DOMAIN,
download2072.mediafire.com,MegaUploadSites,0,3/19/2025,3/19/2025,,,,Intel::DOMAIN,
download2072.mx7.mediafire.com,MegaUploadSites,0,3/19/2025,3/19/2025,,,,Intel::DOMAIN,
download2072.ns.mediafire.com,MegaUploadSites,0,3/19/2025,3/19/2025,,,,Intel::DOMAIN,
download2073.mediafire.com,MegaUploadSites,0,3/19/2025,3/19/2025,,,,Intel::DOMAIN,
download2074.mediafire.com,MegaUploadSites,0,3/19/2025,3/19/2025,,,,Intel::DOMAIN,
download2075.mediafire.com,MegaUploadSites,0,3/19/2025,3/19/2025,,,,Intel::DOMAIN,
download2075.mx0.mediafire.com,MegaUploadSites,0,3/19/2025,3/19/2025,,,,Intel::DOMAIN,
download2076.mediafire.com,MegaUploadSites,0,3/19/2025,3/19/2025,,,,Intel::DOMAIN,
download2078.mediafire.com,MegaUploadSites,0,3/19/2025,3/19/2025,,,,Intel::DOMAIN,
download2080.mediafire.com,MegaUploadSites,0,3/19/2025,3/19/2025,,,,Intel::DOMAIN,
download2081.mediafire.com,MegaUploadSites,0,3/19/2025,3/19/2025,,,,Intel::DOMAIN,
download2082.mediafire.com,MegaUploadSites,0,3/19/2025,3/19/2025,,,,Intel::DOMAIN,
download2083.mediafire.com,MegaUploadSites,0,3/19/2025,3/19/2025,,,,Intel::DOMAIN,
download2084.mediafire.com,MegaUploadSites,0,3/19/2025,3/19/2025,,,,Intel::DOMAIN,
download2084.ns.mediafire.com,MegaUploadSites,0,3/19/2025,3/19/2025,,,,Intel::DOMAIN,
download2085.mediafire.com,MegaUploadSites,0,3/19/2025,3/19/2025,,,,Intel::DOMAIN,
download2086.mediafire.com,MegaUploadSites,0,3/19/2025,3/19/2025,,,,Intel::DOMAIN,
download2087.mediafire.com,MegaUploadSites,0,3/19/2025,3/19/2025,,,,Intel::DOMAIN,
download2088.mediafire.com,MegaUploadSites,0,3/19/2025,3/19/2025,,,,Intel::DOMAIN,
download2089.mediafire.com,MegaUploadSites,0,3/19/2025,3/19/2025,,,,Intel::DOMAIN,
download2090.mediafire.com,MegaUploadSites,0,3/19/2025,3/19/2025,,,,Intel::DOMAIN,
download2091.mediafire.com,MegaUploadSites,0,3/19/2025,3/19/2025,,,,Intel::DOMAIN,
download2092.mediafire.com,MegaUploadSites,0,3/19/2025,3/19/2025,,,,Intel::DOMAIN,
download2094.mediafire.com,MegaUploadSites,0,3/19/2025,3/19/2025,,,,Intel::DOMAIN,
download2095.mediafire.com,MegaUploadSites,0,3/19/2025,3/19/2025,,,,Intel::DOMAIN,
download2097.mediafire.com,MegaUploadSites,0,3/19/2025,3/19/2025,,,,Intel::DOMAIN,
download2098.mediafire.com,MegaUploadSites,0,3/19/2025,3/19/2025,,,,Intel::DOMAIN,
download2099.mx.mediafire.com,MegaUploadSites,0,3/19/2025,3/19/2025,,,,Intel::DOMAIN,
download21.ftp.mediafire.com,MegaUploadSites,0,3/19/2025,3/19/2025,,,,Intel::DOMAIN,
download21.mediafire.com,MegaUploadSites,0,3/19/2025,3/19/2025,,,,Intel::DOMAIN,
download2100.mediafire.com,MegaUploadSites,0,3/19/2025,3/19/2025,,,,Intel::DOMAIN,
download2101.mediafire.com,MegaUploadSites,0,3/19/2025,3/19/2025,,,,Intel::DOMAIN,
download2102.mediafire.com,MegaUploadSites,0,3/19/2025,3/19/2025,,,,Intel::DOMAIN,
download2104.mediafire.com,MegaUploadSites,0,3/19/2025,3/19/2025,,,,Intel::DOMAIN,
download2105.mediafire.com,MegaUploadSites,0,3/19/2025,3/19/2025,,,,Intel::DOMAIN,
download2106.mediafire.com,MegaUploadSites,0,3/19/2025,3/19/2025,,,,Intel::DOMAIN,
download2107.mediafire.com,MegaUploadSites,0,3/19/2025,3/19/2025,,,,Intel::DOMAIN,
download2108.mediafire.com,MegaUploadSites,0,3/19/2025,3/19/2025,,,,Intel::DOMAIN,
download2110.mediafire.com,MegaUploadSites,0,3/19/2025,3/19/2025,,,,Intel::DOMAIN,
download2111.mediafire.com,MegaUploadSites,0,3/19/2025,3/19/2025,,,,Intel::DOMAIN,
download2112.mediafire.com,MegaUploadSites,0,3/19/2025,3/19/2025,,,,Intel::DOMAIN,
download2113.mediafire.com,MegaUploadSites,0,3/19/2025,3/19/2025,,,,Intel::DOMAIN,
download2113.mx.mediafire.com,MegaUploadSites,0,3/19/2025,3/19/2025,,,,Intel::DOMAIN,
download2114.mediafire.com,MegaUploadSites,0,3/19/2025,3/19/2025,,,,Intel::DOMAIN,
download2115.mediafire.com,MegaUploadSites,0,3/19/2025,3/19/2025,,,,Intel::DOMAIN,
download2116.mediafire.com,MegaUploadSites,0,3/19/2025,3/19/2025,,,,Intel::DOMAIN,
download2117.mediafire.com,MegaUploadSites,0,3/19/2025,3/19/2025,,,,Intel::DOMAIN,
download2118.ftp.mediafire.com,MegaUploadSites,0,3/19/2025,3/19/2025,,,,Intel::DOMAIN,
download2118.mediafire.com,MegaUploadSites,0,3/19/2025,3/19/2025,,,,Intel::DOMAIN,
download2120.mediafire.com,MegaUploadSites,0,3/19/2025,3/19/2025,,,,Intel::DOMAIN,
download2122.mediafire.com,MegaUploadSites,0,3/19/2025,3/19/2025,,,,Intel::DOMAIN,
download2123.mediafire.com,MegaUploadSites,0,3/19/2025,3/19/2025,,,,Intel::DOMAIN,
download2124.mediafire.com,MegaUploadSites,0,3/19/2025,3/19/2025,,,,Intel::DOMAIN,
download2126.mediafire.com,MegaUploadSites,0,3/19/2025,3/19/2025,,,,Intel::DOMAIN,
download2127.mediafire.com,MegaUploadSites,0,3/19/2025,3/19/2025,,,,Intel::DOMAIN,
download2128.mediafire.com,MegaUploadSites,0,3/19/2025,3/19/2025,,,,Intel::DOMAIN,
download2129.mediafire.com,MegaUploadSites,0,3/19/2025,3/19/2025,,,,Intel::DOMAIN,
download2130.mediafire.com,MegaUploadSites,0,3/19/2025,3/19/2025,,,,Intel::DOMAIN,
download2132.mediafire.com,MegaUploadSites,0,3/19/2025,3/19/2025,,,,Intel::DOMAIN,
download2133.mediafire.com,MegaUploadSites,0,3/19/2025,3/19/2025,,,,Intel::DOMAIN,
download2134.ftp.mediafire.com,MegaUploadSites,0,3/19/2025,3/19/2025,,,,Intel::DOMAIN,
download2134.mediafire.com,MegaUploadSites,0,3/19/2025,3/19/2025,,,,Intel::DOMAIN,
download2135.ftp.mediafire.com,MegaUploadSites,0,3/19/2025,3/19/2025,,,,Intel::DOMAIN,
download2135.mediafire.com,MegaUploadSites,0,3/19/2025,3/19/2025,,,,Intel::DOMAIN,
download2137.bbs.mediafire.com,MegaUploadSites,0,3/19/2025,3/19/2025,,,,Intel::DOMAIN,
download2137.mediafire.com,MegaUploadSites,0,3/19/2025,3/19/2025,,,,Intel::DOMAIN,
download2138.mediafire.com,MegaUploadSites,0,3/19/2025,3/19/2025,,,,Intel::DOMAIN,
download2139.mediafire.com,MegaUploadSites,0,3/19/2025,3/19/2025,,,,Intel::DOMAIN,
download2140.mediafire.com,MegaUploadSites,0,3/19/2025,3/19/2025,,,,Intel::DOMAIN,
download2140.mx0.mediafire.com,MegaUploadSites,0,3/19/2025,3/19/2025,,,,Intel::DOMAIN,
download2141.mediafire.com,MegaUploadSites,0,3/19/2025,3/19/2025,,,,Intel::DOMAIN,
download2141.mx7.mediafire.com,MegaUploadSites,0,3/19/2025,3/19/2025,,,,Intel::DOMAIN,
download2142.mediafire.com,MegaUploadSites,0,3/19/2025,3/19/2025,,,,Intel::DOMAIN,
download2143.bbs.mediafire.com,MegaUploadSites,0,3/19/2025,3/19/2025,,,,Intel::DOMAIN,
download2143.mediafire.com,MegaUploadSites,0,3/19/2025,3/19/2025,,,,Intel::DOMAIN,
download2144.mx.mediafire.com,MegaUploadSites,0,3/19/2025,3/19/2025,,,,Intel::DOMAIN,
download2145.mediafire.com,MegaUploadSites,0,3/19/2025,3/19/2025,,,,Intel::DOMAIN,
download2146.mediafire.com,MegaUploadSites,0,3/19/2025,3/19/2025,,,,Intel::DOMAIN,
download2147.mediafire.com,MegaUploadSites,0,3/19/2025,3/19/2025,,,,Intel::DOMAIN,
download2148.mediafire.com,MegaUploadSites,0,3/19/2025,3/19/2025,,,,Intel::DOMAIN,
download2150.mediafire.com,MegaUploadSites,0,3/19/2025,3/19/2025,,,,Intel::DOMAIN,
download2151.mediafire.com,MegaUploadSites,0,3/19/2025,3/19/2025,,,,Intel::DOMAIN,
download2151.mx7.mediafire.com,MegaUploadSites,0,3/19/2025,3/19/2025,,,,Intel::DOMAIN,
download2152.mediafire.com,MegaUploadSites,0,3/19/2025,3/19/2025,,,,Intel::DOMAIN,
download2153.mediafire.com,MegaUploadSites,0,3/19/2025,3/19/2025,,,,Intel::DOMAIN,
download2154.mediafire.com,MegaUploadSites,0,3/19/2025,3/19/2025,,,,Intel::DOMAIN,
download2155.mediafire.com,MegaUploadSites,0,3/19/2025,3/19/2025,,,,Intel::DOMAIN,
download2157.mediafire.com,MegaUploadSites,0,3/19/2025,3/19/2025,,,,Intel::DOMAIN,
download2158.mediafire.com,MegaUploadSites,0,3/19/2025,3/19/2025,,,,Intel::DOMAIN,
download2159.mediafire.com,MegaUploadSites,0,3/19/2025,3/19/2025,,,,Intel::DOMAIN,
download2160.api.mediafire.com,MegaUploadSites,0,3/19/2025,3/19/2025,,,,Intel::DOMAIN,
download2160.mediafire.com,MegaUploadSites,0,3/19/2025,3/19/2025,,,,Intel::DOMAIN,
download2161.mediafire.com,MegaUploadSites,0,3/19/2025,3/19/2025,,,,Intel::DOMAIN,
download2161.mx0.mediafire.com,MegaUploadSites,0,3/19/2025,3/19/2025,,,,Intel::DOMAIN,
download2162.mediafire.com,MegaUploadSites,0,3/19/2025,3/19/2025,,,,Intel::DOMAIN,
download2163.mediafire.com,MegaUploadSites,0,3/19/2025,3/19/2025,,,,Intel::DOMAIN,
download2164.mediafire.com,MegaUploadSites,0,3/19/2025,3/19/2025,,,,Intel::DOMAIN,
download2165.mediafire.com,MegaUploadSites,0,3/19/2025,3/19/2025,,,,Intel::DOMAIN,
download2166.ftp.mediafire.com,MegaUploadSites,0,3/19/2025,3/19/2025,,,,Intel::DOMAIN,
download2166.mediafire.com,MegaUploadSites,0,3/19/2025,3/19/2025,,,,Intel::DOMAIN,
download2167.mediafire.com,MegaUploadSites,0,3/19/2025,3/19/2025,,,,Intel::DOMAIN,
download2168.mediafire.com,MegaUploadSites,0,3/19/2025,3/19/2025,,,,Intel::DOMAIN,
download217.mediafire.com,MegaUploadSites,0,3/19/2025,3/19/2025,,,,Intel::DOMAIN,
download2170.mediafire.com,MegaUploadSites,0,3/19/2025,3/19/2025,,,,Intel::DOMAIN,
download2170.mx7.mediafire.com,MegaUploadSites,0,3/19/2025,3/19/2025,,,,Intel::DOMAIN,
download2171.mediafire.com,MegaUploadSites,0,3/19/2025,3/19/2025,,,,Intel::DOMAIN,
download2172.mediafire.com,MegaUploadSites,0,3/19/2025,3/19/2025,,,,Intel::DOMAIN,
download2173.mediafire.com,MegaUploadSites,0,3/19/2025,3/19/2025,,,,Intel::DOMAIN,
download2174.mediafire.com,MegaUploadSites,0,3/19/2025,3/19/2025,,,,Intel::DOMAIN,
download2175.mediafire.com,MegaUploadSites,0,3/19/2025,3/19/2025,,,,Intel::DOMAIN,
download2176.mediafire.com,MegaUploadSites,0,3/19/2025,3/19/2025,,,,Intel::DOMAIN,
download2177.mediafire.com,MegaUploadSites,0,3/19/2025,3/19/2025,,,,Intel::DOMAIN,
download2178.mediafire.com,MegaUploadSites,0,3/19/2025,3/19/2025,,,,Intel::DOMAIN,
download2178.mx0.mediafire.com,MegaUploadSites,0,3/19/2025,3/19/2025,,,,Intel::DOMAIN,
download2179.mediafire.com,MegaUploadSites,0,3/19/2025,3/19/2025,,,,Intel::DOMAIN,
download2180.mx1.mediafire.com,MegaUploadSites,0,3/19/2025,3/19/2025,,,,Intel::DOMAIN,
download2181.mediafire.com,MegaUploadSites,0,3/19/2025,3/19/2025,,,,Intel::DOMAIN,
download2182.mediafire.com,MegaUploadSites,0,3/19/2025,3/19/2025,,,,Intel::DOMAIN,
download2183.mediafire.com,MegaUploadSites,0,3/19/2025,3/19/2025,,,,Intel::DOMAIN,
download2185.mediafire.com,MegaUploadSites,0,3/19/2025,3/19/2025,,,,Intel::DOMAIN,
download2186.mediafire.com,MegaUploadSites,0,3/19/2025,3/19/2025,,,,Intel::DOMAIN,
download2186.ns.mediafire.com,MegaUploadSites,0,3/19/2025,3/19/2025,,,,Intel::DOMAIN,
download2188.mediafire.com,MegaUploadSites,0,3/19/2025,3/19/2025,,,,Intel::DOMAIN,
download2190.mediafire.com,MegaUploadSites,0,3/19/2025,3/19/2025,,,,Intel::DOMAIN,
download2191.mediafire.com,MegaUploadSites,0,3/19/2025,3/19/2025,,,,Intel::DOMAIN,
download2192.mediafire.com,MegaUploadSites,0,3/19/2025,3/19/2025,,,,Intel::DOMAIN,
download2194.mediafire.com,MegaUploadSites,0,3/19/2025,3/19/2025,,,,Intel::DOMAIN,
download2195.mediafire.com,MegaUploadSites,0,3/19/2025,3/19/2025,,,,Intel::DOMAIN,
download2196.mediafire.com,MegaUploadSites,0,3/19/2025,3/19/2025,,,,Intel::DOMAIN,
download2197.mediafire.com,MegaUploadSites,0,3/19/2025,3/19/2025,,,,Intel::DOMAIN,
download2198.mediafire.com,MegaUploadSites,0,3/19/2025,3/19/2025,,,,Intel::DOMAIN,
download2199.mediafire.com,MegaUploadSites,0,3/19/2025,3/19/2025,,,,Intel::DOMAIN,
download2200.mediafire.com,MegaUploadSites,0,3/19/2025,3/19/2025,,,,Intel::DOMAIN,
download2201.mediafire.com,MegaUploadSites,0,3/19/2025,3/19/2025,,,,Intel::DOMAIN,
download2202.mx.mediafire.com,MegaUploadSites,0,3/19/2025,3/19/2025,,,,Intel::DOMAIN,
download2203.mediafire.com,MegaUploadSites,0,3/19/2025,3/19/2025,,,,Intel::DOMAIN,
download2205.mediafire.com,MegaUploadSites,0,3/19/2025,3/19/2025,,,,Intel::DOMAIN,
download2206.mediafire.com,MegaUploadSites,0,3/19/2025,3/19/2025,,,,Intel::DOMAIN,
download2206.mx7.mediafire.com,MegaUploadSites,0,3/19/2025,3/19/2025,,,,Intel::DOMAIN,
download2207.mediafire.com,MegaUploadSites,0,3/19/2025,3/19/2025,,,,Intel::DOMAIN,
download2208.mediafire.com,MegaUploadSites,0,3/19/2025,3/19/2025,,,,Intel::DOMAIN,
download2209.mediafire.com,MegaUploadSites,0,3/19/2025,3/19/2025,,,,Intel::DOMAIN,
download2210.mediafire.com,MegaUploadSites,0,3/19/2025,3/19/2025,,,,Intel::DOMAIN,
download2212.mediafire.com,MegaUploadSites,0,3/19/2025,3/19/2025,,,,Intel::DOMAIN,
download2214.mediafire.com,MegaUploadSites,0,3/19/2025,3/19/2025,,,,Intel::DOMAIN,
download2215.mediafire.com,MegaUploadSites,0,3/19/2025,3/19/2025,,,,Intel::DOMAIN,
download2216.mediafire.com,MegaUploadSites,0,3/19/2025,3/19/2025,,,,Intel::DOMAIN,
download2218.bbs.mediafire.com,MegaUploadSites,0,3/19/2025,3/19/2025,,,,Intel::DOMAIN,
download2218.mediafire.com,MegaUploadSites,0,3/19/2025,3/19/2025,,,,Intel::DOMAIN,
download2220.mediafire.com,MegaUploadSites,0,3/19/2025,3/19/2025,,,,Intel::DOMAIN,
download2221.mediafire.com,MegaUploadSites,0,3/19/2025,3/19/2025,,,,Intel::DOMAIN,
download2223.mediafire.com,MegaUploadSites,0,3/19/2025,3/19/2025,,,,Intel::DOMAIN,
download2224.mediafire.com,MegaUploadSites,0,3/19/2025,3/19/2025,,,,Intel::DOMAIN,
download2225.mediafire.com,MegaUploadSites,0,3/19/2025,3/19/2025,,,,Intel::DOMAIN,
download2226.mediafire.com,MegaUploadSites,0,3/19/2025,3/19/2025,,,,Intel::DOMAIN,
download2227.mediafire.com,MegaUploadSites,0,3/19/2025,3/19/2025,,,,Intel::DOMAIN,
download2230.mediafire.com,MegaUploadSites,0,3/19/2025,3/19/2025,,,,Intel::DOMAIN,
download2231.ns.mediafire.com,MegaUploadSites,0,3/19/2025,3/19/2025,,,,Intel::DOMAIN,
download2232.mediafire.com,MegaUploadSites,0,3/19/2025,3/19/2025,,,,Intel::DOMAIN,
download2232.mx0.mediafire.com,MegaUploadSites,0,3/19/2025,3/19/2025,,,,Intel::DOMAIN,
download2233.mediafire.com,MegaUploadSites,0,3/19/2025,3/19/2025,,,,Intel::DOMAIN,
download2234.mediafire.com,MegaUploadSites,0,3/19/2025,3/19/2025,,,,Intel::DOMAIN,
download2235.mediafire.com,MegaUploadSites,0,3/19/2025,3/19/2025,,,,Intel::DOMAIN,
download2262.bbs.mediafire.com,MegaUploadSites,0,3/19/2025,3/19/2025,,,,Intel::DOMAIN,
download2263.mediafire.com,MegaUploadSites,0,3/19/2025,3/19/2025,,,,Intel::DOMAIN,
download2265.mediafire.com,MegaUploadSites,0,3/19/2025,3/19/2025,,,,Intel::DOMAIN,
download2266.mediafire.com,MegaUploadSites,0,3/19/2025,3/19/2025,,,,Intel::DOMAIN,
download2267.mediafire.com,MegaUploadSites,0,3/19/2025,3/19/2025,,,,Intel::DOMAIN,
download2268.api.mediafire.com,MegaUploadSites,0,3/19/2025,3/19/2025,,,,Intel::DOMAIN,
download2269.mediafire.com,MegaUploadSites,0,3/19/2025,3/19/2025,,,,Intel::DOMAIN,
download2270.mediafire.com,MegaUploadSites,0,3/19/2025,3/19/2025,,,,Intel::DOMAIN,
download228.mediafire.com,MegaUploadSites,0,3/19/2025,3/19/2025,,,,Intel::DOMAIN,
download229.mx.mediafire.com,MegaUploadSites,0,3/19/2025,3/19/2025,,,,Intel::DOMAIN,
download23.mediafire.com,MegaUploadSites,0,3/19/2025,3/19/2025,,,,Intel::DOMAIN,
download2327.mediafire.com,MegaUploadSites,0,3/19/2025,3/19/2025,,,,Intel::DOMAIN,
download2328.mediafire.com,MegaUploadSites,0,3/19/2025,3/19/2025,,,,Intel::DOMAIN,
download2328.mx0.mediafire.com,MegaUploadSites,0,3/19/2025,3/19/2025,,,,Intel::DOMAIN,
download2329.mediafire.com,MegaUploadSites,0,3/19/2025,3/19/2025,,,,Intel::DOMAIN,
download233.mediafire.com,MegaUploadSites,0,3/19/2025,3/19/2025,,,,Intel::DOMAIN,
download2330.ftp.mediafire.com,MegaUploadSites,0,3/19/2025,3/19/2025,,,,Intel::DOMAIN,
download2331.mediafire.com,MegaUploadSites,0,3/19/2025,3/19/2025,,,,Intel::DOMAIN,
download2332.mediafire.com,MegaUploadSites,0,3/19/2025,3/19/2025,,,,Intel::DOMAIN,
download2340.mediafire.com,MegaUploadSites,0,3/19/2025,3/19/2025,,,,Intel::DOMAIN,
download238.bbs.mediafire.com,MegaUploadSites,0,3/19/2025,3/19/2025,,,,Intel::DOMAIN,
download238.mx2.mediafire.com,MegaUploadSites,0,3/19/2025,3/19/2025,,,,Intel::DOMAIN,
download24.mediafire.com,MegaUploadSites,0,3/19/2025,3/19/2025,,,,Intel::DOMAIN,
download241.mediafire.com,MegaUploadSites,0,3/19/2025,3/19/2025,,,,Intel::DOMAIN,
download245.mediafire.com,MegaUploadSites,0,3/19/2025,3/19/2025,,,,Intel::DOMAIN,
download25.mediafire.com,MegaUploadSites,0,3/19/2025,3/19/2025,,,,Intel::DOMAIN,
download252.mediafire.com,MegaUploadSites,0,3/19/2025,3/19/2025,,,,Intel::DOMAIN,
download26.ns.mediafire.com,MegaUploadSites,0,3/19/2025,3/19/2025,,,,Intel::DOMAIN,
download263.mediafire.com,MegaUploadSites,0,3/19/2025,3/19/2025,,,,Intel::DOMAIN,
download265.mediafire.com,MegaUploadSites,0,3/19/2025,3/19/2025,,,,Intel::DOMAIN,
download268.api.mediafire.com,MegaUploadSites,0,3/19/2025,3/19/2025,,,,Intel::DOMAIN,
download27.mediafire.com,MegaUploadSites,0,3/19/2025,3/19/2025,,,,Intel::DOMAIN,
download272.mediafire.com,MegaUploadSites,0,3/19/2025,3/19/2025,,,,Intel::DOMAIN,
download275.mediafire.com,MegaUploadSites,0,3/19/2025,3/19/2025,,,,Intel::DOMAIN,
download278.mediafire.com,MegaUploadSites,0,3/19/2025,3/19/2025,,,,Intel::DOMAIN,
download29.mediafire.com,MegaUploadSites,0,3/19/2025,3/19/2025,,,,Intel::DOMAIN,
download294.ftp.mediafire.com,MegaUploadSites,0,3/19/2025,3/19/2025,,,,Intel::DOMAIN,
download295.mx1.mediafire.com,MegaUploadSites,0,3/19/2025,3/19/2025,,,,Intel::DOMAIN,
download295.mx7.mediafire.com,MegaUploadSites,0,3/19/2025,3/19/2025,,,,Intel::DOMAIN,
download297.mediafire.com,MegaUploadSites,0,3/19/2025,3/19/2025,,,,Intel::DOMAIN,
download3.mediafire.com,MegaUploadSites,0,3/19/2025,3/19/2025,,,,Intel::DOMAIN,
download3.mx7.mediafire.com,MegaUploadSites,0,3/19/2025,3/19/2025,,,,Intel::DOMAIN,
download301.mediafire.com,MegaUploadSites,0,3/19/2025,3/19/2025,,,,Intel::DOMAIN,
download302.mediafire.com,MegaUploadSites,0,3/19/2025,3/19/2025,,,,Intel::DOMAIN,
download303.mediafire.com,MegaUploadSites,0,3/19/2025,3/19/2025,,,,Intel::DOMAIN,
download306.mediafire.com,MegaUploadSites,0,3/19/2025,3/19/2025,,,,Intel::DOMAIN,
download307.mediafire.com,MegaUploadSites,0,3/19/2025,3/19/2025,,,,Intel::DOMAIN,
download31.mediafire.com,MegaUploadSites,0,3/19/2025,3/19/2025,,,,Intel::DOMAIN,
download311.mx0.mediafire.com,MegaUploadSites,0,3/19/2025,3/19/2025,,,,Intel::DOMAIN,
download317.ns.mediafire.com,MegaUploadSites,0,3/19/2025,3/19/2025,,,,Intel::DOMAIN,
download319.mx7.mediafire.com,MegaUploadSites,0,3/19/2025,3/19/2025,,,,Intel::DOMAIN,
download32.mediafire.com,MegaUploadSites,0,3/19/2025,3/19/2025,,,,Intel::DOMAIN,
download321.bbs.mediafire.com,MegaUploadSites,0,3/19/2025,3/19/2025,,,,Intel::DOMAIN,
download327.api.mediafire.com,MegaUploadSites,0,3/19/2025,3/19/2025,,,,Intel::DOMAIN,
download330.api.mediafire.com,MegaUploadSites,0,3/19/2025,3/19/2025,,,,Intel::DOMAIN,
download331.mx1.mediafire.com,MegaUploadSites,0,3/19/2025,3/19/2025,,,,Intel::DOMAIN,
download333.mediafire.com,MegaUploadSites,0,3/19/2025,3/19/2025,,,,Intel::DOMAIN,
download338.mediafire.com,MegaUploadSites,0,3/19/2025,3/19/2025,,,,Intel::DOMAIN,
download339.api.mediafire.com,MegaUploadSites,0,3/19/2025,3/19/2025,,,,Intel::DOMAIN,
download34.mediafire.com,MegaUploadSites,0,3/19/2025,3/19/2025,,,,Intel::DOMAIN,
download345.mediafire.com,MegaUploadSites,0,3/19/2025,3/19/2025,,,,Intel::DOMAIN,
download346.ftp.mediafire.com,MegaUploadSites,0,3/19/2025,3/19/2025,,,,Intel::DOMAIN,
download347.ftp.mediafire.com,MegaUploadSites,0,3/19/2025,3/19/2025,,,,Intel::DOMAIN,
download350.api.mediafire.com,MegaUploadSites,0,3/19/2025,3/19/2025,,,,Intel::DOMAIN,
download350.mediafire.com,MegaUploadSites,0,3/19/2025,3/19/2025,,,,Intel::DOMAIN,
download351.mediafire.com,MegaUploadSites,0,3/19/2025,3/19/2025,,,,Intel::DOMAIN,
download355.mediafire.com,MegaUploadSites,0,3/19/2025,3/19/2025,,,,Intel::DOMAIN,
download356.mediafire.com,MegaUploadSites,0,3/19/2025,3/19/2025,,,,Intel::DOMAIN,
download357.mediafire.com,MegaUploadSites,0,3/19/2025,3/19/2025,,,,Intel::DOMAIN,
download36.mediafire.com,MegaUploadSites,0,3/19/2025,3/19/2025,,,,Intel::DOMAIN,
download37.mediafire.com,MegaUploadSites,0,3/19/2025,3/19/2025,,,,Intel::DOMAIN,
download371.ns.mediafire.com,MegaUploadSites,0,3/19/2025,3/19/2025,,,,Intel::DOMAIN,
download38.mediafire.com,MegaUploadSites,0,3/19/2025,3/19/2025,,,,Intel::DOMAIN,
download381.mediafire.com,MegaUploadSites,0,3/19/2025,3/19/2025,,,,Intel::DOMAIN,
download386.mediafire.com,MegaUploadSites,0,3/19/2025,3/19/2025,,,,Intel::DOMAIN,
download387.mediafire.com,MegaUploadSites,0,3/19/2025,3/19/2025,,,,Intel::DOMAIN,
download387.mx0.mediafire.com,MegaUploadSites,0,3/19/2025,3/19/2025,,,,Intel::DOMAIN,
download388.mediafire.com,MegaUploadSites,0,3/19/2025,3/19/2025,,,,Intel::DOMAIN,
download389.mediafire.com,MegaUploadSites,0,3/19/2025,3/19/2025,,,,Intel::DOMAIN,
download39.mediafire.com,MegaUploadSites,0,3/19/2025,3/19/2025,,,,Intel::DOMAIN,
download390.bbs.mediafire.com,MegaUploadSites,0,3/19/2025,3/19/2025,,,,Intel::DOMAIN,
download390.mx0.mediafire.com,MegaUploadSites,0,3/19/2025,3/19/2025,,,,Intel::DOMAIN,
download390.mx1.mediafire.com,MegaUploadSites,0,3/19/2025,3/19/2025,,,,Intel::DOMAIN,
download392.mediafire.com,MegaUploadSites,0,3/19/2025,3/19/2025,,,,Intel::DOMAIN,
download393.mediafire.com,MegaUploadSites,0,3/19/2025,3/19/2025,,,,Intel::DOMAIN,
download398.mediafire.com,MegaUploadSites,0,3/19/2025,3/19/2025,,,,Intel::DOMAIN,
download40.mediafire.com,MegaUploadSites,0,3/19/2025,3/19/2025,,,,Intel::DOMAIN,
download403.mediafire.com,MegaUploadSites,0,3/19/2025,3/19/2025,,,,Intel::DOMAIN,
download407.mx7.mediafire.com,MegaUploadSites,0,3/19/2025,3/19/2025,,,,Intel::DOMAIN,
download408.mediafire.com,MegaUploadSites,0,3/19/2025,3/19/2025,,,,Intel::DOMAIN,
download409.mediafire.com,MegaUploadSites,0,3/19/2025,3/19/2025,,,,Intel::DOMAIN,
download410.mediafire.com,MegaUploadSites,0,3/19/2025,3/19/2025,,,,Intel::DOMAIN,
download410.mx2.mediafire.com,MegaUploadSites,0,3/19/2025,3/19/2025,,,,Intel::DOMAIN,
download411.mediafire.com,MegaUploadSites,0,3/19/2025,3/19/2025,,,,Intel::DOMAIN,
download42.mediafire.com,MegaUploadSites,0,3/19/2025,3/19/2025,,,,Intel::DOMAIN,
download43.mediafire.com,MegaUploadSites,0,3/19/2025,3/19/2025,,,,Intel::DOMAIN,
download44.mediafire.com,MegaUploadSites,0,3/19/2025,3/19/2025,,,,Intel::DOMAIN,
download447.mediafire.com,MegaUploadSites,0,3/19/2025,3/19/2025,,,,Intel::DOMAIN,
download448.mediafire.com,MegaUploadSites,0,3/19/2025,3/19/2025,,,,Intel::DOMAIN,
download45.mediafire.com,MegaUploadSites,0,3/19/2025,3/19/2025,,,,Intel::DOMAIN,
download45.mx7.mediafire.com,MegaUploadSites,0,3/19/2025,3/19/2025,,,,Intel::DOMAIN,
download451.ftp.mediafire.com,MegaUploadSites,0,3/19/2025,3/19/2025,,,,Intel::DOMAIN,
download451.mediafire.com,MegaUploadSites,0,3/19/2025,3/19/2025,,,,Intel::DOMAIN,
download451.mx.mediafire.com,MegaUploadSites,0,3/19/2025,3/19/2025,,,,Intel::DOMAIN,
download452.bbs.mediafire.com,MegaUploadSites,0,3/19/2025,3/19/2025,,,,Intel::DOMAIN,
download455.mediafire.com,MegaUploadSites,0,3/19/2025,3/19/2025,,,,Intel::DOMAIN,
download46.mediafire.com,MegaUploadSites,0,3/19/2025,3/19/2025,,,,Intel::DOMAIN,
download461.mediafire.com,MegaUploadSites,0,3/19/2025,3/19/2025,,,,Intel::DOMAIN,
download471.mediafire.com,MegaUploadSites,0,3/19/2025,3/19/2025,,,,Intel::DOMAIN,
download476.mediafire.com,MegaUploadSites,0,3/19/2025,3/19/2025,,,,Intel::DOMAIN,
download477.mediafire.com,MegaUploadSites,0,3/19/2025,3/19/2025,,,,Intel::DOMAIN,
download478.bbs.mediafire.com,MegaUploadSites,0,3/19/2025,3/19/2025,,,,Intel::DOMAIN,
download478.mediafire.com,MegaUploadSites,0,3/19/2025,3/19/2025,,,,Intel::DOMAIN,
download4877.mediafire.com,MegaUploadSites,0,3/19/2025,3/19/2025,,,,Intel::DOMAIN,
download5.mediafire.com,MegaUploadSites,0,3/19/2025,3/19/2025,,,,Intel::DOMAIN,
download50.mediafire.com,MegaUploadSites,0,3/19/2025,3/19/2025,,,,Intel::DOMAIN,
download501.bbs.mediafire.com,MegaUploadSites,0,3/19/2025,3/19/2025,,,,Intel::DOMAIN,
download502.ftp.mediafire.com,MegaUploadSites,0,3/19/2025,3/19/2025,,,,Intel::DOMAIN,
download503.mediafire.com,MegaUploadSites,0,3/19/2025,3/19/2025,,,,Intel::DOMAIN,
download509.mediafire.com,MegaUploadSites,0,3/19/2025,3/19/2025,,,,Intel::DOMAIN,
download511.mediafire.com,MegaUploadSites,0,3/19/2025,3/19/2025,,,,Intel::DOMAIN,
download5139.mediafire.com,MegaUploadSites,0,3/19/2025,3/19/2025,,,,Intel::DOMAIN,
download5175.mediafire.com,MegaUploadSites,0,3/19/2025,3/19/2025,,,,Intel::DOMAIN,
download525.mediafire.com,MegaUploadSites,0,3/19/2025,3/19/2025,,,,Intel::DOMAIN,
download53.mediafire.com,MegaUploadSites,0,3/19/2025,3/19/2025,,,,Intel::DOMAIN,
download538.mediafire.com,MegaUploadSites,0,3/19/2025,3/19/2025,,,,Intel::DOMAIN,
download546.mx.mediafire.com,MegaUploadSites,0,3/19/2025,3/19/2025,,,,Intel::DOMAIN,
download546.mx2.mediafire.com,MegaUploadSites,0,3/19/2025,3/19/2025,,,,Intel::DOMAIN,
download547.mediafire.com,MegaUploadSites,0,3/19/2025,3/19/2025,,,,Intel::DOMAIN,
download548.mediafire.com,MegaUploadSites,0,3/19/2025,3/19/2025,,,,Intel::DOMAIN,
download55.mediafire.com,MegaUploadSites,0,3/19/2025,3/19/2025,,,,Intel::DOMAIN,
download55.mx0.mediafire.com,MegaUploadSites,0,3/19/2025,3/19/2025,,,,Intel::DOMAIN,
download551.mediafire.com,MegaUploadSites,0,3/19/2025,3/19/2025,,,,Intel::DOMAIN,
download552.mediafire.com,MegaUploadSites,0,3/19/2025,3/19/2025,,,,Intel::DOMAIN,
download565.mediafire.com,MegaUploadSites,0,3/19/2025,3/19/2025,,,,Intel::DOMAIN,
download568.api.mediafire.com,MegaUploadSites,0,3/19/2025,3/19/2025,,,,Intel::DOMAIN,
download570.mediafire.com,MegaUploadSites,0,3/19/2025,3/19/2025,,,,Intel::DOMAIN,
download572.mx2.mediafire.com,MegaUploadSites,0,3/19/2025,3/19/2025,,,,Intel::DOMAIN,
download575.mediafire.com,MegaUploadSites,0,3/19/2025,3/19/2025,,,,Intel::DOMAIN,
download58.mediafire.com,MegaUploadSites,0,3/19/2025,3/19/2025,,,,Intel::DOMAIN,
download59.ftp.mediafire.com,MegaUploadSites,0,3/19/2025,3/19/2025,,,,Intel::DOMAIN,
download59.mediafire.com,MegaUploadSites,0,3/19/2025,3/19/2025,,,,Intel::DOMAIN,
download59.mx2.mediafire.com,MegaUploadSites,0,3/19/2025,3/19/2025,,,,Intel::DOMAIN,
download6.mediafire.com,MegaUploadSites,0,3/19/2025,3/19/2025,,,,Intel::DOMAIN,
download6.mx0.mediafire.com,MegaUploadSites,0,3/19/2025,3/19/2025,,,,Intel::DOMAIN,
download602.api.mediafire.com,MegaUploadSites,0,3/19/2025,3/19/2025,,,,Intel::DOMAIN,
download602.ftp.mediafire.com,MegaUploadSites,0,3/19/2025,3/19/2025,,,,Intel::DOMAIN,
download602.mediafire.com,MegaUploadSites,0,3/19/2025,3/19/2025,,,,Intel::DOMAIN,
download602.mx1.mediafire.com,MegaUploadSites,0,3/19/2025,3/19/2025,,,,Intel::DOMAIN,
download603.mediafire.com,MegaUploadSites,0,3/19/2025,3/19/2025,,,,Intel::DOMAIN,
download603.mx0.mediafire.com,MegaUploadSites,0,3/19/2025,3/19/2025,,,,Intel::DOMAIN,
download604.mediafire.com,MegaUploadSites,0,3/19/2025,3/19/2025,,,,Intel::DOMAIN,
download604.mx2.mediafire.com,MegaUploadSites,0,3/19/2025,3/19/2025,,,,Intel::DOMAIN,
download605.mediafire.com,MegaUploadSites,0,3/19/2025,3/19/2025,,,,Intel::DOMAIN,
download607.mediafire.com,MegaUploadSites,0,3/19/2025,3/19/2025,,,,Intel::DOMAIN,
download608.mediafire.com,MegaUploadSites,0,3/19/2025,3/19/2025,,,,Intel::DOMAIN,
download610.mediafire.com,MegaUploadSites,0,3/19/2025,3/19/2025,,,,Intel::DOMAIN,
download612.mediafire.com,MegaUploadSites,0,3/19/2025,3/19/2025,,,,Intel::DOMAIN,
download613.mediafire.com,MegaUploadSites,0,3/19/2025,3/19/2025,,,,Intel::DOMAIN,
download614.mediafire.com,MegaUploadSites,0,3/19/2025,3/19/2025,,,,Intel::DOMAIN,
download615.mediafire.com,MegaUploadSites,0,3/19/2025,3/19/2025,,,,Intel::DOMAIN,
download616.mediafire.com,MegaUploadSites,0,3/19/2025,3/19/2025,,,,Intel::DOMAIN,
download6163.mediafire.com,MegaUploadSites,0,3/19/2025,3/19/2025,,,,Intel::DOMAIN,
download618.mediafire.com,MegaUploadSites,0,3/19/2025,3/19/2025,,,,Intel::DOMAIN,
download619.bbs.mediafire.com,MegaUploadSites,0,3/19/2025,3/19/2025,,,,Intel::DOMAIN,
download619.mediafire.com,MegaUploadSites,0,3/19/2025,3/19/2025,,,,Intel::DOMAIN,
download620.mediafire.com,MegaUploadSites,0,3/19/2025,3/19/2025,,,,Intel::DOMAIN,
download621.mediafire.com,MegaUploadSites,0,3/19/2025,3/19/2025,,,,Intel::DOMAIN,
download621.mx0.mediafire.com,MegaUploadSites,0,3/19/2025,3/19/2025,,,,Intel::DOMAIN,
download621.mx2.mediafire.com,MegaUploadSites,0,3/19/2025,3/19/2025,,,,Intel::DOMAIN,
download623.mediafire.com,MegaUploadSites,0,3/19/2025,3/19/2025,,,,Intel::DOMAIN,
download623.mx7.mediafire.com,MegaUploadSites,0,3/19/2025,3/19/2025,,,,Intel::DOMAIN,
download624.mediafire.com,MegaUploadSites,0,3/19/2025,3/19/2025,,,,Intel::DOMAIN,
download625.mediafire.com,MegaUploadSites,0,3/19/2025,3/19/2025,,,,Intel::DOMAIN,
download626.mediafire.com,MegaUploadSites,0,3/19/2025,3/19/2025,,,,Intel::DOMAIN,
download627.mediafire.com,MegaUploadSites,0,3/19/2025,3/19/2025,,,,Intel::DOMAIN,
download629.mediafire.com,MegaUploadSites,0,3/19/2025,3/19/2025,,,,Intel::DOMAIN,
download630.mediafire.com,MegaUploadSites,0,3/19/2025,3/19/2025,,,,Intel::DOMAIN,
download631.mediafire.com,MegaUploadSites,0,3/19/2025,3/19/2025,,,,Intel::DOMAIN,
download632.mediafire.com,MegaUploadSites,0,3/19/2025,3/19/2025,,,,Intel::DOMAIN,
download632.mx2.mediafire.com,MegaUploadSites,0,3/19/2025,3/19/2025,,,,Intel::DOMAIN,
download634.mediafire.com,MegaUploadSites,0,3/19/2025,3/19/2025,,,,Intel::DOMAIN,
download635.mediafire.com,MegaUploadSites,0,3/19/2025,3/19/2025,,,,Intel::DOMAIN,
download638.mediafire.com,MegaUploadSites,0,3/19/2025,3/19/2025,,,,Intel::DOMAIN,
download639.mediafire.com,MegaUploadSites,0,3/19/2025,3/19/2025,,,,Intel::DOMAIN,
download640.ftp.mediafire.com,MegaUploadSites,0,3/19/2025,3/19/2025,,,,Intel::DOMAIN,
download640.mediafire.com,MegaUploadSites,0,3/19/2025,3/19/2025,,,,Intel::DOMAIN,
download641.mediafire.com,MegaUploadSites,0,3/19/2025,3/19/2025,,,,Intel::DOMAIN,
download643.mediafire.com,MegaUploadSites,0,3/19/2025,3/19/2025,,,,Intel::DOMAIN,
download644.mediafire.com,MegaUploadSites,0,3/19/2025,3/19/2025,,,,Intel::DOMAIN,
download645.bbs.mediafire.com,MegaUploadSites,0,3/19/2025,3/19/2025,,,,Intel::DOMAIN,
download645.mediafire.com,MegaUploadSites,0,3/19/2025,3/19/2025,,,,Intel::DOMAIN,
download646.mediafire.com,MegaUploadSites,0,3/19/2025,3/19/2025,,,,Intel::DOMAIN,
download647.mediafire.com,MegaUploadSites,0,3/19/2025,3/19/2025,,,,Intel::DOMAIN,
download648.mediafire.com,MegaUploadSites,0,3/19/2025,3/19/2025,,,,Intel::DOMAIN,
download649.mediafire.com,MegaUploadSites,0,3/19/2025,3/19/2025,,,,Intel::DOMAIN,
download65.mx7.mediafire.com,MegaUploadSites,0,3/19/2025,3/19/2025,,,,Intel::DOMAIN,
download650.mediafire.com,MegaUploadSites,0,3/19/2025,3/19/2025,,,,Intel::DOMAIN,
download651.mediafire.com,MegaUploadSites,0,3/19/2025,3/19/2025,,,,Intel::DOMAIN,
download652.mediafire.com,MegaUploadSites,0,3/19/2025,3/19/2025,,,,Intel::DOMAIN,
download654.mediafire.com,MegaUploadSites,0,3/19/2025,3/19/2025,,,,Intel::DOMAIN,
download655.mediafire.com,MegaUploadSites,0,3/19/2025,3/19/2025,,,,Intel::DOMAIN,
download656.mediafire.com,MegaUploadSites,0,3/19/2025,3/19/2025,,,,Intel::DOMAIN,
download656.mx0.mediafire.com,MegaUploadSites,0,3/19/2025,3/19/2025,,,,Intel::DOMAIN,
download657.mediafire.com,MegaUploadSites,0,3/19/2025,3/19/2025,,,,Intel::DOMAIN,
download658.mediafire.com,MegaUploadSites,0,3/19/2025,3/19/2025,,,,Intel::DOMAIN,
download659.m.mediafire.com,MegaUploadSites,0,3/19/2025,3/19/2025,,,,Intel::DOMAIN,
download66.bbs.mediafire.com,MegaUploadSites,0,3/19/2025,3/19/2025,,,,Intel::DOMAIN,
download660.mediafire.com,MegaUploadSites,0,3/19/2025,3/19/2025,,,,Intel::DOMAIN,
download661.mediafire.com,MegaUploadSites,0,3/19/2025,3/19/2025,,,,Intel::DOMAIN,
download662.mediafire.com,MegaUploadSites,0,3/19/2025,3/19/2025,,,,Intel::DOMAIN,
download663.mediafire.com,MegaUploadSites,0,3/19/2025,3/19/2025,,,,Intel::DOMAIN,
download664.mediafire.com,MegaUploadSites,0,3/19/2025,3/19/2025,,,,Intel::DOMAIN,
download665.mediafire.com,MegaUploadSites,0,3/19/2025,3/19/2025,,,,Intel::DOMAIN,
download666.mediafire.com,MegaUploadSites,0,3/19/2025,3/19/2025,,,,Intel::DOMAIN,
download667.mediafire.com,MegaUploadSites,0,3/19/2025,3/19/2025,,,,Intel::DOMAIN,
download668.mediafire.com,MegaUploadSites,0,3/19/2025,3/19/2025,,,,Intel::DOMAIN,
download669.mediafire.com,MegaUploadSites,0,3/19/2025,3/19/2025,,,,Intel::DOMAIN,
download67.mediafire.com,MegaUploadSites,0,3/19/2025,3/19/2025,,,,Intel::DOMAIN,
download670.mx.mediafire.com,MegaUploadSites,0,3/19/2025,3/19/2025,,,,Intel::DOMAIN,
download671.mediafire.com,MegaUploadSites,0,3/19/2025,3/19/2025,,,,Intel::DOMAIN,
download672.mediafire.com,MegaUploadSites,0,3/19/2025,3/19/2025,,,,Intel::DOMAIN,
download673.mediafire.com,MegaUploadSites,0,3/19/2025,3/19/2025,,,,Intel::DOMAIN,
download674.api.mediafire.com,MegaUploadSites,0,3/19/2025,3/19/2025,,,,Intel::DOMAIN,
download674.mediafire.com,MegaUploadSites,0,3/19/2025,3/19/2025,,,,Intel::DOMAIN,
download674.mx1.mediafire.com,MegaUploadSites,0,3/19/2025,3/19/2025,,,,Intel::DOMAIN,
download676.mediafire.com,MegaUploadSites,0,3/19/2025,3/19/2025,,,,Intel::DOMAIN,
download678.mediafire.com,MegaUploadSites,0,3/19/2025,3/19/2025,,,,Intel::DOMAIN,
download679.mediafire.com,MegaUploadSites,0,3/19/2025,3/19/2025,,,,Intel::DOMAIN,
download680.mediafire.com,MegaUploadSites,0,3/19/2025,3/19/2025,,,,Intel::DOMAIN,
download681.mediafire.com,MegaUploadSites,0,3/19/2025,3/19/2025,,,,Intel::DOMAIN,
download685.mediafire.com,MegaUploadSites,0,3/19/2025,3/19/2025,,,,Intel::DOMAIN,
download686.mediafire.com,MegaUploadSites,0,3/19/2025,3/19/2025,,,,Intel::DOMAIN,
download687.mediafire.com,MegaUploadSites,0,3/19/2025,3/19/2025,,,,Intel::DOMAIN,
download688.api.mediafire.com,MegaUploadSites,0,3/19/2025,3/19/2025,,,,Intel::DOMAIN,
download689.mediafire.com,MegaUploadSites,0,3/19/2025,3/19/2025,,,,Intel::DOMAIN,
download691.mediafire.com,MegaUploadSites,0,3/19/2025,3/19/2025,,,,Intel::DOMAIN,
download692.mediafire.com,MegaUploadSites,0,3/19/2025,3/19/2025,,,,Intel::DOMAIN,
download692.mx0.mediafire.com,MegaUploadSites,0,3/19/2025,3/19/2025,,,,Intel::DOMAIN,
download693.mediafire.com,MegaUploadSites,0,3/19/2025,3/19/2025,,,,Intel::DOMAIN,
download694.mediafire.com,MegaUploadSites,0,3/19/2025,3/19/2025,,,,Intel::DOMAIN,
download695.mediafire.com,MegaUploadSites,0,3/19/2025,3/19/2025,,,,Intel::DOMAIN,
download696.ftp.mediafire.com,MegaUploadSites,0,3/19/2025,3/19/2025,,,,Intel::DOMAIN,
download696.mediafire.com,MegaUploadSites,0,3/19/2025,3/19/2025,,,,Intel::DOMAIN,
download698.api.mediafire.com,MegaUploadSites,0,3/19/2025,3/19/2025,,,,Intel::DOMAIN,
download698.mediafire.com,MegaUploadSites,0,3/19/2025,3/19/2025,,,,Intel::DOMAIN,
download698.mx1.mediafire.com,MegaUploadSites,0,3/19/2025,3/19/2025,,,,Intel::DOMAIN,
download7.mediafire.com,MegaUploadSites,0,3/19/2025,3/19/2025,,,,Intel::DOMAIN,
download70.mx0.mediafire.com,MegaUploadSites,0,3/19/2025,3/19/2025,,,,Intel::DOMAIN,
download700.mediafire.com,MegaUploadSites,0,3/19/2025,3/19/2025,,,,Intel::DOMAIN,
download701.mediafire.com,MegaUploadSites,0,3/19/2025,3/19/2025,,,,Intel::DOMAIN,
download703.mediafire.com,MegaUploadSites,0,3/19/2025,3/19/2025,,,,Intel::DOMAIN,
download704.mediafire.com,MegaUploadSites,0,3/19/2025,3/19/2025,,,,Intel::DOMAIN,
download704.mx.mediafire.com,MegaUploadSites,0,3/19/2025,3/19/2025,,,,Intel::DOMAIN,
download705.mediafire.com,MegaUploadSites,0,3/19/2025,3/19/2025,,,,Intel::DOMAIN,
download706.mediafire.com,MegaUploadSites,0,3/19/2025,3/19/2025,,,,Intel::DOMAIN,
download707.mediafire.com,MegaUploadSites,0,3/19/2025,3/19/2025,,,,Intel::DOMAIN,
download708.mediafire.com,MegaUploadSites,0,3/19/2025,3/19/2025,,,,Intel::DOMAIN,
download710.mediafire.com,MegaUploadSites,0,3/19/2025,3/19/2025,,,,Intel::DOMAIN,
download711.mediafire.com,MegaUploadSites,0,3/19/2025,3/19/2025,,,,Intel::DOMAIN,
download712.mediafire.com,MegaUploadSites,0,3/19/2025,3/19/2025,,,,Intel::DOMAIN,
download712.mx0.mediafire.com,MegaUploadSites,0,3/19/2025,3/19/2025,,,,Intel::DOMAIN,
download713.mediafire.com,MegaUploadSites,0,3/19/2025,3/19/2025,,,,Intel::DOMAIN,
download714.mediafire.com,MegaUploadSites,0,3/19/2025,3/19/2025,,,,Intel::DOMAIN,
download716.ftp.mediafire.com,MegaUploadSites,0,3/19/2025,3/19/2025,,,,Intel::DOMAIN,
download716.mediafire.com,MegaUploadSites,0,3/19/2025,3/19/2025,,,,Intel::DOMAIN,
download717.mediafire.com,MegaUploadSites,0,3/19/2025,3/19/2025,,,,Intel::DOMAIN,
download718.mediafire.com,MegaUploadSites,0,3/19/2025,3/19/2025,,,,Intel::DOMAIN,
download720.mediafire.com,MegaUploadSites,0,3/19/2025,3/19/2025,,,,Intel::DOMAIN,
download722.mediafire.com,MegaUploadSites,0,3/19/2025,3/19/2025,,,,Intel::DOMAIN,
download723.mediafire.com,MegaUploadSites,0,3/19/2025,3/19/2025,,,,Intel::DOMAIN,
download724.mediafire.com,MegaUploadSites,0,3/19/2025,3/19/2025,,,,Intel::DOMAIN,
download7275.ftp.mediafire.com,MegaUploadSites,0,3/19/2025,3/19/2025,,,,Intel::DOMAIN,
download728.mediafire.com,MegaUploadSites,0,3/19/2025,3/19/2025,,,,Intel::DOMAIN,
download729.mediafire.com,MegaUploadSites,0,3/19/2025,3/19/2025,,,,Intel::DOMAIN,
download73.mediafire.com,MegaUploadSites,0,3/19/2025,3/19/2025,,,,Intel::DOMAIN,
download730.mx2.mediafire.com,MegaUploadSites,0,3/19/2025,3/19/2025,,,,Intel::DOMAIN,
download731.api.mediafire.com,MegaUploadSites,0,3/19/2025,3/19/2025,,,,Intel::DOMAIN,
download731.mediafire.com,MegaUploadSites,0,3/19/2025,3/19/2025,,,,Intel::DOMAIN,
download732.mx1.mediafire.com,MegaUploadSites,0,3/19/2025,3/19/2025,,,,Intel::DOMAIN,
download733.mediafire.com,MegaUploadSites,0,3/19/2025,3/19/2025,,,,Intel::DOMAIN,
download734.mediafire.com,MegaUploadSites,0,3/19/2025,3/19/2025,,,,Intel::DOMAIN,
download735.mediafire.com,MegaUploadSites,0,3/19/2025,3/19/2025,,,,Intel::DOMAIN,
download735.ns.mediafire.com,MegaUploadSites,0,3/19/2025,3/19/2025,,,,Intel::DOMAIN,
download736.mediafire.com,MegaUploadSites,0,3/19/2025,3/19/2025,,,,Intel::DOMAIN,
download737.mediafire.com,MegaUploadSites,0,3/19/2025,3/19/2025,,,,Intel::DOMAIN,
download739.mediafire.com,MegaUploadSites,0,3/19/2025,3/19/2025,,,,Intel::DOMAIN,
download74.mediafire.com,MegaUploadSites,0,3/19/2025,3/19/2025,,,,Intel::DOMAIN,
download740.mediafire.com,MegaUploadSites,0,3/19/2025,3/19/2025,,,,Intel::DOMAIN,
download741.api.mediafire.com,MegaUploadSites,0,3/19/2025,3/19/2025,,,,Intel::DOMAIN,
download742.mediafire.com,MegaUploadSites,0,3/19/2025,3/19/2025,,,,Intel::DOMAIN,
download744.mediafire.com,MegaUploadSites,0,3/19/2025,3/19/2025,,,,Intel::DOMAIN,
download745.mediafire.com,MegaUploadSites,0,3/19/2025,3/19/2025,,,,Intel::DOMAIN,
download745.mx7.mediafire.com,MegaUploadSites,0,3/19/2025,3/19/2025,,,,Intel::DOMAIN,
download746.746.mediafire.com,MegaUploadSites,0,3/19/2025,3/19/2025,,,,Intel::DOMAIN,
download746.mediafire.com,MegaUploadSites,0,3/19/2025,3/19/2025,,,,Intel::DOMAIN,
download747.mediafire.com,MegaUploadSites,0,3/19/2025,3/19/2025,,,,Intel::DOMAIN,
download747.mx1.mediafire.com,MegaUploadSites,0,3/19/2025,3/19/2025,,,,Intel::DOMAIN,
download748.mediafire.com,MegaUploadSites,0,3/19/2025,3/19/2025,,,,Intel::DOMAIN,
download749.mediafire.com,MegaUploadSites,0,3/19/2025,3/19/2025,,,,Intel::DOMAIN,
download751.mediafire.com,MegaUploadSites,0,3/19/2025,3/19/2025,,,,Intel::DOMAIN,
download752.mediafire.com,MegaUploadSites,0,3/19/2025,3/19/2025,,,,Intel::DOMAIN,
download753.mediafire.com,MegaUploadSites,0,3/19/2025,3/19/2025,,,,Intel::DOMAIN,
download755.mediafire.com,MegaUploadSites,0,3/19/2025,3/19/2025,,,,Intel::DOMAIN,
download756.mediafire.com,MegaUploadSites,0,3/19/2025,3/19/2025,,,,Intel::DOMAIN,
download756.ns.mediafire.com,MegaUploadSites,0,3/19/2025,3/19/2025,,,,Intel::DOMAIN,
download758.mediafire.com,MegaUploadSites,0,3/19/2025,3/19/2025,,,,Intel::DOMAIN,
download760.mediafire.com,MegaUploadSites,0,3/19/2025,3/19/2025,,,,Intel::DOMAIN,
download761.mediafire.com,MegaUploadSites,0,3/19/2025,3/19/2025,,,,Intel::DOMAIN,
download761.mx7.mediafire.com,MegaUploadSites,0,3/19/2025,3/19/2025,,,,Intel::DOMAIN,
download762.mediafire.com,MegaUploadSites,0,3/19/2025,3/19/2025,,,,Intel::DOMAIN,
download764.mediafire.com,MegaUploadSites,0,3/19/2025,3/19/2025,,,,Intel::DOMAIN,
download766.mediafire.com,MegaUploadSites,0,3/19/2025,3/19/2025,,,,Intel::DOMAIN,
download767.mediafire.com,MegaUploadSites,0,3/19/2025,3/19/2025,,,,Intel::DOMAIN,
download768.mediafire.com,MegaUploadSites,0,3/19/2025,3/19/2025,,,,Intel::DOMAIN,
download769.mediafire.com,MegaUploadSites,0,3/19/2025,3/19/2025,,,,Intel::DOMAIN,
download770.mediafire.com,MegaUploadSites,0,3/19/2025,3/19/2025,,,,Intel::DOMAIN,
download771.mediafire.com,MegaUploadSites,0,3/19/2025,3/19/2025,,,,Intel::DOMAIN,
download773.mediafire.com,MegaUploadSites,0,3/19/2025,3/19/2025,,,,Intel::DOMAIN,
download775.mediafire.com,MegaUploadSites,0,3/19/2025,3/19/2025,,,,Intel::DOMAIN,
download776.mediafire.com,MegaUploadSites,0,3/19/2025,3/19/2025,,,,Intel::DOMAIN,
download776.mx.mediafire.com,MegaUploadSites,0,3/19/2025,3/19/2025,,,,Intel::DOMAIN,
download777.mediafire.com,MegaUploadSites,0,3/19/2025,3/19/2025,,,,Intel::DOMAIN,
download778.mediafire.com,MegaUploadSites,0,3/19/2025,3/19/2025,,,,Intel::DOMAIN,
download780.mediafire.com,MegaUploadSites,0,3/19/2025,3/19/2025,,,,Intel::DOMAIN,
download781.mediafire.com,MegaUploadSites,0,3/19/2025,3/19/2025,,,,Intel::DOMAIN,
download782.mediafire.com,MegaUploadSites,0,3/19/2025,3/19/2025,,,,Intel::DOMAIN,
download783.mediafire.com,MegaUploadSites,0,3/19/2025,3/19/2025,,,,Intel::DOMAIN,
download784.mediafire.com,MegaUploadSites,0,3/19/2025,3/19/2025,,,,Intel::DOMAIN,
download786.mediafire.com,MegaUploadSites,0,3/19/2025,3/19/2025,,,,Intel::DOMAIN,
download787.mediafire.com,MegaUploadSites,0,3/19/2025,3/19/2025,,,,Intel::DOMAIN,
download788.mediafire.com,MegaUploadSites,0,3/19/2025,3/19/2025,,,,Intel::DOMAIN,
download788.mx2.mediafire.com,MegaUploadSites,0,3/19/2025,3/19/2025,,,,Intel::DOMAIN,
download788.mx7.mediafire.com,MegaUploadSites,0,3/19/2025,3/19/2025,,,,Intel::DOMAIN,
download789.mediafire.com,MegaUploadSites,0,3/19/2025,3/19/2025,,,,Intel::DOMAIN,
download790.mediafire.com,MegaUploadSites,0,3/19/2025,3/19/2025,,,,Intel::DOMAIN,
download790.mx.mediafire.com,MegaUploadSites,0,3/19/2025,3/19/2025,,,,Intel::DOMAIN,
download793.mediafire.com,MegaUploadSites,0,3/19/2025,3/19/2025,,,,Intel::DOMAIN,
download794.mediafire.com,MegaUploadSites,0,3/19/2025,3/19/2025,,,,Intel::DOMAIN,
download795.mediafire.com,MegaUploadSites,0,3/19/2025,3/19/2025,,,,Intel::DOMAIN,
download796.mediafire.com,MegaUploadSites,0,3/19/2025,3/19/2025,,,,Intel::DOMAIN,
download797.mediafire.com,MegaUploadSites,0,3/19/2025,3/19/2025,,,,Intel::DOMAIN,
download799.mediafire.com,MegaUploadSites,0,3/19/2025,3/19/2025,,,,Intel::DOMAIN,
download8.mediafire.com,MegaUploadSites,0,3/19/2025,3/19/2025,,,,Intel::DOMAIN,
download800.bbs.mediafire.com,MegaUploadSites,0,3/19/2025,3/19/2025,,,,Intel::DOMAIN,
download800.mediafire.com,MegaUploadSites,0,3/19/2025,3/19/2025,,,,Intel::DOMAIN,
download802.mx1.mediafire.com,MegaUploadSites,0,3/19/2025,3/19/2025,,,,Intel::DOMAIN,
download803.mediafire.com,MegaUploadSites,0,3/19/2025,3/19/2025,,,,Intel::DOMAIN,
download805.mediafire.com,MegaUploadSites,0,3/19/2025,3/19/2025,,,,Intel::DOMAIN,
download807.mediafire.com,MegaUploadSites,0,3/19/2025,3/19/2025,,,,Intel::DOMAIN,
download808.mediafire.com,MegaUploadSites,0,3/19/2025,3/19/2025,,,,Intel::DOMAIN,
download810.mediafire.com,MegaUploadSites,0,3/19/2025,3/19/2025,,,,Intel::DOMAIN,
download813.mediafire.com,MegaUploadSites,0,3/19/2025,3/19/2025,,,,Intel::DOMAIN,
download814.mediafire.com,MegaUploadSites,0,3/19/2025,3/19/2025,,,,Intel::DOMAIN,
download815.mediafire.com,MegaUploadSites,0,3/19/2025,3/19/2025,,,,Intel::DOMAIN,
download816.mediafire.com,MegaUploadSites,0,3/19/2025,3/19/2025,,,,Intel::DOMAIN,
download817.mediafire.com,MegaUploadSites,0,3/19/2025,3/19/2025,,,,Intel::DOMAIN,
download817.mx1.mediafire.com,MegaUploadSites,0,3/19/2025,3/19/2025,,,,Intel::DOMAIN,
download818.mediafire.com,MegaUploadSites,0,3/19/2025,3/19/2025,,,,Intel::DOMAIN,
download820.api.mediafire.com,MegaUploadSites,0,3/19/2025,3/19/2025,,,,Intel::DOMAIN,
download820.mediafire.com,MegaUploadSites,0,3/19/2025,3/19/2025,,,,Intel::DOMAIN,
download821.mediafire.com,MegaUploadSites,0,3/19/2025,3/19/2025,,,,Intel::DOMAIN,
download822.mediafire.com,MegaUploadSites,0,3/19/2025,3/19/2025,,,,Intel::DOMAIN,
download824.mediafire.com,MegaUploadSites,0,3/19/2025,3/19/2025,,,,Intel::DOMAIN,
download825.mediafire.com,MegaUploadSites,0,3/19/2025,3/19/2025,,,,Intel::DOMAIN,
download827.mediafire.com,MegaUploadSites,0,3/19/2025,3/19/2025,,,,Intel::DOMAIN,
download828.ftp.mediafire.com,MegaUploadSites,0,3/19/2025,3/19/2025,,,,Intel::DOMAIN,
download828.mediafire.com,MegaUploadSites,0,3/19/2025,3/19/2025,,,,Intel::DOMAIN,
download830.mediafire.com,MegaUploadSites,0,3/19/2025,3/19/2025,,,,Intel::DOMAIN,
download831.mediafire.com,MegaUploadSites,0,3/19/2025,3/19/2025,,,,Intel::DOMAIN,
download832.mediafire.com,MegaUploadSites,0,3/19/2025,3/19/2025,,,,Intel::DOMAIN,
download834.mediafire.com,MegaUploadSites,0,3/19/2025,3/19/2025,,,,Intel::DOMAIN,
download835.mediafire.com,MegaUploadSites,0,3/19/2025,3/19/2025,,,,Intel::DOMAIN,
download835.ns.mediafire.com,MegaUploadSites,0,3/19/2025,3/19/2025,,,,Intel::DOMAIN,
download836.mediafire.com,MegaUploadSites,0,3/19/2025,3/19/2025,,,,Intel::DOMAIN,
download836.mx7.mediafire.com,MegaUploadSites,0,3/19/2025,3/19/2025,,,,Intel::DOMAIN,
download837.mediafire.com,MegaUploadSites,0,3/19/2025,3/19/2025,,,,Intel::DOMAIN,
download838.mediafire.com,MegaUploadSites,0,3/19/2025,3/19/2025,,,,Intel::DOMAIN,
download839.mediafire.com,MegaUploadSites,0,3/19/2025,3/19/2025,,,,Intel::DOMAIN,
download840.mediafire.com,MegaUploadSites,0,3/19/2025,3/19/2025,,,,Intel::DOMAIN,
download840.mx0.mediafire.com,MegaUploadSites,0,3/19/2025,3/19/2025,,,,Intel::DOMAIN,
download841.mediafire.com,MegaUploadSites,0,3/19/2025,3/19/2025,,,,Intel::DOMAIN,
download842.mediafire.com,MegaUploadSites,0,3/19/2025,3/19/2025,,,,Intel::DOMAIN,
download843.mediafire.com,MegaUploadSites,0,3/19/2025,3/19/2025,,,,Intel::DOMAIN,
download844.mediafire.com,MegaUploadSites,0,3/19/2025,3/19/2025,,,,Intel::DOMAIN,
download846.bbs.mediafire.com,MegaUploadSites,0,3/19/2025,3/19/2025,,,,Intel::DOMAIN,
download846.mediafire.com,MegaUploadSites,0,3/19/2025,3/19/2025,,,,Intel::DOMAIN,
download847.mediafire.com,MegaUploadSites,0,3/19/2025,3/19/2025,,,,Intel::DOMAIN,
download848.mediafire.com,MegaUploadSites,0,3/19/2025,3/19/2025,,,,Intel::DOMAIN,
download849.mediafire.com,MegaUploadSites,0,3/19/2025,3/19/2025,,,,Intel::DOMAIN,
download850.mediafire.com,MegaUploadSites,0,3/19/2025,3/19/2025,,,,Intel::DOMAIN,
download852.mediafire.com,MegaUploadSites,0,3/19/2025,3/19/2025,,,,Intel::DOMAIN,
download853.mediafire.com,MegaUploadSites,0,3/19/2025,3/19/2025,,,,Intel::DOMAIN,
download853.mx.mediafire.com,MegaUploadSites,0,3/19/2025,3/19/2025,,,,Intel::DOMAIN,
download854.mediafire.com,MegaUploadSites,0,3/19/2025,3/19/2025,,,,Intel::DOMAIN,
download855.mediafire.com,MegaUploadSites,0,3/19/2025,3/19/2025,,,,Intel::DOMAIN,
download856.mediafire.com,MegaUploadSites,0,3/19/2025,3/19/2025,,,,Intel::DOMAIN,
download857.mediafire.com,MegaUploadSites,0,3/19/2025,3/19/2025,,,,Intel::DOMAIN,
download858.mediafire.com,MegaUploadSites,0,3/19/2025,3/19/2025,,,,Intel::DOMAIN,
download861.mediafire.com,MegaUploadSites,0,3/19/2025,3/19/2025,,,,Intel::DOMAIN,
download863.mediafire.com,MegaUploadSites,0,3/19/2025,3/19/2025,,,,Intel::DOMAIN,
download864.bbs.mediafire.com,MegaUploadSites,0,3/19/2025,3/19/2025,,,,Intel::DOMAIN,
download864.mediafire.com,MegaUploadSites,0,3/19/2025,3/19/2025,,,,Intel::DOMAIN,
download865.mediafire.com,MegaUploadSites,0,3/19/2025,3/19/2025,,,,Intel::DOMAIN,
download867.mediafire.com,MegaUploadSites,0,3/19/2025,3/19/2025,,,,Intel::DOMAIN,
download868.mediafire.com,MegaUploadSites,0,3/19/2025,3/19/2025,,,,Intel::DOMAIN,
download869.mediafire.com,MegaUploadSites,0,3/19/2025,3/19/2025,,,,Intel::DOMAIN,
download870.mediafire.com,MegaUploadSites,0,3/19/2025,3/19/2025,,,,Intel::DOMAIN,
download870.mx0.mediafire.com,MegaUploadSites,0,3/19/2025,3/19/2025,,,,Intel::DOMAIN,
download870.mx2.mediafire.com,MegaUploadSites,0,3/19/2025,3/19/2025,,,,Intel::DOMAIN,
download872.mediafire.com,MegaUploadSites,0,3/19/2025,3/19/2025,,,,Intel::DOMAIN,
download873.mediafire.com,MegaUploadSites,0,3/19/2025,3/19/2025,,,,Intel::DOMAIN,
download874.mediafire.com,MegaUploadSites,0,3/19/2025,3/19/2025,,,,Intel::DOMAIN,
download875.mediafire.com,MegaUploadSites,0,3/19/2025,3/19/2025,,,,Intel::DOMAIN,
download876.mediafire.com,MegaUploadSites,0,3/19/2025,3/19/2025,,,,Intel::DOMAIN,
download877.mediafire.com,MegaUploadSites,0,3/19/2025,3/19/2025,,,,Intel::DOMAIN,
download878.mediafire.com,MegaUploadSites,0,3/19/2025,3/19/2025,,,,Intel::DOMAIN,
download883.mediafire.com,MegaUploadSites,0,3/19/2025,3/19/2025,,,,Intel::DOMAIN,
download884.mx.mediafire.com,MegaUploadSites,0,3/19/2025,3/19/2025,,,,Intel::DOMAIN,
download885.mediafire.com,MegaUploadSites,0,3/19/2025,3/19/2025,,,,Intel::DOMAIN,
download886.ns.mediafire.com,MegaUploadSites,0,3/19/2025,3/19/2025,,,,Intel::DOMAIN,
download887.mediafire.com,MegaUploadSites,0,3/19/2025,3/19/2025,,,,Intel::DOMAIN,
download888.mediafire.com,MegaUploadSites,0,3/19/2025,3/19/2025,,,,Intel::DOMAIN,
download888.mx7.mediafire.com,MegaUploadSites,0,3/19/2025,3/19/2025,,,,Intel::DOMAIN,
download890.mediafire.com,MegaUploadSites,0,3/19/2025,3/19/2025,,,,Intel::DOMAIN,
download891.mediafire.com,MegaUploadSites,0,3/19/2025,3/19/2025,,,,Intel::DOMAIN,
download892.mediafire.com,MegaUploadSites,0,3/19/2025,3/19/2025,,,,Intel::DOMAIN,
download893.mediafire.com,MegaUploadSites,0,3/19/2025,3/19/2025,,,,Intel::DOMAIN,
download894.mediafire.com,MegaUploadSites,0,3/19/2025,3/19/2025,,,,Intel::DOMAIN,
download895.mediafire.com,MegaUploadSites,0,3/19/2025,3/19/2025,,,,Intel::DOMAIN,
download895.ns.mediafire.com,MegaUploadSites,0,3/19/2025,3/19/2025,,,,Intel::DOMAIN,
download896.mediafire.com,MegaUploadSites,0,3/19/2025,3/19/2025,,,,Intel::DOMAIN,
download898.mediafire.com,MegaUploadSites,0,3/19/2025,3/19/2025,,,,Intel::DOMAIN,
download9.mediafire.com,MegaUploadSites,0,3/19/2025,3/19/2025,,,,Intel::DOMAIN,
download90.mediafire.com,MegaUploadSites,0,3/19/2025,3/19/2025,,,,Intel::DOMAIN,
download900.mediafire.com,MegaUploadSites,0,3/19/2025,3/19/2025,,,,Intel::DOMAIN,
download901.mediafire.com,MegaUploadSites,0,3/19/2025,3/19/2025,,,,Intel::DOMAIN,
download904.mediafire.com,MegaUploadSites,0,3/19/2025,3/19/2025,,,,Intel::DOMAIN,
download905.mediafire.com,MegaUploadSites,0,3/19/2025,3/19/2025,,,,Intel::DOMAIN,
download908.mediafire.com,MegaUploadSites,0,3/19/2025,3/19/2025,,,,Intel::DOMAIN,
download909.mediafire.com,MegaUploadSites,0,3/19/2025,3/19/2025,,,,Intel::DOMAIN,
download911.mediafire.com,MegaUploadSites,0,3/19/2025,3/19/2025,,,,Intel::DOMAIN,
download912.mediafire.com,MegaUploadSites,0,3/19/2025,3/19/2025,,,,Intel::DOMAIN,
download914.mediafire.com,MegaUploadSites,0,3/19/2025,3/19/2025,,,,Intel::DOMAIN,
download915.mediafire.com,MegaUploadSites,0,3/19/2025,3/19/2025,,,,Intel::DOMAIN,
download916.mediafire.com,MegaUploadSites,0,3/19/2025,3/19/2025,,,,Intel::DOMAIN,
download917.mediafire.com,MegaUploadSites,0,3/19/2025,3/19/2025,,,,Intel::DOMAIN,
download918.mx0.mediafire.com,MegaUploadSites,0,3/19/2025,3/19/2025,,,,Intel::DOMAIN,
download919.mediafire.com,MegaUploadSites,0,3/19/2025,3/19/2025,,,,Intel::DOMAIN,
download929.mediafire.com,MegaUploadSites,0,3/19/2025,3/19/2025,,,,Intel::DOMAIN,
download930.mediafire.com,MegaUploadSites,0,3/19/2025,3/19/2025,,,,Intel::DOMAIN,
download931.mediafire.com,MegaUploadSites,0,3/19/2025,3/19/2025,,,,Intel::DOMAIN,
download932.mediafire.com,MegaUploadSites,0,3/19/2025,3/19/2025,,,,Intel::DOMAIN,
download933.mediafire.com,MegaUploadSites,0,3/19/2025,3/19/2025,,,,Intel::DOMAIN,
download933.mx0.mediafire.com,MegaUploadSites,0,3/19/2025,3/19/2025,,,,Intel::DOMAIN,
download934.mediafire.com,MegaUploadSites,0,3/19/2025,3/19/2025,,,,Intel::DOMAIN,
download935.mediafire.com,MegaUploadSites,0,3/19/2025,3/19/2025,,,,Intel::DOMAIN,
download936.mediafire.com,MegaUploadSites,0,3/19/2025,3/19/2025,,,,Intel::DOMAIN,
download937.bbs.mediafire.com,MegaUploadSites,0,3/19/2025,3/19/2025,,,,Intel::DOMAIN,
download937.mediafire.com,MegaUploadSites,0,3/19/2025,3/19/2025,,,,Intel::DOMAIN,
download938.mediafire.com,MegaUploadSites,0,3/19/2025,3/19/2025,,,,Intel::DOMAIN,
download939.mediafire.com,MegaUploadSites,0,3/19/2025,3/19/2025,,,,Intel::DOMAIN,
download940.api.mediafire.com,MegaUploadSites,0,3/19/2025,3/19/2025,,,,Intel::DOMAIN,
download940.mediafire.com,MegaUploadSites,0,3/19/2025,3/19/2025,,,,Intel::DOMAIN,
download941.mediafire.com,MegaUploadSites,0,3/19/2025,3/19/2025,,,,Intel::DOMAIN,
download942.mediafire.com,MegaUploadSites,0,3/19/2025,3/19/2025,,,,Intel::DOMAIN,
download943.mediafire.com,MegaUploadSites,0,3/19/2025,3/19/2025,,,,Intel::DOMAIN,
download944.mediafire.com,MegaUploadSites,0,3/19/2025,3/19/2025,,,,Intel::DOMAIN,
download945.mediafire.com,MegaUploadSites,0,3/19/2025,3/19/2025,,,,Intel::DOMAIN,
download946.mediafire.com,MegaUploadSites,0,3/19/2025,3/19/2025,,,,Intel::DOMAIN,
download947.mediafire.com,MegaUploadSites,0,3/19/2025,3/19/2025,,,,Intel::DOMAIN,
download948.api.mediafire.com,MegaUploadSites,0,3/19/2025,3/19/2025,,,,Intel::DOMAIN,
download948.mediafire.com,MegaUploadSites,0,3/19/2025,3/19/2025,,,,Intel::DOMAIN,
download949.mediafire.com,MegaUploadSites,0,3/19/2025,3/19/2025,,,,Intel::DOMAIN,
download950.mediafire.com,MegaUploadSites,0,3/19/2025,3/19/2025,,,,Intel::DOMAIN,
download951.mediafire.com,MegaUploadSites,0,3/19/2025,3/19/2025,,,,Intel::DOMAIN,
download952.mediafire.com,MegaUploadSites,0,3/19/2025,3/19/2025,,,,Intel::DOMAIN,
download952.mx0.mediafire.com,MegaUploadSites,0,3/19/2025,3/19/2025,,,,Intel::DOMAIN,
download953.mediafire.com,MegaUploadSites,0,3/19/2025,3/19/2025,,,,Intel::DOMAIN,
download954.mx7.mediafire.com,MegaUploadSites,0,3/19/2025,3/19/2025,,,,Intel::DOMAIN,
download956.mediafire.com,MegaUploadSites,0,3/19/2025,3/19/2025,,,,Intel::DOMAIN,
download957.mediafire.com,MegaUploadSites,0,3/19/2025,3/19/2025,,,,Intel::DOMAIN,
download959.mediafire.com,MegaUploadSites,0,3/19/2025,3/19/2025,,,,Intel::DOMAIN,
download96.mediafire.com,MegaUploadSites,0,3/19/2025,3/19/2025,,,,Intel::DOMAIN,
download960.bbs.mediafire.com,MegaUploadSites,0,3/19/2025,3/19/2025,,,,Intel::DOMAIN,
download960.mediafire.com,MegaUploadSites,0,3/19/2025,3/19/2025,,,,Intel::DOMAIN,
download962.mediafire.com,MegaUploadSites,0,3/19/2025,3/19/2025,,,,Intel::DOMAIN,
download964.mediafire.com,MegaUploadSites,0,3/19/2025,3/19/2025,,,,Intel::DOMAIN,
download965.ftp.mediafire.com,MegaUploadSites,0,3/19/2025,3/19/2025,,,,Intel::DOMAIN,
download965.mediafire.com,MegaUploadSites,0,3/19/2025,3/19/2025,,,,Intel::DOMAIN,
download967.mediafire.com,MegaUploadSites,0,3/19/2025,3/19/2025,,,,Intel::DOMAIN,
download968.mediafire.com,MegaUploadSites,0,3/19/2025,3/19/2025,,,,Intel::DOMAIN,
download969.mediafire.com,MegaUploadSites,0,3/19/2025,3/19/2025,,,,Intel::DOMAIN,
download970.bbs.mediafire.com,MegaUploadSites,0,3/19/2025,3/19/2025,,,,Intel::DOMAIN,
download970.mediafire.com,MegaUploadSites,0,3/19/2025,3/19/2025,,,,Intel::DOMAIN,
download971.mediafire.com,MegaUploadSites,0,3/19/2025,3/19/2025,,,,Intel::DOMAIN,
download972.mediafire.com,MegaUploadSites,0,3/19/2025,3/19/2025,,,,Intel::DOMAIN,
download973.mediafire.com,MegaUploadSites,0,3/19/2025,3/19/2025,,,,Intel::DOMAIN,
download974.mediafire.com,MegaUploadSites,0,3/19/2025,3/19/2025,,,,Intel::DOMAIN,
download975.mediafire.com,MegaUploadSites,0,3/19/2025,3/19/2025,,,,Intel::DOMAIN,
download978.mediafire.com,MegaUploadSites,0,3/19/2025,3/19/2025,,,,Intel::DOMAIN,
download979.mediafire.com,MegaUploadSites,0,3/19/2025,3/19/2025,,,,Intel::DOMAIN,
download98.mediafire.com,MegaUploadSites,0,3/19/2025,3/19/2025,,,,Intel::DOMAIN,
download980.mediafire.com,MegaUploadSites,0,3/19/2025,3/19/2025,,,,Intel::DOMAIN,
download981.mediafire.com,MegaUploadSites,0,3/19/2025,3/19/2025,,,,Intel::DOMAIN,
download9869.mediafire.com,MegaUploadSites,0,3/19/2025,3/19/2025,,,,Intel::DOMAIN,
download987.mediafire.com,MegaUploadSites,0,3/19/2025,3/19/2025,,,,Intel::DOMAIN,
download9886.mx1.mediafire.com,MegaUploadSites,0,3/19/2025,3/19/2025,,,,Intel::DOMAIN,
download989.mediafire.com,MegaUploadSites,0,3/19/2025,3/19/2025,,,,Intel::DOMAIN,
download990.mediafire.com,MegaUploadSites,0,3/19/2025,3/19/2025,,,,Intel::DOMAIN,
download992.mediafire.com,MegaUploadSites,0,3/19/2025,3/19/2025,,,,Intel::DOMAIN,
download992.mx1.mediafire.com,MegaUploadSites,0,3/19/2025,3/19/2025,,,,Intel::DOMAIN,
download994.mediafire.com,MegaUploadSites,0,3/19/2025,3/19/2025,,,,Intel::DOMAIN,
download997.mediafire.com,MegaUploadSites,0,3/19/2025,3/19/2025,,,,Intel::DOMAIN,
download998.mediafire.com,MegaUploadSites,0,3/19/2025,3/19/2025,,,,Intel::DOMAIN,
download999.mediafire.com,MegaUploadSites,0,3/19/2025,3/19/2025,,,,Intel::DOMAIN,
download9999.ftp.mediafire.com,MegaUploadSites,0,3/19/2025,3/19/2025,,,,Intel::DOMAIN,
downloadxxx.mediafire.com,MegaUploadSites,0,3/19/2025,3/19/2025,,,,Intel::DOMAIN,
dowww.mediafire.com,MegaUploadSites,0,3/19/2025,3/19/2025,,,,Intel::DOMAIN,
dowwww.mediafire.com,MegaUploadSites,0,3/19/2025,3/19/2025,,,,Intel::DOMAIN,
drakeh.y.f.r.mediafire.com,MegaUploadSites,0,3/19/2025,3/19/2025,,,,Intel::DOMAIN,
dre.mediafire.com,MegaUploadSites,0,3/19/2025,3/19/2025,,,,Intel::DOMAIN,
dse.mediafire.com,MegaUploadSites,0,3/19/2025,3/19/2025,,,,Intel::DOMAIN,
dt.mediafire.com,MegaUploadSites,0,3/19/2025,3/19/2025,,,,Intel::DOMAIN,
dtpdmzovkp1jlg10sfrqnfkq0b.mediafire.com,MegaUploadSites,0,3/19/2025,3/19/2025,,,,Intel::DOMAIN,
dubioza.mediafire.com,MegaUploadSites,0,3/19/2025,3/19/2025,,,,Intel::DOMAIN,
dut.mediafire.com,MegaUploadSites,0,3/19/2025,3/19/2025,,,,Intel::DOMAIN,
dv1.mediafire.com,MegaUploadSites,0,3/19/2025,3/19/2025,,,,Intel::DOMAIN,
dvrjliixj2uk2pltd2sg4bwpyc.mediafire.com,MegaUploadSites,0,3/19/2025,3/19/2025,,,,Intel::DOMAIN,
dw.mediafire.com,MegaUploadSites,0,3/19/2025,3/19/2025,,,,Intel::DOMAIN,
dwmybmxxoyyxrys2citiema5jh.mediafire.com,MegaUploadSites,0,3/19/2025,3/19/2025,,,,Intel::DOMAIN,
dwn.mediafire.com,MegaUploadSites,0,3/19/2025,3/19/2025,,,,Intel::DOMAIN,
dwonload1370.ftp.mediafire.com,MegaUploadSites,0,3/19/2025,3/19/2025,,,,Intel::DOMAIN,
dww.mediafire.com,MegaUploadSites,0,3/19/2025,3/19/2025,,,,Intel::DOMAIN,
dwww.mediafire.com,MegaUploadSites,0,3/19/2025,3/19/2025,,,,Intel::DOMAIN,
dxavq5jtgdjntrsi3xqukjslph.mediafire.com,MegaUploadSites,0,3/19/2025,3/19/2025,,,,Intel::DOMAIN,
dyn.mediafire.com,MegaUploadSites,0,3/19/2025,3/19/2025,,,,Intel::DOMAIN,
dyn.mx2.mediafire.com,MegaUploadSites,0,3/19/2025,3/19/2025,,,,Intel::DOMAIN,
e.mediafire.com,MegaUploadSites,0,3/19/2025,3/19/2025,,,,Intel::DOMAIN,
e.p.mediafire.com,MegaUploadSites,0,3/19/2025,3/19/2025,,,,Intel::DOMAIN,
e02.mediafire.com,MegaUploadSites,0,3/19/2025,3/19/2025,,,,Intel::DOMAIN,
e07.mediafire.com,MegaUploadSites,0,3/19/2025,3/19/2025,,,,Intel::DOMAIN,
e08.mediafire.com,MegaUploadSites,0,3/19/2025,3/19/2025,,,,Intel::DOMAIN,
e1.mediafire.com,MegaUploadSites,0,3/19/2025,3/19/2025,,,,Intel::DOMAIN,
e11.mediafire.com,MegaUploadSites,0,3/19/2025,3/19/2025,,,,Intel::DOMAIN,
e12.mediafire.com,MegaUploadSites,0,3/19/2025,3/19/2025,,,,Intel::DOMAIN,
e2.mediafire.com,MegaUploadSites,0,3/19/2025,3/19/2025,,,,Intel::DOMAIN,
e25.mediafire.com,MegaUploadSites,0,3/19/2025,3/19/2025,,,,Intel::DOMAIN,
e41.mediafire.com,MegaUploadSites,0,3/19/2025,3/19/2025,,,,Intel::DOMAIN,
e43.mediafire.com,MegaUploadSites,0,3/19/2025,3/19/2025,,,,Intel::DOMAIN,
e45.mediafire.com,MegaUploadSites,0,3/19/2025,3/19/2025,,,,Intel::DOMAIN,
e5.mediafire.com,MegaUploadSites,0,3/19/2025,3/19/2025,,,,Intel::DOMAIN,
e50.mediafire.com,MegaUploadSites,0,3/19/2025,3/19/2025,,,,Intel::DOMAIN,
e52.mediafire.com,MegaUploadSites,0,3/19/2025,3/19/2025,,,,Intel::DOMAIN,
e54.mediafire.com,MegaUploadSites,0,3/19/2025,3/19/2025,,,,Intel::DOMAIN,
e6.mediafire.com,MegaUploadSites,0,3/19/2025,3/19/2025,,,,Intel::DOMAIN,
e8.mediafire.com,MegaUploadSites,0,3/19/2025,3/19/2025,,,,Intel::DOMAIN,
e8b.mediafire.com,MegaUploadSites,0,3/19/2025,3/19/2025,,,,Intel::DOMAIN,
e9.mediafire.com,MegaUploadSites,0,3/19/2025,3/19/2025,,,,Intel::DOMAIN,
ebw.mediafire.com,MegaUploadSites,0,3/19/2025,3/19/2025,,,,Intel::DOMAIN,
ec2.mediafire.com,MegaUploadSites,0,3/19/2025,3/19/2025,,,,Intel::DOMAIN,
ed.mediafire.com,MegaUploadSites,0,3/19/2025,3/19/2025,,,,Intel::DOMAIN,
edu.mediafire.com,MegaUploadSites,0,3/19/2025,3/19/2025,,,,Intel::DOMAIN,
ee.mediafire.com,MegaUploadSites,0,3/19/2025,3/19/2025,,,,Intel::DOMAIN,
ees.mediafire.com,MegaUploadSites,0,3/19/2025,3/19/2025,,,,Intel::DOMAIN,
ejej.org.cn.mediafire.com,MegaUploadSites,0,3/19/2025,3/19/2025,,,,Intel::DOMAIN,
ek.mediafire.com,MegaUploadSites,0,3/19/2025,3/19/2025,,,,Intel::DOMAIN,
email-secure.mediafire.com,MegaUploadSites,0,3/19/2025,3/19/2025,,,,Intel::DOMAIN,
email.mediafire.com,MegaUploadSites,0,3/19/2025,3/19/2025,,,,Intel::DOMAIN,
emdkk2tu32lnbvbrfsrgkzharg.mediafire.com,MegaUploadSites,0,3/19/2025,3/19/2025,,,,Intel::DOMAIN,
emeac.api.mediafire.com,MegaUploadSites,0,3/19/2025,3/19/2025,,,,Intel::DOMAIN,
emeac.mediafire.com,MegaUploadSites,0,3/19/2025,3/19/2025,,,,Intel::DOMAIN,
en.mediafire.com,MegaUploadSites,0,3/19/2025,3/19/2025,,,,Intel::DOMAIN,
envtmoisr24dh3i4bgrqhzoeog.mediafire.com,MegaUploadSites,0,3/19/2025,3/19/2025,,,,Intel::DOMAIN,
ep.mediafire.com,MegaUploadSites,0,3/19/2025,3/19/2025,,,,Intel::DOMAIN,
es.mediafire.com,MegaUploadSites,0,3/19/2025,3/19/2025,,,,Intel::DOMAIN,
ess.api.mediafire.com,MegaUploadSites,0,3/19/2025,3/19/2025,,,,Intel::DOMAIN,
eu.mediafire.com,MegaUploadSites,0,3/19/2025,3/19/2025,,,,Intel::DOMAIN,
ev.mediafire.com,MegaUploadSites,0,3/19/2025,3/19/2025,,,,Intel::DOMAIN,
evp.mediafire.com,MegaUploadSites,0,3/19/2025,3/19/2025,,,,Intel::DOMAIN,
ew.mediafire.com,MegaUploadSites,0,3/19/2025,3/19/2025,,,,Intel::DOMAIN,
ew3pkvmwdxronmspgss2ayx2ob.mediafire.com,MegaUploadSites,0,3/19/2025,3/19/2025,,,,Intel::DOMAIN,
eww.mediafire.com,MegaUploadSites,0,3/19/2025,3/19/2025,,,,Intel::DOMAIN,
exezhanqun.com.mediafire.com,MegaUploadSites,0,3/19/2025,3/19/2025,,,,Intel::DOMAIN,
eyb5ifyxtoxs3qtdurtevaxx2f.mediafire.com,MegaUploadSites,0,3/19/2025,3/19/2025,,,,Intel::DOMAIN,
f.mediafire.com,MegaUploadSites,0,3/19/2025,3/19/2025,,,,Intel::DOMAIN,
f0.mediafire.com,MegaUploadSites,0,3/19/2025,3/19/2025,,,,Intel::DOMAIN,
f1.mediafire.com,MegaUploadSites,0,3/19/2025,3/19/2025,,,,Intel::DOMAIN,
f1zah4jtdqorb5ti3gtk2t2spg.mediafire.com,MegaUploadSites,0,3/19/2025,3/19/2025,,,,Intel::DOMAIN,
f2.mediafire.com,MegaUploadSites,0,3/19/2025,3/19/2025,,,,Intel::DOMAIN,
f2ear2butrblex52retuyadnbc.mediafire.com,MegaUploadSites,0,3/19/2025,3/19/2025,,,,Intel::DOMAIN,
f2ifai2rxdspghj4osscwsjpdd.mediafire.com,MegaUploadSites,0,3/19/2025,3/19/2025,,,,Intel::DOMAIN,
f3.mediafire.com,MegaUploadSites,0,3/19/2025,3/19/2025,,,,Intel::DOMAIN,
f5eeoftusaaex324aqsifmpadf.mediafire.com,MegaUploadSites,0,3/19/2025,3/19/2025,,,,Intel::DOMAIN,
f5okuxusbnkr33r31csmsyicbg.mediafire.com,MegaUploadSites,0,3/19/2025,3/19/2025,,,,Intel::DOMAIN,
f8.mediafire.com,MegaUploadSites,0,3/19/2025,3/19/2025,,,,Intel::DOMAIN,
fa.mediafire.com,MegaUploadSites,0,3/19/2025,3/19/2025,,,,Intel::DOMAIN,
fa40he0rdiovqon0jxqchxhulf.mediafire.com,MegaUploadSites,0,3/19/2025,3/19/2025,,,,Intel::DOMAIN,
facebook.com.mediafire.com,MegaUploadSites,0,3/19/2025,3/19/2025,,,,Intel::DOMAIN,
facwww.mediafire.com,MegaUploadSites,0,3/19/2025,3/19/2025,,,,Intel::DOMAIN,
fawww.mediafire.com,MegaUploadSites,0,3/19/2025,3/19/2025,,,,Intel::DOMAIN,
fc.mediafire.com,MegaUploadSites,0,3/19/2025,3/19/2025,,,,Intel::DOMAIN,
fd.mediafire.com,MegaUploadSites,0,3/19/2025,3/19/2025,,,,Intel::DOMAIN,
feeds.my.mediafire.com,MegaUploadSites,0,3/19/2025,3/19/2025,,,,Intel::DOMAIN,
femeo0lvq51wt4dnamskna4zif.mediafire.com,MegaUploadSites,0,3/19/2025,3/19/2025,,,,Intel::DOMAIN,
fffwww.mediafire.com,MegaUploadSites,0,3/19/2025,3/19/2025,,,,Intel::DOMAIN,
ffwww.mediafire.com,MegaUploadSites,0,3/19/2025,3/19/2025,,,,Intel::DOMAIN,
fg.mediafire.com,MegaUploadSites,0,3/19/2025,3/19/2025,,,,Intel::DOMAIN,
fgwww.mediafire.com,MegaUploadSites,0,3/19/2025,3/19/2025,,,,Intel::DOMAIN,
fi.mediafire.com,MegaUploadSites,0,3/19/2025,3/19/2025,,,,Intel::DOMAIN,
file.mediafire.com,MegaUploadSites,0,3/19/2025,3/19/2025,,,,Intel::DOMAIN,
fkbfibivngjkjfdlgzqsf2rjsf.mediafire.com,MegaUploadSites,0,3/19/2025,3/19/2025,,,,Intel::DOMAIN,
fn.mediafire.com,MegaUploadSites,0,3/19/2025,3/19/2025,,,,Intel::DOMAIN,
fo.mediafire.com,MegaUploadSites,0,3/19/2025,3/19/2025,,,,Intel::DOMAIN,
fo0li2jwsoowf2o2zwqscj1kzf.mediafire.com,MegaUploadSites,0,3/19/2025,3/19/2025,,,,Intel::DOMAIN,
forum.img.mediafire.com,MegaUploadSites,0,3/19/2025,3/19/2025,,,,Intel::DOMAIN,
forum.mediafire.com,MegaUploadSites,0,3/19/2025,3/19/2025,,,,Intel::DOMAIN,
forum.n.mediafire.com,MegaUploadSites,0,3/19/2025,3/19/2025,,,,Intel::DOMAIN,
forum.ng.mediafire.com,MegaUploadSites,0,3/19/2025,3/19/2025,,,,Intel::DOMAIN,
forum.ngaous.n.mediafire.com,MegaUploadSites,0,3/19/2025,3/19/2025,,,,Intel::DOMAIN,
forum.ngaous.ne.mediafire.com,MegaUploadSites,0,3/19/2025,3/19/2025,,,,Intel::DOMAIN,
fr.mediafire.com,MegaUploadSites,0,3/19/2025,3/19/2025,,,,Intel::DOMAIN,
frankieboyle.mediafire.com,MegaUploadSites,0,3/19/2025,3/19/2025,,,,Intel::DOMAIN,
free.mediafire.com,MegaUploadSites,0,3/19/2025,3/19/2025,,,,Intel::DOMAIN,
fsm.mediafire.com,MegaUploadSites,0,3/19/2025,3/19/2025,,,,Intel::DOMAIN,
ft.mediafire.com,MegaUploadSites,0,3/19/2025,3/19/2025,,,,Intel::DOMAIN,
ftp.k8s.mediafire.com,MegaUploadSites,0,3/19/2025,3/19/2025,,,,Intel::DOMAIN,
ftp.mediafire.com,MegaUploadSites,0,3/19/2025,3/19/2025,,,,Intel::DOMAIN,
fw.mediafire.com,MegaUploadSites,0,3/19/2025,3/19/2025,,,,Intel::DOMAIN,
fwi.mediafire.com,MegaUploadSites,0,3/19/2025,3/19/2025,,,,Intel::DOMAIN,
fwww.bbs.mediafire.com,MegaUploadSites,0,3/19/2025,3/19/2025,,,,Intel::DOMAIN,
fwww.mediafire.com,MegaUploadSites,0,3/19/2025,3/19/2025,,,,Intel::DOMAIN,
fyvfh1gtjjfdndpf5lqkfr5wlb.mediafire.com,MegaUploadSites,0,3/19/2025,3/19/2025,,,,Intel::DOMAIN,
g.mediafire.com,MegaUploadSites,0,3/19/2025,3/19/2025,,,,Intel::DOMAIN,
g0tpsfxqhvey4ccoszscjybdqb.mediafire.com,MegaUploadSites,0,3/19/2025,3/19/2025,,,,Intel::DOMAIN,
g2.mediafire.com,MegaUploadSites,0,3/19/2025,3/19/2025,,,,Intel::DOMAIN,
g2tyyleubzrkflvxyeq2qbvtde.mediafire.com,MegaUploadSites,0,3/19/2025,3/19/2025,,,,Intel::DOMAIN,
g5.mediafire.com,MegaUploadSites,0,3/19/2025,3/19/2025,,,,Intel::DOMAIN,
g6.mediafire.com,MegaUploadSites,0,3/19/2025,3/19/2025,,,,Intel::DOMAIN,
gamedownload.com.mediafire.com,MegaUploadSites,0,3/19/2025,3/19/2025,,,,Intel::DOMAIN,
gb.mediafire.com,MegaUploadSites,0,3/19/2025,3/19/2025,,,,Intel::DOMAIN,
gbs.mediafire.com,MegaUploadSites,0,3/19/2025,3/19/2025,,,,Intel::DOMAIN,
gc.mediafire.com,MegaUploadSites,0,3/19/2025,3/19/2025,,,,Intel::DOMAIN,
gd.mediafire.com,MegaUploadSites,0,3/19/2025,3/19/2025,,,,Intel::DOMAIN,
gdl.mediafire.com,MegaUploadSites,0,3/19/2025,3/19/2025,,,,Intel::DOMAIN,
ge.mediafire.com,MegaUploadSites,0,3/19/2025,3/19/2025,,,,Intel::DOMAIN,
getlink.s2u.vnwww.mediafire.com,MegaUploadSites,0,3/19/2025,3/19/2025,,,,Intel::DOMAIN,
gf.mediafire.com,MegaUploadSites,0,3/19/2025,3/19/2025,,,,Intel::DOMAIN,
gg4bv5eq4ropulswakto2pjeih.mediafire.com,MegaUploadSites,0,3/19/2025,3/19/2025,,,,Intel::DOMAIN,
ghb0hezvwzaoxexf5lscjpjg3e.mediafire.com,MegaUploadSites,0,3/19/2025,3/19/2025,,,,Intel::DOMAIN,
gi.mediafire.com,MegaUploadSites,0,3/19/2025,3/19/2025,,,,Intel::DOMAIN,
git.mediafire.com,MegaUploadSites,0,3/19/2025,3/19/2025,,,,Intel::DOMAIN,
gitlab.mx0.mediafire.com,MegaUploadSites,0,3/19/2025,3/19/2025,,,,Intel::DOMAIN,
gitlab.mx7.mediafire.com,MegaUploadSites,0,3/19/2025,3/19/2025,,,,Intel::DOMAIN,
gk.mediafire.com,MegaUploadSites,0,3/19/2025,3/19/2025,,,,Intel::DOMAIN,
gle.com.goo.ww.mediafire.com,MegaUploadSites,0,3/19/2025,3/19/2025,,,,Intel::DOMAIN,
gmod.mediafire.com,MegaUploadSites,0,3/19/2025,3/19/2025,,,,Intel::DOMAIN,
go.mediafire.com,MegaUploadSites,0,3/19/2025,3/19/2025,,,,Intel::DOMAIN,
go.mx0.mediafire.com,MegaUploadSites,0,3/19/2025,3/19/2025,,,,Intel::DOMAIN,
goaufeauh3l0ihvrfhsoncrked.mediafire.com,MegaUploadSites,0,3/19/2025,3/19/2025,,,,Intel::DOMAIN,
google.c.mediafire.com,MegaUploadSites,0,3/19/2025,3/19/2025,,,,Intel::DOMAIN,
google.co.mediafire.com,MegaUploadSites,0,3/19/2025,3/19/2025,,,,Intel::DOMAIN,
google.com.mediafire.com,MegaUploadSites,0,3/19/2025,3/19/2025,,,,Intel::DOMAIN,
gowww.mediafire.com,MegaUploadSites,0,3/19/2025,3/19/2025,,,,Intel::DOMAIN,
group.mediafire.com,MegaUploadSites,0,3/19/2025,3/19/2025,,,,Intel::DOMAIN,
gs.mediafire.com,MegaUploadSites,0,3/19/2025,3/19/2025,,,,Intel::DOMAIN,
gt.mediafire.com,MegaUploadSites,0,3/19/2025,3/19/2025,,,,Intel::DOMAIN,
gta5android.mediafire.com,MegaUploadSites,0,3/19/2025,3/19/2025,,,,Intel::DOMAIN,
gw.mediafire.com,MegaUploadSites,0,3/19/2025,3/19/2025,,,,Intel::DOMAIN,
gwww.mediafire.com,MegaUploadSites,0,3/19/2025,3/19/2025,,,,Intel::DOMAIN,
h.mediafire.com,MegaUploadSites,0,3/19/2025,3/19/2025,,,,Intel::DOMAIN,
h0.mediafire.com,MegaUploadSites,0,3/19/2025,3/19/2025,,,,Intel::DOMAIN,
h1.mediafire.com,MegaUploadSites,0,3/19/2025,3/19/2025,,,,Intel::DOMAIN,
h2.mediafire.com,MegaUploadSites,0,3/19/2025,3/19/2025,,,,Intel::DOMAIN,
h3.mediafire.com,MegaUploadSites,0,3/19/2025,3/19/2025,,,,Intel::DOMAIN,
h5.mediafire.com,MegaUploadSites,0,3/19/2025,3/19/2025,,,,Intel::DOMAIN,
h6.mediafire.com,MegaUploadSites,0,3/19/2025,3/19/2025,,,,Intel::DOMAIN,
h9.mediafire.com,MegaUploadSites,0,3/19/2025,3/19/2025,,,,Intel::DOMAIN,
halosouzadownloads.mx2.mediafire.com,MegaUploadSites,0,3/19/2025,3/19/2025,,,,Intel::DOMAIN,
he.mediafire.com,MegaUploadSites,0,3/19/2025,3/19/2025,,,,Intel::DOMAIN,
heartlikealion-rebelution.mp3.mediafire.com,MegaUploadSites,0,3/19/2025,3/19/2025,,,,Intel::DOMAIN,
help.mediafire.com,MegaUploadSites,0,3/19/2025,3/19/2025,,,,Intel::DOMAIN,
hg.mediafire.com,MegaUploadSites,0,3/19/2025,3/19/2025,,,,Intel::DOMAIN,
hh.mediafire.com,MegaUploadSites,0,3/19/2025,3/19/2025,,,,Intel::DOMAIN,
hhwww.mediafire.com,MegaUploadSites,0,3/19/2025,3/19/2025,,,,Intel::DOMAIN,
hi.mediafire.com,MegaUploadSites,0,3/19/2025,3/19/2025,,,,Intel::DOMAIN,
hifisimtech.mediafire.com,MegaUploadSites,0,3/19/2025,3/19/2025,,,,Intel::DOMAIN,
hifisimtech.mx1.mediafire.com,MegaUploadSites,0,3/19/2025,3/19/2025,,,,Intel::DOMAIN,
hiyousu.com.mediafire.com,MegaUploadSites,0,3/19/2025,3/19/2025,,,,Intel::DOMAIN,
hk.mediafire.com,MegaUploadSites,0,3/19/2025,3/19/2025,,,,Intel::DOMAIN,
hk4au35xs4fvje0pp2qar5w2vc.mx1.mediafire.com,MegaUploadSites,0,3/19/2025,3/19/2025,,,,Intel::DOMAIN,
hm.mediafire.com,MegaUploadSites,0,3/19/2025,3/19/2025,,,,Intel::DOMAIN,
ho.mediafire.com,MegaUploadSites,0,3/19/2025,3/19/2025,,,,Intel::DOMAIN,
home.mediafire.com,MegaUploadSites,0,3/19/2025,3/19/2025,,,,Intel::DOMAIN,
home.mx7.mediafire.com,MegaUploadSites,0,3/19/2025,3/19/2025,,,,Intel::DOMAIN,
hoo.c.mediafire.com,MegaUploadSites,0,3/19/2025,3/19/2025,,,,Intel::DOMAIN,
hoo.co.mediafire.com,MegaUploadSites,0,3/19/2025,3/19/2025,,,,Intel::DOMAIN,
hoo.com.mediafire.com,MegaUploadSites,0,3/19/2025,3/19/2025,,,,Intel::DOMAIN,
hoo.mediafire.com,MegaUploadSites,0,3/19/2025,3/19/2025,,,,Intel::DOMAIN,
hpitxx3tvd1fcwolamsqmddutc.mediafire.com,MegaUploadSites,0,3/19/2025,3/19/2025,,,,Intel::DOMAIN,
hpqvcj1qbtpkdsmff5smkwkpvh.mediafire.com,MegaUploadSites,0,3/19/2025,3/19/2025,,,,Intel::DOMAIN,
hr.mediafire.com,MegaUploadSites,0,3/19/2025,3/19/2025,,,,Intel::DOMAIN,
ht.mediafire.com,MegaUploadSites,0,3/19/2025,3/19/2025,,,,Intel::DOMAIN,
htt.mediafire.com,MegaUploadSites,0,3/19/2025,3/19/2025,,,,Intel::DOMAIN,
http.mediafire.com,MegaUploadSites,0,3/19/2025,3/19/2025,,,,Intel::DOMAIN,
http.site.mediafire.com,MegaUploadSites,0,3/19/2025,3/19/2025,,,,Intel::DOMAIN,
http.www.mediafire.com,MegaUploadSites,0,3/19/2025,3/19/2025,,,,Intel::DOMAIN,
httpwww.mediafire.com,MegaUploadSites,0,3/19/2025,3/19/2025,,,,Intel::DOMAIN,
htwww.mediafire.com,MegaUploadSites,0,3/19/2025,3/19/2025,,,,Intel::DOMAIN,
hu5w0ugubqvcodnc0jr4n3u03g.mediafire.com,MegaUploadSites,0,3/19/2025,3/19/2025,,,,Intel::DOMAIN,
hw.mediafire.com,MegaUploadSites,0,3/19/2025,3/19/2025,,,,Intel::DOMAIN,
hwww.mediafire.com,MegaUploadSites,0,3/19/2025,3/19/2025,,,,Intel::DOMAIN,
hx.mediafire.com,MegaUploadSites,0,3/19/2025,3/19/2025,,,,Intel::DOMAIN,
hywww.mediafire.com,MegaUploadSites,0,3/19/2025,3/19/2025,,,,Intel::DOMAIN,
i.mediafire.com,MegaUploadSites,0,3/19/2025,3/19/2025,,,,Intel::DOMAIN,
i0.mediafire.com,MegaUploadSites,0,3/19/2025,3/19/2025,,,,Intel::DOMAIN,
i2.mediafire.com,MegaUploadSites,0,3/19/2025,3/19/2025,,,,Intel::DOMAIN,
i3.mediafire.com,MegaUploadSites,0,3/19/2025,3/19/2025,,,,Intel::DOMAIN,
i4.mediafire.com,MegaUploadSites,0,3/19/2025,3/19/2025,,,,Intel::DOMAIN,
i7.mediafire.com,MegaUploadSites,0,3/19/2025,3/19/2025,,,,Intel::DOMAIN,
iap.mediafire.com,MegaUploadSites,0,3/19/2025,3/19/2025,,,,Intel::DOMAIN,
iap.mx7.mediafire.com,MegaUploadSites,0,3/19/2025,3/19/2025,,,,Intel::DOMAIN,
id4.mediafire.com,MegaUploadSites,0,3/19/2025,3/19/2025,,,,Intel::DOMAIN,
idmedia.bbs.mediafire.com,MegaUploadSites,0,3/19/2025,3/19/2025,,,,Intel::DOMAIN,
ie.mediafire.com,MegaUploadSites,0,3/19/2025,3/19/2025,,,,Intel::DOMAIN,
igqp2n4xxir2vj11pltk2nbcpb.mediafire.com,MegaUploadSites,0,3/19/2025,3/19/2025,,,,Intel::DOMAIN,
iko1p5wsbwi5bd20fwscjrpqrh.mediafire.com,MegaUploadSites,0,3/19/2025,3/19/2025,,,,Intel::DOMAIN,
ill.mediafire.com,MegaUploadSites,0,3/19/2025,3/19/2025,,,,Intel::DOMAIN,
im.mediafire.com,MegaUploadSites,0,3/19/2025,3/19/2025,,,,Intel::DOMAIN,
imap.mediafire.com,MegaUploadSites,0,3/19/2025,3/19/2025,,,,Intel::DOMAIN,
img.mediafire.com,MegaUploadSites,0,3/19/2025,3/19/2025,,,,Intel::DOMAIN,
img.mx2.mediafire.com,MegaUploadSites,0,3/19/2025,3/19/2025,,,,Intel::DOMAIN,
img1.mediafire.com,MegaUploadSites,0,3/19/2025,3/19/2025,,,,Intel::DOMAIN,
img10.mediafire.com,MegaUploadSites,0,3/19/2025,3/19/2025,,,,Intel::DOMAIN,
img10.mx0.mediafire.com,MegaUploadSites,0,3/19/2025,3/19/2025,,,,Intel::DOMAIN,
img11.mediafire.com,MegaUploadSites,0,3/19/2025,3/19/2025,,,,Intel::DOMAIN,
img12.mediafire.com,MegaUploadSites,0,3/19/2025,3/19/2025,,,,Intel::DOMAIN,
img13.mediafire.com,MegaUploadSites,0,3/19/2025,3/19/2025,,,,Intel::DOMAIN,
img13.mx2.mediafire.com,MegaUploadSites,0,3/19/2025,3/19/2025,,,,Intel::DOMAIN,
img14.mediafire.com,MegaUploadSites,0,3/19/2025,3/19/2025,,,,Intel::DOMAIN,
img15.mediafire.com,MegaUploadSites,0,3/19/2025,3/19/2025,,,,Intel::DOMAIN,
img16.mediafire.com,MegaUploadSites,0,3/19/2025,3/19/2025,,,,Intel::DOMAIN,
img17.mediafire.com,MegaUploadSites,0,3/19/2025,3/19/2025,,,,Intel::DOMAIN,
img18.mediafire.com,MegaUploadSites,0,3/19/2025,3/19/2025,,,,Intel::DOMAIN,
img19.mediafire.com,MegaUploadSites,0,3/19/2025,3/19/2025,,,,Intel::DOMAIN,
img2.mediafire.com,MegaUploadSites,0,3/19/2025,3/19/2025,,,,Intel::DOMAIN,
img20.mediafire.com,MegaUploadSites,0,3/19/2025,3/19/2025,,,,Intel::DOMAIN,
img21.mediafire.com,MegaUploadSites,0,3/19/2025,3/19/2025,,,,Intel::DOMAIN,
img21.mx0.mediafire.com,MegaUploadSites,0,3/19/2025,3/19/2025,,,,Intel::DOMAIN,
img22.mediafire.com,MegaUploadSites,0,3/19/2025,3/19/2025,,,,Intel::DOMAIN,
img23.mediafire.com,MegaUploadSites,0,3/19/2025,3/19/2025,,,,Intel::DOMAIN,
img24.mediafire.com,MegaUploadSites,0,3/19/2025,3/19/2025,,,,Intel::DOMAIN,
img25.mediafire.com,MegaUploadSites,0,3/19/2025,3/19/2025,,,,Intel::DOMAIN,
img26.mediafire.com,MegaUploadSites,0,3/19/2025,3/19/2025,,,,Intel::DOMAIN,
img27.mediafire.com,MegaUploadSites,0,3/19/2025,3/19/2025,,,,Intel::DOMAIN,
img28.mediafire.com,MegaUploadSites,0,3/19/2025,3/19/2025,,,,Intel::DOMAIN,
img29.mediafire.com,MegaUploadSites,0,3/19/2025,3/19/2025,,,,Intel::DOMAIN,
img3.mediafire.com,MegaUploadSites,0,3/19/2025,3/19/2025,,,,Intel::DOMAIN,
img30.mediafire.com,MegaUploadSites,0,3/19/2025,3/19/2025,,,,Intel::DOMAIN,
img31.mediafire.com,MegaUploadSites,0,3/19/2025,3/19/2025,,,,Intel::DOMAIN,
img32.mediafire.com,MegaUploadSites,0,3/19/2025,3/19/2025,,,,Intel::DOMAIN,
img33.mediafire.com,MegaUploadSites,0,3/19/2025,3/19/2025,,,,Intel::DOMAIN,
img4.mediafire.com,MegaUploadSites,0,3/19/2025,3/19/2025,,,,Intel::DOMAIN,
img4.mx2.mediafire.com,MegaUploadSites,0,3/19/2025,3/19/2025,,,,Intel::DOMAIN,
img5.mediafire.com,MegaUploadSites,0,3/19/2025,3/19/2025,,,,Intel::DOMAIN,
img6.mediafire.com,MegaUploadSites,0,3/19/2025,3/19/2025,,,,Intel::DOMAIN,
img7.mediafire.com,MegaUploadSites,0,3/19/2025,3/19/2025,,,,Intel::DOMAIN,
img7.mx7.mediafire.com,MegaUploadSites,0,3/19/2025,3/19/2025,,,,Intel::DOMAIN,
img8.mediafire.com,MegaUploadSites,0,3/19/2025,3/19/2025,,,,Intel::DOMAIN,
img9.mediafire.com,MegaUploadSites,0,3/19/2025,3/19/2025,,,,Intel::DOMAIN,
in.mediafire.com,MegaUploadSites,0,3/19/2025,3/19/2025,,,,Intel::DOMAIN,
ioerror.mediafire.com,MegaUploadSites,0,3/19/2025,3/19/2025,,,,Intel::DOMAIN,
iopoalbr2fty2dlxb3scjy3lyf.mediafire.com,MegaUploadSites,0,3/19/2025,3/19/2025,,,,Intel::DOMAIN,
ip.mediafire.com,MegaUploadSites,0,3/19/2025,3/19/2025,,,,Intel::DOMAIN,
ipi.mediafire.com,MegaUploadSites,0,3/19/2025,3/19/2025,,,,Intel::DOMAIN,
ir.mediafire.com,MegaUploadSites,0,3/19/2025,3/19/2025,,,,Intel::DOMAIN,
iris.mediafire.com,MegaUploadSites,0,3/19/2025,3/19/2025,,,,Intel::DOMAIN,
it.mediafire.com,MegaUploadSites,0,3/19/2025,3/19/2025,,,,Intel::DOMAIN,
it0fjoxudaidycbre4swtkddka.mediafire.com,MegaUploadSites,0,3/19/2025,3/19/2025,,,,Intel::DOMAIN,
itools.com.mediafire.com,MegaUploadSites,0,3/19/2025,3/19/2025,,,,Intel::DOMAIN,
iuhohcatywuptkmbcnscj0llja.mediafire.com,MegaUploadSites,0,3/19/2025,3/19/2025,,,,Intel::DOMAIN,
iv.mediafire.com,MegaUploadSites,0,3/19/2025,3/19/2025,,,,Intel::DOMAIN,
iwww.mediafire.com,MegaUploadSites,0,3/19/2025,3/19/2025,,,,Intel::DOMAIN,
iy5cpsqtd3zscpgqzmtw5jyjcb.mediafire.com,MegaUploadSites,0,3/19/2025,3/19/2025,,,,Intel::DOMAIN,
j.mediafire.com,MegaUploadSites,0,3/19/2025,3/19/2025,,,,Intel::DOMAIN,
j1.mediafire.com,MegaUploadSites,0,3/19/2025,3/19/2025,,,,Intel::DOMAIN,
j2.mediafire.com,MegaUploadSites,0,3/19/2025,3/19/2025,,,,Intel::DOMAIN,
j3jicjfvzspgynglyjsci1sibg.mediafire.com,MegaUploadSites,0,3/19/2025,3/19/2025,,,,Intel::DOMAIN,
j4.mediafire.com,MegaUploadSites,0,3/19/2025,3/19/2025,,,,Intel::DOMAIN,
j7.mediafire.com,MegaUploadSites,0,3/19/2025,3/19/2025,,,,Intel::DOMAIN,
j9.mediafire.com,MegaUploadSites,0,3/19/2025,3/19/2025,,,,Intel::DOMAIN,
ja.mediafire.com,MegaUploadSites,0,3/19/2025,3/19/2025,,,,Intel::DOMAIN,
jalyn.mediafire.com,MegaUploadSites,0,3/19/2025,3/19/2025,,,,Intel::DOMAIN,
jav.mediafire.com,MegaUploadSites,0,3/19/2025,3/19/2025,,,,Intel::DOMAIN,
jc.mediafire.com,MegaUploadSites,0,3/19/2025,3/19/2025,,,,Intel::DOMAIN,
jewww.mediafire.com,MegaUploadSites,0,3/19/2025,3/19/2025,,,,Intel::DOMAIN,
jipch5hx2l3hedjrsus0mkjjgf.mediafire.com,MegaUploadSites,0,3/19/2025,3/19/2025,,,,Intel::DOMAIN,
jj2oyngv3edfrnlojfsmxefkoh.mediafire.com,MegaUploadSites,0,3/19/2025,3/19/2025,,,,Intel::DOMAIN,
jjwww.mediafire.com,MegaUploadSites,0,3/19/2025,3/19/2025,,,,Intel::DOMAIN,
jk.mediafire.com,MegaUploadSites,0,3/19/2025,3/19/2025,,,,Intel::DOMAIN,
jkswyhhqchxwj3afyusaan4xdc.mediafire.com,MegaUploadSites,0,3/19/2025,3/19/2025,,,,Intel::DOMAIN,
jm2ofurupchiu1ai3ps0bztqwb.mediafire.com,MegaUploadSites,0,3/19/2025,3/19/2025,,,,Intel::DOMAIN,
jp.mediafire.com,MegaUploadSites,0,3/19/2025,3/19/2025,,,,Intel::DOMAIN,
jra4b3mufgehhffijwqmdantkh.mediafire.com,MegaUploadSites,0,3/19/2025,3/19/2025,,,,Intel::DOMAIN,
js.mediafire.com,MegaUploadSites,0,3/19/2025,3/19/2025,,,,Intel::DOMAIN,
js362.cn.mediafire.com,MegaUploadSites,0,3/19/2025,3/19/2025,,,,Intel::DOMAIN,
js4iybrtgpvvvfomvsq0e4aiig.ns.mediafire.com,MegaUploadSites,0,3/19/2025,3/19/2025,,,,Intel::DOMAIN,
jt.mediafire.com,MegaUploadSites,0,3/19/2025,3/19/2025,,,,Intel::DOMAIN,
jumoa2wqfhzcxxxrs3rspgf2th.mediafire.com,MegaUploadSites,0,3/19/2025,3/19/2025,,,,Intel::DOMAIN,
justdoom72.ganool.com.mediafire.com,MegaUploadSites,0,3/19/2025,3/19/2025,,,,Intel::DOMAIN,
jwww.mediafire.com,MegaUploadSites,0,3/19/2025,3/19/2025,,,,Intel::DOMAIN,
k.mediafire.com,MegaUploadSites,0,3/19/2025,3/19/2025,,,,Intel::DOMAIN,
k0.mediafire.com,MegaUploadSites,0,3/19/2025,3/19/2025,,,,Intel::DOMAIN,
k1v2x5eqgh20gqg5pfsscxsdfe.mediafire.com,MegaUploadSites,0,3/19/2025,3/19/2025,,,,Intel::DOMAIN,
k3.mediafire.com,MegaUploadSites,0,3/19/2025,3/19/2025,,,,Intel::DOMAIN,
k4vynrivg40nnbcrr3sikoqghb.mediafire.com,MegaUploadSites,0,3/19/2025,3/19/2025,,,,Intel::DOMAIN,
k5.mediafire.com,MegaUploadSites,0,3/19/2025,3/19/2025,,,,Intel::DOMAIN,
k6.mediafire.com,MegaUploadSites,0,3/19/2025,3/19/2025,,,,Intel::DOMAIN,
k8s.mediafire.com,MegaUploadSites,0,3/19/2025,3/19/2025,,,,Intel::DOMAIN,
k9.mediafire.com,MegaUploadSites,0,3/19/2025,3/19/2025,,,,Intel::DOMAIN,
kage-team.mx1.mediafire.com,MegaUploadSites,0,3/19/2025,3/19/2025,,,,Intel::DOMAIN,
kaneh.mediafire.com,MegaUploadSites,0,3/19/2025,3/19/2025,,,,Intel::DOMAIN,
kaneh.mx0.mediafire.com,MegaUploadSites,0,3/19/2025,3/19/2025,,,,Intel::DOMAIN,
kaomo5hw0v1iyftrwvschwabaa.mediafire.com,MegaUploadSites,0,3/19/2025,3/19/2025,,,,Intel::DOMAIN,
kb.mediafire.com,MegaUploadSites,0,3/19/2025,3/19/2025,,,,Intel::DOMAIN,
kbwww.mediafire.com,MegaUploadSites,0,3/19/2025,3/19/2025,,,,Intel::DOMAIN,
kc.mediafire.com,MegaUploadSites,0,3/19/2025,3/19/2025,,,,Intel::DOMAIN,
kdwlrkhttzxxwv1hmnruruyqpd.mediafire.com,MegaUploadSites,0,3/19/2025,3/19/2025,,,,Intel::DOMAIN,
ke3neabt3ks3o0sudbt4ulsryf.mediafire.com,MegaUploadSites,0,3/19/2025,3/19/2025,,,,Intel::DOMAIN,
ki.mediafire.com,MegaUploadSites,0,3/19/2025,3/19/2025,,,,Intel::DOMAIN,
kidcudi.site.mediafire.com,MegaUploadSites,0,3/19/2025,3/19/2025,,,,Intel::DOMAIN,
klaypex.ns.mediafire.com,MegaUploadSites,0,3/19/2025,3/19/2025,,,,Intel::DOMAIN,
kn.mediafire.com,MegaUploadSites,0,3/19/2025,3/19/2025,,,,Intel::DOMAIN,
knowledgebase.mediafire.com,MegaUploadSites,0,3/19/2025,3/19/2025,,,,Intel::DOMAIN,
komgobesiy2qv2amchqqqa1uzh.mediafire.com,MegaUploadSites,0,3/19/2025,3/19/2025,,,,Intel::DOMAIN,
kpop7.cowww.mediafire.com,MegaUploadSites,0,3/19/2025,3/19/2025,,,,Intel::DOMAIN,
kpop7.cwww.mediafire.com,MegaUploadSites,0,3/19/2025,3/19/2025,,,,Intel::DOMAIN,
kpop7.www.mediafire.com,MegaUploadSites,0,3/19/2025,3/19/2025,,,,Intel::DOMAIN,
kt.mediafire.com,MegaUploadSites,0,3/19/2025,3/19/2025,,,,Intel::DOMAIN,
kuqsxyerl24lwhgzovsinqjble.ns.mediafire.com,MegaUploadSites,0,3/19/2025,3/19/2025,,,,Intel::DOMAIN,
kvzxrp2tjfcoxsb1udrqqcc31a.mediafire.com,MegaUploadSites,0,3/19/2025,3/19/2025,,,,Intel::DOMAIN,
kw.mediafire.com,MegaUploadSites,0,3/19/2025,3/19/2025,,,,Intel::DOMAIN,
kwww.mediafire.com,MegaUploadSites,0,3/19/2025,3/19/2025,,,,Intel::DOMAIN,
kyqt.co.mediafire.com,MegaUploadSites,0,3/19/2025,3/19/2025,,,,Intel::DOMAIN,
kyrh.co.mediafire.com,MegaUploadSites,0,3/19/2025,3/19/2025,,,,Intel::DOMAIN,
l.mediafire.com,MegaUploadSites,0,3/19/2025,3/19/2025,,,,Intel::DOMAIN,
l0.mediafire.com,MegaUploadSites,0,3/19/2025,3/19/2025,,,,Intel::DOMAIN,
l1.mediafire.com,MegaUploadSites,0,3/19/2025,3/19/2025,,,,Intel::DOMAIN,
l2.mediafire.com,MegaUploadSites,0,3/19/2025,3/19/2025,,,,Intel::DOMAIN,
l3.mediafire.com,MegaUploadSites,0,3/19/2025,3/19/2025,,,,Intel::DOMAIN,
l4cybgav0mf5dqgrabq025ojce.mediafire.com,MegaUploadSites,0,3/19/2025,3/19/2025,,,,Intel::DOMAIN,
l8.mediafire.com,MegaUploadSites,0,3/19/2025,3/19/2025,,,,Intel::DOMAIN,
la.mediafire.com,MegaUploadSites,0,3/19/2025,3/19/2025,,,,Intel::DOMAIN,
ld.mediafire.com,MegaUploadSites,0,3/19/2025,3/19/2025,,,,Intel::DOMAIN,
ld500cntwvlui013hqtwnaiboh.mediafire.com,MegaUploadSites,0,3/19/2025,3/19/2025,,,,Intel::DOMAIN,
le.mediafire.com,MegaUploadSites,0,3/19/2025,3/19/2025,,,,Intel::DOMAIN,
lewisinstitute.mediafire.com,MegaUploadSites,0,3/19/2025,3/19/2025,,,,Intel::DOMAIN,
lfl.mediafire.com,MegaUploadSites,0,3/19/2025,3/19/2025,,,,Intel::DOMAIN,
lik.clwww.mediafire.com,MegaUploadSites,0,3/19/2025,3/19/2025,,,,Intel::DOMAIN,
lik.cwww.mediafire.com,MegaUploadSites,0,3/19/2025,3/19/2025,,,,Intel::DOMAIN,
lik.www.mediafire.com,MegaUploadSites,0,3/19/2025,3/19/2025,,,,Intel::DOMAIN,
liwww.mediafire.com,MegaUploadSites,0,3/19/2025,3/19/2025,,,,Intel::DOMAIN,
ll.mediafire.com,MegaUploadSites,0,3/19/2025,3/19/2025,,,,Intel::DOMAIN,
llqqnboraxadj5c1iptiox5jjh.ftp.mediafire.com,MegaUploadSites,0,3/19/2025,3/19/2025,,,,Intel::DOMAIN,
log.mediafire.com,MegaUploadSites,0,3/19/2025,3/19/2025,,,,Intel::DOMAIN,
lp.mediafire.com,MegaUploadSites,0,3/19/2025,3/19/2025,,,,Intel::DOMAIN,
lpwww.mediafire.com,MegaUploadSites,0,3/19/2025,3/19/2025,,,,Intel::DOMAIN,
lr1mxrpulwhuxstghjtgqne5cg.mediafire.com,MegaUploadSites,0,3/19/2025,3/19/2025,,,,Intel::DOMAIN,
lrg.mediafire.com,MegaUploadSites,0,3/19/2025,3/19/2025,,,,Intel::DOMAIN,
lw.mediafire.com,MegaUploadSites,0,3/19/2025,3/19/2025,,,,Intel::DOMAIN,
lww.mediafire.com,MegaUploadSites,0,3/19/2025,3/19/2025,,,,Intel::DOMAIN,
lwww.mediafire.com,MegaUploadSites,0,3/19/2025,3/19/2025,,,,Intel::DOMAIN,
lycee-ajdir.bbs.mediafire.com,MegaUploadSites,0,3/19/2025,3/19/2025,,,,Intel::DOMAIN,
m-sandbox.mediafire.com,MegaUploadSites,0,3/19/2025,3/19/2025,,,,Intel::DOMAIN,
m.mediafire.com,MegaUploadSites,0,3/19/2025,3/19/2025,,,,Intel::DOMAIN,
m.new.mediafire.com,MegaUploadSites,0,3/19/2025,3/19/2025,,,,Intel::DOMAIN,
m0.mediafire.com,MegaUploadSites,0,3/19/2025,3/19/2025,,,,Intel::DOMAIN,
m00b1nvvfcue4zqnrrscjshxte.mediafire.com,MegaUploadSites,0,3/19/2025,3/19/2025,,,,Intel::DOMAIN,
m1.mediafire.com,MegaUploadSites,0,3/19/2025,3/19/2025,,,,Intel::DOMAIN,
m1hyb2zrrrspgnkikcraduompd.mediafire.com,MegaUploadSites,0,3/19/2025,3/19/2025,,,,Intel::DOMAIN,
m3.mediafire.com,MegaUploadSites,0,3/19/2025,3/19/2025,,,,Intel::DOMAIN,
m4.mediafire.com,MegaUploadSites,0,3/19/2025,3/19/2025,,,,Intel::DOMAIN,
m5.mediafire.com,MegaUploadSites,0,3/19/2025,3/19/2025,,,,Intel::DOMAIN,
m7.mediafire.com,MegaUploadSites,0,3/19/2025,3/19/2025,,,,Intel::DOMAIN,
m8.mediafire.com,MegaUploadSites,0,3/19/2025,3/19/2025,,,,Intel::DOMAIN,
m9.mediafire.com,MegaUploadSites,0,3/19/2025,3/19/2025,,,,Intel::DOMAIN,
ma.mediafire.com,MegaUploadSites,0,3/19/2025,3/19/2025,,,,Intel::DOMAIN,
mafia-3.it.mediafire.com,MegaUploadSites,0,3/19/2025,3/19/2025,,,,Intel::DOMAIN,
mail1.fw.mediafire.com,MegaUploadSites,0,3/19/2025,3/19/2025,,,,Intel::DOMAIN,
mail1.mdm.mediafire.com,MegaUploadSites,0,3/19/2025,3/19/2025,,,,Intel::DOMAIN,
mail1.mediafire.com,MegaUploadSites,0,3/19/2025,3/19/2025,,,,Intel::DOMAIN,
mail2.de.mediafire.com,MegaUploadSites,0,3/19/2025,3/19/2025,,,,Intel::DOMAIN,
mail2.ns.mediafire.com,MegaUploadSites,0,3/19/2025,3/19/2025,,,,Intel::DOMAIN,
mail5.mediafire.com,MegaUploadSites,0,3/19/2025,3/19/2025,,,,Intel::DOMAIN,
mailin1.mx.mediafire.com,MegaUploadSites,0,3/19/2025,3/19/2025,,,,Intel::DOMAIN,
mailin2.iap.mediafire.com,MegaUploadSites,0,3/19/2025,3/19/2025,,,,Intel::DOMAIN,
mails.mediafire.com,MegaUploadSites,0,3/19/2025,3/19/2025,,,,Intel::DOMAIN,
mailserver.git.mediafire.com,MegaUploadSites,0,3/19/2025,3/19/2025,,,,Intel::DOMAIN,
mailserver.ns.mediafire.com,MegaUploadSites,0,3/19/2025,3/19/2025,,,,Intel::DOMAIN,
manhuaku.net.mediafire.com,MegaUploadSites,0,3/19/2025,3/19/2025,,,,Intel::DOMAIN,
mariafarinhafilmes.mediafire.com,MegaUploadSites,0,3/19/2025,3/19/2025,,,,Intel::DOMAIN,
mc.mediafire.com,MegaUploadSites,0,3/19/2025,3/19/2025,,,,Intel::DOMAIN,
mdm.mediafire.com,MegaUploadSites,0,3/19/2025,3/19/2025,,,,Intel::DOMAIN,
me.mediafire.com,MegaUploadSites,0,3/19/2025,3/19/2025,,,,Intel::DOMAIN,
media.mediafire.com,MegaUploadSites,0,3/19/2025,3/19/2025,,,,Intel::DOMAIN,
media.ns.mediafire.com,MegaUploadSites,0,3/19/2025,3/19/2025,,,,Intel::DOMAIN,
media.pc.mediafire.com,MegaUploadSites,0,3/19/2025,3/19/2025,,,,Intel::DOMAIN,
mediafire.com,MegaUploadSites,0,3/19/2025,3/19/2025,,,,Intel::DOMAIN,
mega.nz.mediafire.com,MegaUploadSites,0,3/19/2025,3/19/2025,,,,Intel::DOMAIN,
mg.mediafire.com,MegaUploadSites,0,3/19/2025,3/19/2025,,,,Intel::DOMAIN,
mg12.mediafire.com,MegaUploadSites,0,3/19/2025,3/19/2025,,,,Intel::DOMAIN,
midas.mediafire.com,MegaUploadSites,0,3/19/2025,3/19/2025,,,,Intel::DOMAIN,
mig.mediafire.com,MegaUploadSites,0,3/19/2025,3/19/2025,,,,Intel::DOMAIN,
miwww.mediafire.com,MegaUploadSites,0,3/19/2025,3/19/2025,,,,Intel::DOMAIN,
mixtape-www.mediafire.com,MegaUploadSites,0,3/19/2025,3/19/2025,,,,Intel::DOMAIN,
mk.mediafire.com,MegaUploadSites,0,3/19/2025,3/19/2025,,,,Intel::DOMAIN,
ml.mediafire.com,MegaUploadSites,0,3/19/2025,3/19/2025,,,,Intel::DOMAIN,
mm.mediafire.com,MegaUploadSites,0,3/19/2025,3/19/2025,,,,Intel::DOMAIN,
mmm.mediafire.com,MegaUploadSites,0,3/19/2025,3/19/2025,,,,Intel::DOMAIN,
mn.mediafire.com,MegaUploadSites,0,3/19/2025,3/19/2025,,,,Intel::DOMAIN,
moneygram.com.mediafire.com,MegaUploadSites,0,3/19/2025,3/19/2025,,,,Intel::DOMAIN,
mongo.mx7.mediafire.com,MegaUploadSites,0,3/19/2025,3/19/2025,,,,Intel::DOMAIN,
mp3.zing.vn.mediafire.com,MegaUploadSites,0,3/19/2025,3/19/2025,,,,Intel::DOMAIN,
mq3zkg5scbr11bxbvgssoo1kxa.mediafire.com,MegaUploadSites,0,3/19/2025,3/19/2025,,,,Intel::DOMAIN,
mqjunmeqwuamexonp4rsowgatf.mediafire.com,MegaUploadSites,0,3/19/2025,3/19/2025,,,,Intel::DOMAIN,
mrrytchxev1oybvy1wtuorqxnh.mediafire.com,MegaUploadSites,0,3/19/2025,3/19/2025,,,,Intel::DOMAIN,
msg4desk.com.mediafire.com,MegaUploadSites,0,3/19/2025,3/19/2025,,,,Intel::DOMAIN,
mt.mediafire.com,MegaUploadSites,0,3/19/2025,3/19/2025,,,,Intel::DOMAIN,
mvndqycu0b5erbciuvtsy35grc.mediafire.com,MegaUploadSites,0,3/19/2025,3/19/2025,,,,Intel::DOMAIN,
mw.mediafire.com,MegaUploadSites,0,3/19/2025,3/19/2025,,,,Intel::DOMAIN,
mww.mediafire.com,MegaUploadSites,0,3/19/2025,3/19/2025,,,,Intel::DOMAIN,
mwww.mediafire.com,MegaUploadSites,0,3/19/2025,3/19/2025,,,,Intel::DOMAIN,
mx.fw.mediafire.com,MegaUploadSites,0,3/19/2025,3/19/2025,,,,Intel::DOMAIN,
mx.mediafire.com,MegaUploadSites,0,3/19/2025,3/19/2025,,,,Intel::DOMAIN,
mx.mx1.mediafire.com,MegaUploadSites,0,3/19/2025,3/19/2025,,,,Intel::DOMAIN,
mx.www.mediafire.com,MegaUploadSites,0,3/19/2025,3/19/2025,,,,Intel::DOMAIN,
mx0.2ww.mediafire.com,MegaUploadSites,0,3/19/2025,3/19/2025,,,,Intel::DOMAIN,
mx0.cd.mediafire.com,MegaUploadSites,0,3/19/2025,3/19/2025,,,,Intel::DOMAIN,
mx0.go.mediafire.com,MegaUploadSites,0,3/19/2025,3/19/2025,,,,Intel::DOMAIN,
mx0.ns.mediafire.com,MegaUploadSites,0,3/19/2025,3/19/2025,,,,Intel::DOMAIN,
mx0.ww.w.mediafire.com,MegaUploadSites,0,3/19/2025,3/19/2025,,,,Intel::DOMAIN,
mx01.gw.mediafire.com,MegaUploadSites,0,3/19/2025,3/19/2025,,,,Intel::DOMAIN,
mx01.mediafire.com,MegaUploadSites,0,3/19/2025,3/19/2025,,,,Intel::DOMAIN,
mx1.iap.mediafire.com,MegaUploadSites,0,3/19/2025,3/19/2025,,,,Intel::DOMAIN,
mx1.mediafire.com,MegaUploadSites,0,3/19/2025,3/19/2025,,,,Intel::DOMAIN,
mx1.mx0.mediafire.com,MegaUploadSites,0,3/19/2025,3/19/2025,,,,Intel::DOMAIN,
mx2.max.mediafire.com,MegaUploadSites,0,3/19/2025,3/19/2025,,,,Intel::DOMAIN,
mx2.mediafire.com,MegaUploadSites,0,3/19/2025,3/19/2025,,,,Intel::DOMAIN,
mx2.ml.mediafire.com,MegaUploadSites,0,3/19/2025,3/19/2025,,,,Intel::DOMAIN,
mx3.mediafire.com,MegaUploadSites,0,3/19/2025,3/19/2025,,,,Intel::DOMAIN,
mx7.mediafire.com,MegaUploadSites,0,3/19/2025,3/19/2025,,,,Intel::DOMAIN,
mx7.mx.mediafire.com,MegaUploadSites,0,3/19/2025,3/19/2025,,,,Intel::DOMAIN,
mxc.mediafire.com,MegaUploadSites,0,3/19/2025,3/19/2025,,,,Intel::DOMAIN,
mxe1fkmrqtt4xrprymrqmj3iph.mediafire.com,MegaUploadSites,0,3/19/2025,3/19/2025,,,,Intel::DOMAIN,
mxvaruysn11ispgqnwqe5x5rka.mediafire.com,MegaUploadSites,0,3/19/2025,3/19/2025,,,,Intel::DOMAIN,
my.mediafire.com,MegaUploadSites,0,3/19/2025,3/19/2025,,,,Intel::DOMAIN,
my4mr0wu3jzxrrbczuqmnzgosh.mediafire.com,MegaUploadSites,0,3/19/2025,3/19/2025,,,,Intel::DOMAIN,
n.mediafire.com,MegaUploadSites,0,3/19/2025,3/19/2025,,,,Intel::DOMAIN,
n0.mediafire.com,MegaUploadSites,0,3/19/2025,3/19/2025,,,,Intel::DOMAIN,
n1.mediafire.com,MegaUploadSites,0,3/19/2025,3/19/2025,,,,Intel::DOMAIN,
n3.mediafire.com,MegaUploadSites,0,3/19/2025,3/19/2025,,,,Intel::DOMAIN,
n33vjz2wojvuslqmbfqkrspgwf.mediafire.com,MegaUploadSites,0,3/19/2025,3/19/2025,,,,Intel::DOMAIN,
n3hrhoes0ud5zkehfhsmu4mpeb.mediafire.com,MegaUploadSites,0,3/19/2025,3/19/2025,,,,Intel::DOMAIN,
n3q50tws4c3qiw3cvjts5es1lh.mediafire.com,MegaUploadSites,0,3/19/2025,3/19/2025,,,,Intel::DOMAIN,
n4.mediafire.com,MegaUploadSites,0,3/19/2025,3/19/2025,,,,Intel::DOMAIN,
n4ukx1fwwrdc3je2gwraf5yfie.mediafire.com,MegaUploadSites,0,3/19/2025,3/19/2025,,,,Intel::DOMAIN,
n5.mediafire.com,MegaUploadSites,0,3/19/2025,3/19/2025,,,,Intel::DOMAIN,
n7.mediafire.com,MegaUploadSites,0,3/19/2025,3/19/2025,,,,Intel::DOMAIN,
naruto.episode.4.mediafire.com,MegaUploadSites,0,3/19/2025,3/19/2025,,,,Intel::DOMAIN,
nb.mediafire.com,MegaUploadSites,0,3/19/2025,3/19/2025,,,,Intel::DOMAIN,
nc5qzkssgonbnot4ypsmvzfrbc.mediafire.com,MegaUploadSites,0,3/19/2025,3/19/2025,,,,Intel::DOMAIN,
ndn.mediafire.com,MegaUploadSites,0,3/19/2025,3/19/2025,,,,Intel::DOMAIN,
ne.mediafire.com,MegaUploadSites,0,3/19/2025,3/19/2025,,,,Intel::DOMAIN,
need-for-speed-most-wanted-demo.en.mediafire.com,MegaUploadSites,0,3/19/2025,3/19/2025,,,,Intel::DOMAIN,
need-for-speed-underground-2.en.mediafire.com,MegaUploadSites,0,3/19/2025,3/19/2025,,,,Intel::DOMAIN,
nei.mediafire.com,MegaUploadSites,0,3/19/2025,3/19/2025,,,,Intel::DOMAIN,
neighbours-from-hell.en.mediafire.com,MegaUploadSites,0,3/19/2025,3/19/2025,,,,Intel::DOMAIN,
new.mediafire.com,MegaUploadSites,0,3/19/2025,3/19/2025,,,,Intel::DOMAIN,
newww.mediafire.com,MegaUploadSites,0,3/19/2025,3/19/2025,,,,Intel::DOMAIN,
nf1ysa0t5zuf3h42cstem3orbc.mediafire.com,MegaUploadSites,0,3/19/2025,3/19/2025,,,,Intel::DOMAIN,
nib55e4wyidqzunkkgq0yk3rbc.mediafire.com,MegaUploadSites,0,3/19/2025,3/19/2025,,,,Intel::DOMAIN,
nk.mediafire.com,MegaUploadSites,0,3/19/2025,3/19/2025,,,,Intel::DOMAIN,
nl.mediafire.com,MegaUploadSites,0,3/19/2025,3/19/2025,,,,Intel::DOMAIN,
nm.mediafire.com,MegaUploadSites,0,3/19/2025,3/19/2025,,,,Intel::DOMAIN,
nn.mediafire.com,MegaUploadSites,0,3/19/2025,3/19/2025,,,,Intel::DOMAIN,
no.mediafire.com,MegaUploadSites,0,3/19/2025,3/19/2025,,,,Intel::DOMAIN,
nova3g.ns.mediafire.com,MegaUploadSites,0,3/19/2025,3/19/2025,,,,Intel::DOMAIN,
np.mediafire.com,MegaUploadSites,0,3/19/2025,3/19/2025,,,,Intel::DOMAIN,
ns.de.mediafire.com,MegaUploadSites,0,3/19/2025,3/19/2025,,,,Intel::DOMAIN,
ns.mediafire.com,MegaUploadSites,0,3/19/2025,3/19/2025,,,,Intel::DOMAIN,
ns1-ww.w.mediafire.com,MegaUploadSites,0,3/19/2025,3/19/2025,,,,Intel::DOMAIN,
ns1.dyn.mediafire.com,MegaUploadSites,0,3/19/2025,3/19/2025,,,,Intel::DOMAIN,
ns1.mediafire.com,MegaUploadSites,0,3/19/2025,3/19/2025,,,,Intel::DOMAIN,
ns2.mediafire.com,MegaUploadSites,0,3/19/2025,3/19/2025,,,,Intel::DOMAIN,
ns3.mediafire.com,MegaUploadSites,0,3/19/2025,3/19/2025,,,,Intel::DOMAIN,
nsokimusic.mediafire.com,MegaUploadSites,0,3/19/2025,3/19/2025,,,,Intel::DOMAIN,
nt.mediafire.com,MegaUploadSites,0,3/19/2025,3/19/2025,,,,Intel::DOMAIN,
nthr5nmxrpdh2fobe1ssbw1cag.mediafire.com,MegaUploadSites,0,3/19/2025,3/19/2025,,,,Intel::DOMAIN,
nuobspgx3c4ksa2r1ytyx4boog.mediafire.com,MegaUploadSites,0,3/19/2025,3/19/2025,,,,Intel::DOMAIN,
nw.mediafire.com,MegaUploadSites,0,3/19/2025,3/19/2025,,,,Intel::DOMAIN,
nwww.mediafire.com,MegaUploadSites,0,3/19/2025,3/19/2025,,,,Intel::DOMAIN,
nxyobspwqok54bspgyqmx1pilc.mediafire.com,MegaUploadSites,0,3/19/2025,3/19/2025,,,,Intel::DOMAIN,
ny0utmosnqyq0awhu2scjo1fjd.mediafire.com,MegaUploadSites,0,3/19/2025,3/19/2025,,,,Intel::DOMAIN,
ny10qhnspg1kswerj2qaffvrnh.mediafire.com,MegaUploadSites,0,3/19/2025,3/19/2025,,,,Intel::DOMAIN,
ny13tq.ftp.mediafire.com,MegaUploadSites,0,3/19/2025,3/19/2025,,,,Intel::DOMAIN,
ny13tq.mx.mediafire.com,MegaUploadSites,0,3/19/2025,3/19/2025,,,,Intel::DOMAIN,
o.mediafire.com,MegaUploadSites,0,3/19/2025,3/19/2025,,,,Intel::DOMAIN,
o0.mediafire.com,MegaUploadSites,0,3/19/2025,3/19/2025,,,,Intel::DOMAIN,
o0ineiiq5lwu5ttk22s0enkrbc.mediafire.com,MegaUploadSites,0,3/19/2025,3/19/2025,,,,Intel::DOMAIN,
o1.mediafire.com,MegaUploadSites,0,3/19/2025,3/19/2025,,,,Intel::DOMAIN,
o2.mediafire.com,MegaUploadSites,0,3/19/2025,3/19/2025,,,,Intel::DOMAIN,
o4.mediafire.com,MegaUploadSites,0,3/19/2025,3/19/2025,,,,Intel::DOMAIN,
o6.mediafire.com,MegaUploadSites,0,3/19/2025,3/19/2025,,,,Intel::DOMAIN,
o8.mediafire.com,MegaUploadSites,0,3/19/2025,3/19/2025,,,,Intel::DOMAIN,
oacu2zrulpiqos2iocrcy01hbf.mediafire.com,MegaUploadSites,0,3/19/2025,3/19/2025,,,,Intel::DOMAIN,
oad27.mediafire.com,MegaUploadSites,0,3/19/2025,3/19/2025,,,,Intel::DOMAIN,
od.mediafire.com,MegaUploadSites,0,3/19/2025,3/19/2025,,,,Intel::DOMAIN,
oe.mediafire.com,MegaUploadSites,0,3/19/2025,3/19/2025,,,,Intel::DOMAIN,
ohua0k2v05ho5qbolytc3lnlgd.mediafire.com,MegaUploadSites,0,3/19/2025,3/19/2025,,,,Intel::DOMAIN,
old.bbs.mediafire.com,MegaUploadSites,0,3/19/2025,3/19/2025,,,,Intel::DOMAIN,
om.mediafire.com,MegaUploadSites,0,3/19/2025,3/19/2025,,,,Intel::DOMAIN,
oma2rbvvwdtllko3ztt4pegidf.mediafire.com,MegaUploadSites,0,3/19/2025,3/19/2025,,,,Intel::DOMAIN,
omegaegypt.mediafire.com,MegaUploadSites,0,3/19/2025,3/19/2025,,,,Intel::DOMAIN,
op-arab.mx1.mediafire.com,MegaUploadSites,0,3/19/2025,3/19/2025,,,,Intel::DOMAIN,
oppjrbcrrhqslcn45frwgjw12f.mediafire.com,MegaUploadSites,0,3/19/2025,3/19/2025,,,,Intel::DOMAIN,
origin-cdn.mx7.mediafire.com,MegaUploadSites,0,3/19/2025,3/19/2025,,,,Intel::DOMAIN,
otrs.mediafire.com,MegaUploadSites,0,3/19/2025,3/19/2025,,,,Intel::DOMAIN,
ou.mediafire.com,MegaUploadSites,0,3/19/2025,3/19/2025,,,,Intel::DOMAIN,
outlook.mx2.mediafire.com,MegaUploadSites,0,3/19/2025,3/19/2025,,,,Intel::DOMAIN,
ow.mediafire.com,MegaUploadSites,0,3/19/2025,3/19/2025,,,,Intel::DOMAIN,
owa.fsm.mediafire.com,MegaUploadSites,0,3/19/2025,3/19/2025,,,,Intel::DOMAIN,
owa.max.mediafire.com,MegaUploadSites,0,3/19/2025,3/19/2025,,,,Intel::DOMAIN,
owa.mx1.mediafire.com,MegaUploadSites,0,3/19/2025,3/19/2025,,,,Intel::DOMAIN,
ox.mediafire.com,MegaUploadSites,0,3/19/2025,3/19/2025,,,,Intel::DOMAIN,
p.mediafire.com,MegaUploadSites,0,3/19/2025,3/19/2025,,,,Intel::DOMAIN,
p2fsfrwryyog4ss0jbrstvdoya.mediafire.com,MegaUploadSites,0,3/19/2025,3/19/2025,,,,Intel::DOMAIN,
p3.mediafire.com,MegaUploadSites,0,3/19/2025,3/19/2025,,,,Intel::DOMAIN,
p3ypiryrbcxcqarjhiquiffqfe.mediafire.com,MegaUploadSites,0,3/19/2025,3/19/2025,,,,Intel::DOMAIN,
p4.mediafire.com,MegaUploadSites,0,3/19/2025,3/19/2025,,,,Intel::DOMAIN,
p5.mediafire.com,MegaUploadSites,0,3/19/2025,3/19/2025,,,,Intel::DOMAIN,
p7.mediafire.com,MegaUploadSites,0,3/19/2025,3/19/2025,,,,Intel::DOMAIN,
pa.mediafire.com,MegaUploadSites,0,3/19/2025,3/19/2025,,,,Intel::DOMAIN,
pandora.c.mediafire.com,MegaUploadSites,0,3/19/2025,3/19/2025,,,,Intel::DOMAIN,
pandora.co.mediafire.com,MegaUploadSites,0,3/19/2025,3/19/2025,,,,Intel::DOMAIN,
pandora.com.mediafire.com,MegaUploadSites,0,3/19/2025,3/19/2025,,,,Intel::DOMAIN,
pdchsozwl4qbsfcinjtghvzzig.mediafire.com,MegaUploadSites,0,3/19/2025,3/19/2025,,,,Intel::DOMAIN,
pg.mediafire.com,MegaUploadSites,0,3/19/2025,3/19/2025,,,,Intel::DOMAIN,
phimdidong.nwww.mediafire.com,MegaUploadSites,0,3/19/2025,3/19/2025,,,,Intel::DOMAIN,
phimdidong.www.mediafire.com,MegaUploadSites,0,3/19/2025,3/19/2025,,,,Intel::DOMAIN,
playfoursquare.s3.mediafire.com,MegaUploadSites,0,3/19/2025,3/19/2025,,,,Intel::DOMAIN,
pn.mediafire.com,MegaUploadSites,0,3/19/2025,3/19/2025,,,,Intel::DOMAIN,
pnzsantrsqwo5nbrevsod5mvsa.mediafire.com,MegaUploadSites,0,3/19/2025,3/19/2025,,,,Intel::DOMAIN,
po.mediafire.com,MegaUploadSites,0,3/19/2025,3/19/2025,,,,Intel::DOMAIN,
poorkid.clutchmagonline.com.mediafire.com,MegaUploadSites,0,3/19/2025,3/19/2025,,,,Intel::DOMAIN,
pop.mediafire.com,MegaUploadSites,0,3/19/2025,3/19/2025,,,,Intel::DOMAIN,
portal.dns.mediafire.com,MegaUploadSites,0,3/19/2025,3/19/2025,,,,Intel::DOMAIN,
portal.new.mediafire.com,MegaUploadSites,0,3/19/2025,3/19/2025,,,,Intel::DOMAIN,
ppp.mediafire.com,MegaUploadSites,0,3/19/2025,3/19/2025,,,,Intel::DOMAIN,
ppp.mx2.mediafire.com,MegaUploadSites,0,3/19/2025,3/19/2025,,,,Intel::DOMAIN,
pt.mediafire.com,MegaUploadSites,0,3/19/2025,3/19/2025,,,,Intel::DOMAIN,
pufibidvuc3wv3wtmas22kcmcd.mediafire.com,MegaUploadSites,0,3/19/2025,3/19/2025,,,,Intel::DOMAIN,
pw.mediafire.com,MegaUploadSites,0,3/19/2025,3/19/2025,,,,Intel::DOMAIN,
pwww.mediafire.com,MegaUploadSites,0,3/19/2025,3/19/2025,,,,Intel::DOMAIN,
px21xgcwcmek3oqxu2r4r2d3wb.bbs.mediafire.com,MegaUploadSites,0,3/19/2025,3/19/2025,,,,Intel::DOMAIN,
pxdaxacwvclhci5oqftiyf1exd.mediafire.com,MegaUploadSites,0,3/19/2025,3/19/2025,,,,Intel::DOMAIN,
q.mediafire.com,MegaUploadSites,0,3/19/2025,3/19/2025,,,,Intel::DOMAIN,
q1.mediafire.com,MegaUploadSites,0,3/19/2025,3/19/2025,,,,Intel::DOMAIN,
q2.mediafire.com,MegaUploadSites,0,3/19/2025,3/19/2025,,,,Intel::DOMAIN,
q2pkx4lszsvuccb2hltglrcc3b.mediafire.com,MegaUploadSites,0,3/19/2025,3/19/2025,,,,Intel::DOMAIN,
q3.mediafire.com,MegaUploadSites,0,3/19/2025,3/19/2025,,,,Intel::DOMAIN,
q5.mediafire.com,MegaUploadSites,0,3/19/2025,3/19/2025,,,,Intel::DOMAIN,
q5glghhvyzshu1blhdtqtuhbvg.mediafire.com,MegaUploadSites,0,3/19/2025,3/19/2025,,,,Intel::DOMAIN,
q9.mediafire.com,MegaUploadSites,0,3/19/2025,3/19/2025,,,,Intel::DOMAIN,
qbelqcmv4iwzhqbm5tsqkkopyf.api.mediafire.com,MegaUploadSites,0,3/19/2025,3/19/2025,,,,Intel::DOMAIN,
qbkp21puhc242mxmxatiriwssc.mediafire.com,MegaUploadSites,0,3/19/2025,3/19/2025,,,,Intel::DOMAIN,
qc.mediafire.com,MegaUploadSites,0,3/19/2025,3/19/2025,,,,Intel::DOMAIN,
qggohottdff0l1buspsahb2spa.mediafire.com,MegaUploadSites,0,3/19/2025,3/19/2025,,,,Intel::DOMAIN,
qijjkyjvrbcrl4554itksueugf.mediafire.com,MegaUploadSites,0,3/19/2025,3/19/2025,,,,Intel::DOMAIN,
qioxezwrnikes3o2gtrgmyxeeb.mediafire.com,MegaUploadSites,0,3/19/2025,3/19/2025,,,,Intel::DOMAIN,
qmdljznueabaljll5hrqddh54e.mediafire.com,MegaUploadSites,0,3/19/2025,3/19/2025,,,,Intel::DOMAIN,
qnfaar3tc3bpchpgxnqeuzfsud.mediafire.com,MegaUploadSites,0,3/19/2025,3/19/2025,,,,Intel::DOMAIN,
qp.mediafire.com,MegaUploadSites,0,3/19/2025,3/19/2025,,,,Intel::DOMAIN,
qq.mediafire.com,MegaUploadSites,0,3/19/2025,3/19/2025,,,,Intel::DOMAIN,
qs.mediafire.com,MegaUploadSites,0,3/19/2025,3/19/2025,,,,Intel::DOMAIN,
qw.mediafire.com,MegaUploadSites,0,3/19/2025,3/19/2025,,,,Intel::DOMAIN,
r.mediafire.com,MegaUploadSites,0,3/19/2025,3/19/2025,,,,Intel::DOMAIN,
r0.mediafire.com,MegaUploadSites,0,3/19/2025,3/19/2025,,,,Intel::DOMAIN,
r1.mediafire.com,MegaUploadSites,0,3/19/2025,3/19/2025,,,,Intel::DOMAIN,
r15ulo1qjhx5whe4spqskjgbva.mediafire.com,MegaUploadSites,0,3/19/2025,3/19/2025,,,,Intel::DOMAIN,
r3.mediafire.com,MegaUploadSites,0,3/19/2025,3/19/2025,,,,Intel::DOMAIN,
r4uxs24rienl0rbcbvqq0l4csb.mediafire.com,MegaUploadSites,0,3/19/2025,3/19/2025,,,,Intel::DOMAIN,
r5.mediafire.com,MegaUploadSites,0,3/19/2025,3/19/2025,,,,Intel::DOMAIN,
r6.mediafire.com,MegaUploadSites,0,3/19/2025,3/19/2025,,,,Intel::DOMAIN,
r8.mediafire.com,MegaUploadSites,0,3/19/2025,3/19/2025,,,,Intel::DOMAIN,
r9.mediafire.com,MegaUploadSites,0,3/19/2025,3/19/2025,,,,Intel::DOMAIN,
ravearchive.mediafire.com,MegaUploadSites,0,3/19/2025,3/19/2025,,,,Intel::DOMAIN,
rbc2v4musgfljutvrutuhcfh4d.mediafire.com,MegaUploadSites,0,3/19/2025,3/19/2025,,,,Intel::DOMAIN,
rbzrdgntfsc3k3wkiyssj5bnxd.mediafire.com,MegaUploadSites,0,3/19/2025,3/19/2025,,,,Intel::DOMAIN,
rcs5lkvxve1j2hy3uarkcaalgc.mediafire.com,MegaUploadSites,0,3/19/2025,3/19/2025,,,,Intel::DOMAIN,
rd.mediafire.com,MegaUploadSites,0,3/19/2025,3/19/2025,,,,Intel::DOMAIN,
re.mediafire.com,MegaUploadSites,0,3/19/2025,3/19/2025,,,,Intel::DOMAIN,
related.mediafire.com,MegaUploadSites,0,3/19/2025,3/19/2025,,,,Intel::DOMAIN,
related.mx1.mediafire.com,MegaUploadSites,0,3/19/2025,3/19/2025,,,,Intel::DOMAIN,
related.mx2.mediafire.com,MegaUploadSites,0,3/19/2025,3/19/2025,,,,Intel::DOMAIN,
retc3uptcacbu52faprauicr3a.mediafire.com,MegaUploadSites,0,3/19/2025,3/19/2025,,,,Intel::DOMAIN,
ri1rd3urm4ps4xu4f0sawvnc3b.mediafire.com,MegaUploadSites,0,3/19/2025,3/19/2025,,,,Intel::DOMAIN,
ripc3cjr0g2xro2owit0eu4nlf.mediafire.com,MegaUploadSites,0,3/19/2025,3/19/2025,,,,Intel::DOMAIN,
rn.mediafire.com,MegaUploadSites,0,3/19/2025,3/19/2025,,,,Intel::DOMAIN,
rompevientotv.mediafire.com,MegaUploadSites,0,3/19/2025,3/19/2025,,,,Intel::DOMAIN,
root.ftp.mediafire.com,MegaUploadSites,0,3/19/2025,3/19/2025,,,,Intel::DOMAIN,
root.mediafire.com,MegaUploadSites,0,3/19/2025,3/19/2025,,,,Intel::DOMAIN,
rreq43fqbvspskoypjsan1tpph.mediafire.com,MegaUploadSites,0,3/19/2025,3/19/2025,,,,Intel::DOMAIN,
rroki.mediafire.com,MegaUploadSites,0,3/19/2025,3/19/2025,,,,Intel::DOMAIN,
rrwbb4wreea3bqyqmkqsfryo1c.mediafire.com,MegaUploadSites,0,3/19/2025,3/19/2025,,,,Intel::DOMAIN,
rs.mediafire.com,MegaUploadSites,0,3/19/2025,3/19/2025,,,,Intel::DOMAIN,
rsv5s0ywsvo1uc4iwrqaizeoyd.ns.mediafire.com,MegaUploadSites,0,3/19/2025,3/19/2025,,,,Intel::DOMAIN,
rt.mediafire.com,MegaUploadSites,0,3/19/2025,3/19/2025,,,,Intel::DOMAIN,
ru.mediafire.com,MegaUploadSites,0,3/19/2025,3/19/2025,,,,Intel::DOMAIN,
ruseller.mx.mediafire.com,MegaUploadSites,0,3/19/2025,3/19/2025,,,,Intel::DOMAIN,
rw.mediafire.com,MegaUploadSites,0,3/19/2025,3/19/2025,,,,Intel::DOMAIN,
rxwww.mediafire.com,MegaUploadSites,0,3/19/2025,3/19/2025,,,,Intel::DOMAIN,
rympfs0vddyozo44pgtqjo52sd.mediafire.com,MegaUploadSites,0,3/19/2025,3/19/2025,,,,Intel::DOMAIN,
s.mediafire.com,MegaUploadSites,0,3/19/2025,3/19/2025,,,,Intel::DOMAIN,
s0.mediafire.com,MegaUploadSites,0,3/19/2025,3/19/2025,,,,Intel::DOMAIN,
s1.mediafire.com,MegaUploadSites,0,3/19/2025,3/19/2025,,,,Intel::DOMAIN,
s2.mediafire.com,MegaUploadSites,0,3/19/2025,3/19/2025,,,,Intel::DOMAIN,
s3.mediafire.com,MegaUploadSites,0,3/19/2025,3/19/2025,,,,Intel::DOMAIN,
s3iokyaqplddspgproq4njsvfe.mediafire.com,MegaUploadSites,0,3/19/2025,3/19/2025,,,,Intel::DOMAIN,
s4emvqptnic0lhmkket2sqvc1f.mediafire.com,MegaUploadSites,0,3/19/2025,3/19/2025,,,,Intel::DOMAIN,
s5.mediafire.com,MegaUploadSites,0,3/19/2025,3/19/2025,,,,Intel::DOMAIN,
s6.mediafire.com,MegaUploadSites,0,3/19/2025,3/19/2025,,,,Intel::DOMAIN,
sandbox.mediafire.com,MegaUploadSites,0,3/19/2025,3/19/2025,,,,Intel::DOMAIN,
sandbox.ns.mediafire.com,MegaUploadSites,0,3/19/2025,3/19/2025,,,,Intel::DOMAIN,
sandbox2.mediafire.com,MegaUploadSites,0,3/19/2025,3/19/2025,,,,Intel::DOMAIN,
savoy.mediafire.com,MegaUploadSites,0,3/19/2025,3/19/2025,,,,Intel::DOMAIN,
sayaflora.com.mediafire.com,MegaUploadSites,0,3/19/2025,3/19/2025,,,,Intel::DOMAIN,
sc.mediafire.com,MegaUploadSites,0,3/19/2025,3/19/2025,,,,Intel::DOMAIN,
sd.mediafire.com,MegaUploadSites,0,3/19/2025,3/19/2025,,,,Intel::DOMAIN,
sde.mediafire.com,MegaUploadSites,0,3/19/2025,3/19/2025,,,,Intel::DOMAIN,
se.mediafire.com,MegaUploadSites,0,3/19/2025,3/19/2025,,,,Intel::DOMAIN,
secure.cp.mediafire.com,MegaUploadSites,0,3/19/2025,3/19/2025,,,,Intel::DOMAIN,
sf.mediafire.com,MegaUploadSites,0,3/19/2025,3/19/2025,,,,Intel::DOMAIN,
sfeznl0rbyiqkuhef4ryc0zvsf.bbs.mediafire.com,MegaUploadSites,0,3/19/2025,3/19/2025,,,,Intel::DOMAIN,
sg.mediafire.com,MegaUploadSites,0,3/19/2025,3/19/2025,,,,Intel::DOMAIN,
sgkscjstg54prgd3ckrqzeq5df.mediafire.com,MegaUploadSites,0,3/19/2025,3/19/2025,,,,Intel::DOMAIN,
sgurm4.mx1.mediafire.com,MegaUploadSites,0,3/19/2025,3/19/2025,,,,Intel::DOMAIN,
sgwicaas0h5bamk1uirgm225if.mediafire.com,MegaUploadSites,0,3/19/2025,3/19/2025,,,,Intel::DOMAIN,
sh.mediafire.com,MegaUploadSites,0,3/19/2025,3/19/2025,,,,Intel::DOMAIN,
shojomanhwaraws.api.mediafire.com,MegaUploadSites,0,3/19/2025,3/19/2025,,,,Intel::DOMAIN,
shop-ww.w.mediafire.com,MegaUploadSites,0,3/19/2025,3/19/2025,,,,Intel::DOMAIN,
shop.fw.mediafire.com,MegaUploadSites,0,3/19/2025,3/19/2025,,,,Intel::DOMAIN,
shop.mediafire.com,MegaUploadSites,0,3/19/2025,3/19/2025,,,,Intel::DOMAIN,
shs4zz2te23mspg1wis2ueyole.mediafire.com,MegaUploadSites,0,3/19/2025,3/19/2025,,,,Intel::DOMAIN,
shwww.mediafire.com,MegaUploadSites,0,3/19/2025,3/19/2025,,,,Intel::DOMAIN,
si.mediafire.com,MegaUploadSites,0,3/19/2025,3/19/2025,,,,Intel::DOMAIN,
sibmail.ns.mediafire.com,MegaUploadSites,0,3/19/2025,3/19/2025,,,,Intel::DOMAIN,
sip.mediafire.com,MegaUploadSites,0,3/19/2025,3/19/2025,,,,Intel::DOMAIN,
sit.mediafire.com,MegaUploadSites,0,3/19/2025,3/19/2025,,,,Intel::DOMAIN,
site.mediafire.com,MegaUploadSites,0,3/19/2025,3/19/2025,,,,Intel::DOMAIN,
siuuh05un5imbzzsfds2xrpnnd.mediafire.com,MegaUploadSites,0,3/19/2025,3/19/2025,,,,Intel::DOMAIN,
siwww.mediafire.com,MegaUploadSites,0,3/19/2025,3/19/2025,,,,Intel::DOMAIN,
siyeotjr3shwutrbchts3ya3wd.mediafire.com,MegaUploadSites,0,3/19/2025,3/19/2025,,,,Intel::DOMAIN,
sjddzeuslwdt3pyvg3rofmoiac.mediafire.com,MegaUploadSites,0,3/19/2025,3/19/2025,,,,Intel::DOMAIN,
sk.mediafire.com,MegaUploadSites,0,3/19/2025,3/19/2025,,,,Intel::DOMAIN,
sknrucqrbcnlyhplgvrees2cpa.mediafire.com,MegaUploadSites,0,3/19/2025,3/19/2025,,,,Intel::DOMAIN,
smtp.mediafire.com,MegaUploadSites,0,3/19/2025,3/19/2025,,,,Intel::DOMAIN,
snagxw5vuyobgctyh5twfqrbcd.mediafire.com,MegaUploadSites,0,3/19/2025,3/19/2025,,,,Intel::DOMAIN,
snig0i3r4c3wdv20pwty0zjvxg.mediafire.com,MegaUploadSites,0,3/19/2025,3/19/2025,,,,Intel::DOMAIN,
sny3eekxnkgfhfqqgescjyzxtb.mediafire.com,MegaUploadSites,0,3/19/2025,3/19/2025,,,,Intel::DOMAIN,
so.v.mediafire.com,MegaUploadSites,0,3/19/2025,3/19/2025,,,,Intel::DOMAIN,
sp.mediafire.com,MegaUploadSites,0,3/19/2025,3/19/2025,,,,Intel::DOMAIN,
spgjf1nuvnfzcjplzkrckuqvea.mediafire.com,MegaUploadSites,0,3/19/2025,3/19/2025,,,,Intel::DOMAIN,
spgk2y3rao5q0nwq11r0i4wsuc.mediafire.com,MegaUploadSites,0,3/19/2025,3/19/2025,,,,Intel::DOMAIN,
spgrg3cqhvhwjpsmo5ru2e0oif.mediafire.com,MegaUploadSites,0,3/19/2025,3/19/2025,,,,Intel::DOMAIN,
spgv5josj3tknbu3wpsujd0vpb.mediafire.com,MegaUploadSites,0,3/19/2025,3/19/2025,,,,Intel::DOMAIN,
sr.mediafire.com,MegaUploadSites,0,3/19/2025,3/19/2025,,,,Intel::DOMAIN,
ss.mediafire.com,MegaUploadSites,0,3/19/2025,3/19/2025,,,,Intel::DOMAIN,
st.mediafire.com,MegaUploadSites,0,3/19/2025,3/19/2025,,,,Intel::DOMAIN,
stat.eu.mediafire.com,MegaUploadSites,0,3/19/2025,3/19/2025,,,,Intel::DOMAIN,
static-cdn.mx.mediafire.com,MegaUploadSites,0,3/19/2025,3/19/2025,,,,Intel::DOMAIN,
static.mediafire.com,MegaUploadSites,0,3/19/2025,3/19/2025,,,,Intel::DOMAIN,
staticcdn.mediafire.com,MegaUploadSites,0,3/19/2025,3/19/2025,,,,Intel::DOMAIN,
stats.mx.mediafire.com,MegaUploadSites,0,3/19/2025,3/19/2025,,,,Intel::DOMAIN,
su.mediafire.com,MegaUploadSites,0,3/19/2025,3/19/2025,,,,Intel::DOMAIN,
sunburst.bbs.mediafire.com,MegaUploadSites,0,3/19/2025,3/19/2025,,,,Intel::DOMAIN,
sunburst.mx7.mediafire.com,MegaUploadSites,0,3/19/2025,3/19/2025,,,,Intel::DOMAIN,
support.dl.mediafire.com,MegaUploadSites,0,3/19/2025,3/19/2025,,,,Intel::DOMAIN,
support.mediafire.co.mediafire.com,MegaUploadSites,0,3/19/2025,3/19/2025,,,,Intel::DOMAIN,
support.mediafire.com,MegaUploadSites,0,3/19/2025,3/19/2025,,,,Intel::DOMAIN,
support.mediafire.rt.mediafire.com,MegaUploadSites,0,3/19/2025,3/19/2025,,,,Intel::DOMAIN,
svf.mediafire.com,MegaUploadSites,0,3/19/2025,3/19/2025,,,,Intel::DOMAIN,
sw.mediafire.com,MegaUploadSites,0,3/19/2025,3/19/2025,,,,Intel::DOMAIN,
swww.mediafire.com,MegaUploadSites,0,3/19/2025,3/19/2025,,,,Intel::DOMAIN,
t.co.mediafire.com,MegaUploadSites,0,3/19/2025,3/19/2025,,,,Intel::DOMAIN,
t.mediafire.com,MegaUploadSites,0,3/19/2025,3/19/2025,,,,Intel::DOMAIN,
t0.mediafire.com,MegaUploadSites,0,3/19/2025,3/19/2025,,,,Intel::DOMAIN,
t0ipid4rbc5cksnws1rogr5std.mediafire.com,MegaUploadSites,0,3/19/2025,3/19/2025,,,,Intel::DOMAIN,
t1.mediafire.com,MegaUploadSites,0,3/19/2025,3/19/2025,,,,Intel::DOMAIN,
t1dkb4crxm0hyhgc33swuk1lkg.mediafire.com,MegaUploadSites,0,3/19/2025,3/19/2025,,,,Intel::DOMAIN,
t2.mediafire.com,MegaUploadSites,0,3/19/2025,3/19/2025,,,,Intel::DOMAIN,
t2s1udhuxlrdg2w4b2scj234cb.mediafire.com,MegaUploadSites,0,3/19/2025,3/19/2025,,,,Intel::DOMAIN,
t3.mediafire.com,MegaUploadSites,0,3/19/2025,3/19/2025,,,,Intel::DOMAIN,
t4j0scixn23i51ikeps2xrptyh.mediafire.com,MegaUploadSites,0,3/19/2025,3/19/2025,,,,Intel::DOMAIN,
t8.mediafire.com,MegaUploadSites,0,3/19/2025,3/19/2025,,,,Intel::DOMAIN,
ta.mediafire.com,MegaUploadSites,0,3/19/2025,3/19/2025,,,,Intel::DOMAIN,
tawww.mediafire.com,MegaUploadSites,0,3/19/2025,3/19/2025,,,,Intel::DOMAIN,
tc.mediafire.com,MegaUploadSites,0,3/19/2025,3/19/2025,,,,Intel::DOMAIN,
td.mediafire.com,MegaUploadSites,0,3/19/2025,3/19/2025,,,,Intel::DOMAIN,
te.mediafire.com,MegaUploadSites,0,3/19/2025,3/19/2025,,,,Intel::DOMAIN,
telegram.en.mediafire.com,MegaUploadSites,0,3/19/2025,3/19/2025,,,,Intel::DOMAIN,
test.mediafire.com,MegaUploadSites,0,3/19/2025,3/19/2025,,,,Intel::DOMAIN,
tg.mediafire.com,MegaUploadSites,0,3/19/2025,3/19/2025,,,,Intel::DOMAIN,
th.mediafire.com,MegaUploadSites,0,3/19/2025,3/19/2025,,,,Intel::DOMAIN,
thumbnails.imajr.com.mediafire.com,MegaUploadSites,0,3/19/2025,3/19/2025,,,,Intel::DOMAIN,
thwww.mediafire.com,MegaUploadSites,0,3/19/2025,3/19/2025,,,,Intel::DOMAIN,
ti.mediafire.com,MegaUploadSites,0,3/19/2025,3/19/2025,,,,Intel::DOMAIN,
tirva3mrkf3nlc4ohptcw4citb.mediafire.com,MegaUploadSites,0,3/19/2025,3/19/2025,,,,Intel::DOMAIN,
titlewww.mx0.mediafire.com,MegaUploadSites,0,3/19/2025,3/19/2025,,,,Intel::DOMAIN,
tk.mediafire.com,MegaUploadSites,0,3/19/2025,3/19/2025,,,,Intel::DOMAIN,
tn.mediafire.com,MegaUploadSites,0,3/19/2025,3/19/2025,,,,Intel::DOMAIN,
tqvjrilulkvdfg2e4zscjby5ca.mediafire.com,MegaUploadSites,0,3/19/2025,3/19/2025,,,,Intel::DOMAIN,
trackhasoffers.mx1.mediafire.com,MegaUploadSites,0,3/19/2025,3/19/2025,,,,Intel::DOMAIN,
traxster.bbs.mediafire.com,MegaUploadSites,0,3/19/2025,3/19/2025,,,,Intel::DOMAIN,
tronsmart.mediafire.com,MegaUploadSites,0,3/19/2025,3/19/2025,,,,Intel::DOMAIN,
ttwww.mediafire.com,MegaUploadSites,0,3/19/2025,3/19/2025,,,,Intel::DOMAIN,
tu.mediafire.com,MegaUploadSites,0,3/19/2025,3/19/2025,,,,Intel::DOMAIN,
turmoilpkerz.comwww.mediafire.com,MegaUploadSites,0,3/19/2025,3/19/2025,,,,Intel::DOMAIN,
tv.mediafire.com,MegaUploadSites,0,3/19/2025,3/19/2025,,,,Intel::DOMAIN,
tvd5.mx2.mediafire.com,MegaUploadSites,0,3/19/2025,3/19/2025,,,,Intel::DOMAIN,
tw.mediafire.com,MegaUploadSites,0,3/19/2025,3/19/2025,,,,Intel::DOMAIN,
twww.mediafire.com,MegaUploadSites,0,3/19/2025,3/19/2025,,,,Intel::DOMAIN,
twww.mx7.mediafire.com,MegaUploadSites,0,3/19/2025,3/19/2025,,,,Intel::DOMAIN,
twwww.mediafire.com,MegaUploadSites,0,3/19/2025,3/19/2025,,,,Intel::DOMAIN,
tx.mediafire.com,MegaUploadSites,0,3/19/2025,3/19/2025,,,,Intel::DOMAIN,
u.mediafire.com,MegaUploadSites,0,3/19/2025,3/19/2025,,,,Intel::DOMAIN,
u0.mediafire.com,MegaUploadSites,0,3/19/2025,3/19/2025,,,,Intel::DOMAIN,
u00252fwww.mediafire.com,MegaUploadSites,0,3/19/2025,3/19/2025,,,,Intel::DOMAIN,
u0wekw0uw3v4g30p0rqmaqjwqc.mx7.mediafire.com,MegaUploadSites,0,3/19/2025,3/19/2025,,,,Intel::DOMAIN,
u1.mediafire.com,MegaUploadSites,0,3/19/2025,3/19/2025,,,,Intel::DOMAIN,
u1jbciov3x5kpnv5pfsyntw4ja.mediafire.com,MegaUploadSites,0,3/19/2025,3/19/2025,,,,Intel::DOMAIN,
u2.mediafire.com,MegaUploadSites,0,3/19/2025,3/19/2025,,,,Intel::DOMAIN,
u2kjifmq4lwsx0ofasqguhcade.mediafire.com,MegaUploadSites,0,3/19/2025,3/19/2025,,,,Intel::DOMAIN,
u3.mediafire.com,MegaUploadSites,0,3/19/2025,3/19/2025,,,,Intel::DOMAIN,
u4.mediafire.com,MegaUploadSites,0,3/19/2025,3/19/2025,,,,Intel::DOMAIN,
u5txgs0r1mwbrgow5bq0bvznae.mediafire.com,MegaUploadSites,0,3/19/2025,3/19/2025,,,,Intel::DOMAIN,
u8.mediafire.com,MegaUploadSites,0,3/19/2025,3/19/2025,,,,Intel::DOMAIN,
uatgrzbvtc3gzopim5syz125mb.mediafire.com,MegaUploadSites,0,3/19/2025,3/19/2025,,,,Intel::DOMAIN,
ue.mediafire.com,MegaUploadSites,0,3/19/2025,3/19/2025,,,,Intel::DOMAIN,
ug.mediafire.com,MegaUploadSites,0,3/19/2025,3/19/2025,,,,Intel::DOMAIN,
ugdz032wylwlmxvmxutefhsrbc.mediafire.com,MegaUploadSites,0,3/19/2025,3/19/2025,,,,Intel::DOMAIN,
ugo4za5ucgc3cyuqhlty1i3l4a.mediafire.com,MegaUploadSites,0,3/19/2025,3/19/2025,,,,Intel::DOMAIN,
uh34dl0xnbwscj0knfskup0eoh.mediafire.com,MegaUploadSites,0,3/19/2025,3/19/2025,,,,Intel::DOMAIN,
uhccoe3t0kfmehphwcs2ryelvb.mediafire.com,MegaUploadSites,0,3/19/2025,3/19/2025,,,,Intel::DOMAIN,
uk.mediafire.com,MegaUploadSites,0,3/19/2025,3/19/2025,,,,Intel::DOMAIN,
unw.mediafire.com,MegaUploadSites,0,3/19/2025,3/19/2025,,,,Intel::DOMAIN,
uotrpmdrsg5aync34ftcswu40a.mediafire.com,MegaUploadSites,0,3/19/2025,3/19/2025,,,,Intel::DOMAIN,
up.mediafire.com,MegaUploadSites,0,3/19/2025,3/19/2025,,,,Intel::DOMAIN,
up.mx0.mediafire.com,MegaUploadSites,0,3/19/2025,3/19/2025,,,,Intel::DOMAIN,
us.mediafire.com,MegaUploadSites,0,3/19/2025,3/19/2025,,,,Intel::DOMAIN,
uspsmqlsr2ixajrw0mryfiyzja.mediafire.com,MegaUploadSites,0,3/19/2025,3/19/2025,,,,Intel::DOMAIN,
ut.mediafire.com,MegaUploadSites,0,3/19/2025,3/19/2025,,,,Intel::DOMAIN,
v.mediafire.com,MegaUploadSites,0,3/19/2025,3/19/2025,,,,Intel::DOMAIN,
v0s2rvbsjx5zwbv4d3teuyhn2d.mediafire.com,MegaUploadSites,0,3/19/2025,3/19/2025,,,,Intel::DOMAIN,
v10.nonxt5.c.mediafire.com,MegaUploadSites,0,3/19/2025,3/19/2025,,,,Intel::DOMAIN,
v3.mediafire.com,MegaUploadSites,0,3/19/2025,3/19/2025,,,,Intel::DOMAIN,
v4.mediafire.com,MegaUploadSites,0,3/19/2025,3/19/2025,,,,Intel::DOMAIN,
v4p5u2vtym11zvx4wdranomdxh.mediafire.com,MegaUploadSites,0,3/19/2025,3/19/2025,,,,Intel::DOMAIN,
v5.mediafire.com,MegaUploadSites,0,3/19/2025,3/19/2025,,,,Intel::DOMAIN,
v9.mediafire.com,MegaUploadSites,0,3/19/2025,3/19/2025,,,,Intel::DOMAIN,
vd.mediafire.com,MegaUploadSites,0,3/19/2025,3/19/2025,,,,Intel::DOMAIN,
ve.mediafire.com,MegaUploadSites,0,3/19/2025,3/19/2025,,,,Intel::DOMAIN,
vf.mediafire.com,MegaUploadSites,0,3/19/2025,3/19/2025,,,,Intel::DOMAIN,
vhdrjuuspgvlkm4wqmtgkuvfdh.mediafire.com,MegaUploadSites,0,3/19/2025,3/19/2025,,,,Intel::DOMAIN,
videodownload.mediafire.com,MegaUploadSites,0,3/19/2025,3/19/2025,,,,Intel::DOMAIN,
vk.mediafire.com,MegaUploadSites,0,3/19/2025,3/19/2025,,,,Intel::DOMAIN,
vl.mediafire.com,MegaUploadSites,0,3/19/2025,3/19/2025,,,,Intel::DOMAIN,
vm1acpfsh4aeeamoppqg5vtwta.mediafire.com,MegaUploadSites,0,3/19/2025,3/19/2025,,,,Intel::DOMAIN,
vmhqkr2w4kqszjwusps0mlv0sa.mediafire.com,MegaUploadSites,0,3/19/2025,3/19/2025,,,,Intel::DOMAIN,
vnomera.com.mediafire.com,MegaUploadSites,0,3/19/2025,3/19/2025,,,,Intel::DOMAIN,
vpn.c.mediafire.com,MegaUploadSites,0,3/19/2025,3/19/2025,,,,Intel::DOMAIN,
vrgb3xiqlu3v1caazirc33jekf.mediafire.com,MegaUploadSites,0,3/19/2025,3/19/2025,,,,Intel::DOMAIN,
vs.mediafire.com,MegaUploadSites,0,3/19/2025,3/19/2025,,,,Intel::DOMAIN,
vt.mediafire.com,MegaUploadSites,0,3/19/2025,3/19/2025,,,,Intel::DOMAIN,
vv.mediafire.com,MegaUploadSites,0,3/19/2025,3/19/2025,,,,Intel::DOMAIN,
vw.mediafire.com,MegaUploadSites,0,3/19/2025,3/19/2025,,,,Intel::DOMAIN,
vwww.mediafire.com,MegaUploadSites,0,3/19/2025,3/19/2025,,,,Intel::DOMAIN,
vx55c0xwmjnbvqahqjrefssypc.mediafire.com,MegaUploadSites,0,3/19/2025,3/19/2025,,,,Intel::DOMAIN,
w-w-w.mediafire.com,MegaUploadSites,0,3/19/2025,3/19/2025,,,,Intel::DOMAIN,
w.bbs.mediafire.com,MegaUploadSites,0,3/19/2025,3/19/2025,,,,Intel::DOMAIN,
w.mediafire.com,MegaUploadSites,0,3/19/2025,3/19/2025,,,,Intel::DOMAIN,
w.w.w.mediafire.com,MegaUploadSites,0,3/19/2025,3/19/2025,,,,Intel::DOMAIN,
w.ww.mediafire.com,MegaUploadSites,0,3/19/2025,3/19/2025,,,,Intel::DOMAIN,
w1.mediafire.com,MegaUploadSites,0,3/19/2025,3/19/2025,,,,Intel::DOMAIN,
w1k3lsirpeaonmmhintgh2dt2g.mediafire.com,MegaUploadSites,0,3/19/2025,3/19/2025,,,,Intel::DOMAIN,
w2e.mediafire.com,MegaUploadSites,0,3/19/2025,3/19/2025,,,,Intel::DOMAIN,
w3.mediafire.com,MegaUploadSites,0,3/19/2025,3/19/2025,,,,Intel::DOMAIN,
w5.mediafire.com,MegaUploadSites,0,3/19/2025,3/19/2025,,,,Intel::DOMAIN,
w53s0emqr2kwujptrrscktzc3f.mediafire.com,MegaUploadSites,0,3/19/2025,3/19/2025,,,,Intel::DOMAIN,
w5ywcqsqbeyihpwnperebwmedf.mediafire.com,MegaUploadSites,0,3/19/2025,3/19/2025,,,,Intel::DOMAIN,
w6.mediafire.com,MegaUploadSites,0,3/19/2025,3/19/2025,,,,Intel::DOMAIN,
w8.mediafire.com,MegaUploadSites,0,3/19/2025,3/19/2025,,,,Intel::DOMAIN,
w9.mediafire.com,MegaUploadSites,0,3/19/2025,3/19/2025,,,,Intel::DOMAIN,
wa5ifqnrywwnhcsw52scjxpbyf.mediafire.com,MegaUploadSites,0,3/19/2025,3/19/2025,,,,Intel::DOMAIN,
wbbc.cww.mediafire.com,MegaUploadSites,0,3/19/2025,3/19/2025,,,,Intel::DOMAIN,
wbbc.ww.mediafire.com,MegaUploadSites,0,3/19/2025,3/19/2025,,,,Intel::DOMAIN,
wbebessearch.cww.mediafire.com,MegaUploadSites,0,3/19/2025,3/19/2025,,,,Intel::DOMAIN,
wbebessearch.ww.mediafire.com,MegaUploadSites,0,3/19/2025,3/19/2025,,,,Intel::DOMAIN,
wbs4ag0xrpxlmkpvayqahezr0f.mediafire.com,MegaUploadSites,0,3/19/2025,3/19/2025,,,,Intel::DOMAIN,
wdcmvzmxnvlkyjjg0crspgyt3f.mediafire.com,MegaUploadSites,0,3/19/2025,3/19/2025,,,,Intel::DOMAIN,
we.mediafire.com,MegaUploadSites,0,3/19/2025,3/19/2025,,,,Intel::DOMAIN,
web.ftp.mediafire.com,MegaUploadSites,0,3/19/2025,3/19/2025,,,,Intel::DOMAIN,
web.mediafire.com,MegaUploadSites,0,3/19/2025,3/19/2025,,,,Intel::DOMAIN,
webdisk.cdn.mediafire.com,MegaUploadSites,0,3/19/2025,3/19/2025,,,,Intel::DOMAIN,
webmail.mediafire.com,MegaUploadSites,0,3/19/2025,3/19/2025,,,,Intel::DOMAIN,
wgoogle.comww.mediafire.com,MegaUploadSites,0,3/19/2025,3/19/2025,,,,Intel::DOMAIN,
wgoow.mediafire.com,MegaUploadSites,0,3/19/2025,3/19/2025,,,,Intel::DOMAIN,
wgoww.mediafire.com,MegaUploadSites,0,3/19/2025,3/19/2025,,,,Intel::DOMAIN,
wgww.mediafire.com,MegaUploadSites,0,3/19/2025,3/19/2025,,,,Intel::DOMAIN,
whm.mx.mediafire.com,MegaUploadSites,0,3/19/2025,3/19/2025,,,,Intel::DOMAIN,
wiki.ftp.mediafire.com,MegaUploadSites,0,3/19/2025,3/19/2025,,,,Intel::DOMAIN,
win.mediafire.com,MegaUploadSites,0,3/19/2025,3/19/2025,,,,Intel::DOMAIN,
witness.mediafire.com,MegaUploadSites,0,3/19/2025,3/19/2025,,,,Intel::DOMAIN,
witness.mx1.mediafire.com,MegaUploadSites,0,3/19/2025,3/19/2025,,,,Intel::DOMAIN,
wj1xjvaspgbdju34cgsmwcacnh.mediafire.com,MegaUploadSites,0,3/19/2025,3/19/2025,,,,Intel::DOMAIN,
wk.mediafire.com,MegaUploadSites,0,3/19/2025,3/19/2025,,,,Intel::DOMAIN,
wk0zxomtyo5ksljnugtspg0u2d.mediafire.com,MegaUploadSites,0,3/19/2025,3/19/2025,,,,Intel::DOMAIN,
wl.mediafire.com,MegaUploadSites,0,3/19/2025,3/19/2025,,,,Intel::DOMAIN,
wluww.mediafire.com,MegaUploadSites,0,3/19/2025,3/19/2025,,,,Intel::DOMAIN,
wlww.mediafire.com,MegaUploadSites,0,3/19/2025,3/19/2025,,,,Intel::DOMAIN,
wmww.mediafire.com,MegaUploadSites,0,3/19/2025,3/19/2025,,,,Intel::DOMAIN,
wnn.mediafire.com,MegaUploadSites,0,3/19/2025,3/19/2025,,,,Intel::DOMAIN,
wnxzkj5qsjmikhietkscjlfd3a.mediafire.com,MegaUploadSites,0,3/19/2025,3/19/2025,,,,Intel::DOMAIN,
wo.mediafire.com,MegaUploadSites,0,3/19/2025,3/19/2025,,,,Intel::DOMAIN,
wordpress.mx1.mediafire.com,MegaUploadSites,0,3/19/2025,3/19/2025,,,,Intel::DOMAIN,
wp.mediafire.com,MegaUploadSites,0,3/19/2025,3/19/2025,,,,Intel::DOMAIN,
wqwww.mediafire.com,MegaUploadSites,0,3/19/2025,3/19/2025,,,,Intel::DOMAIN,
wr3dx2yreknfdger2rteubvlrg.mediafire.com,MegaUploadSites,0,3/19/2025,3/19/2025,,,,Intel::DOMAIN,
wt.mediafire.com,MegaUploadSites,0,3/19/2025,3/19/2025,,,,Intel::DOMAIN,
wtr3ehhwujklnnd0vargurtbjd.mx7.mediafire.com,MegaUploadSites,0,3/19/2025,3/19/2025,,,,Intel::DOMAIN,
wv.mediafire.com,MegaUploadSites,0,3/19/2025,3/19/2025,,,,Intel::DOMAIN,
ww-dns1.w.mediafire.com,MegaUploadSites,0,3/19/2025,3/19/2025,,,,Intel::DOMAIN,
ww-mx0.w.mediafire.com,MegaUploadSites,0,3/19/2025,3/19/2025,,,,Intel::DOMAIN,
ww-ns1.w.mediafire.com,MegaUploadSites,0,3/19/2025,3/19/2025,,,,Intel::DOMAIN,
ww.cow.mediafire.com,MegaUploadSites,0,3/19/2025,3/19/2025,,,,Intel::DOMAIN,
ww.f.mediafire.com,MegaUploadSites,0,3/19/2025,3/19/2025,,,,Intel::DOMAIN,
ww.fa.mediafire.com,MegaUploadSites,0,3/19/2025,3/19/2025,,,,Intel::DOMAIN,
ww.mediafire.com,MegaUploadSites,0,3/19/2025,3/19/2025,,,,Intel::DOMAIN,
ww.remote.w.mediafire.com,MegaUploadSites,0,3/19/2025,3/19/2025,,,,Intel::DOMAIN,
ww.w.mediafire.com,MegaUploadSites,0,3/19/2025,3/19/2025,,,,Intel::DOMAIN,
ww1.mediafire.com,MegaUploadSites,0,3/19/2025,3/19/2025,,,,Intel::DOMAIN,
ww10.mx7.mediafire.com,MegaUploadSites,0,3/19/2025,3/19/2025,,,,Intel::DOMAIN,
ww11.mediafire.com,MegaUploadSites,0,3/19/2025,3/19/2025,,,,Intel::DOMAIN,
ww12.mediafire.com,MegaUploadSites,0,3/19/2025,3/19/2025,,,,Intel::DOMAIN,
ww12.mx.mediafire.com,MegaUploadSites,0,3/19/2025,3/19/2025,,,,Intel::DOMAIN,
ww13.mediafire.com,MegaUploadSites,0,3/19/2025,3/19/2025,,,,Intel::DOMAIN,
ww15.mediafire.com,MegaUploadSites,0,3/19/2025,3/19/2025,,,,Intel::DOMAIN,
ww2.mediafire.com,MegaUploadSites,0,3/19/2025,3/19/2025,,,,Intel::DOMAIN,
ww2.ww.mediafire.com,MegaUploadSites,0,3/19/2025,3/19/2025,,,,Intel::DOMAIN,
ww25.ww.mediafire.com,MegaUploadSites,0,3/19/2025,3/19/2025,,,,Intel::DOMAIN,
ww3.mediafire.com,MegaUploadSites,0,3/19/2025,3/19/2025,,,,Intel::DOMAIN,
ww35.ww.mediafire.com,MegaUploadSites,0,3/19/2025,3/19/2025,,,,Intel::DOMAIN,
ww4.mediafire.com,MegaUploadSites,0,3/19/2025,3/19/2025,,,,Intel::DOMAIN,
ww5.mediafire.com,MegaUploadSites,0,3/19/2025,3/19/2025,,,,Intel::DOMAIN,
ww6.mediafire.com,MegaUploadSites,0,3/19/2025,3/19/2025,,,,Intel::DOMAIN,
ww7.mediafire.com,MegaUploadSites,0,3/19/2025,3/19/2025,,,,Intel::DOMAIN,
ww8.mediafire.com,MegaUploadSites,0,3/19/2025,3/19/2025,,,,Intel::DOMAIN,
ww9.mediafire.com,MegaUploadSites,0,3/19/2025,3/19/2025,,,,Intel::DOMAIN,
ww99.mediafire.com,MegaUploadSites,0,3/19/2025,3/19/2025,,,,Intel::DOMAIN,
wwd.ftp.mediafire.com,MegaUploadSites,0,3/19/2025,3/19/2025,,,,Intel::DOMAIN,
wwe.mediafire.com,MegaUploadSites,0,3/19/2025,3/19/2025,,,,Intel::DOMAIN,
wwgoogle.ow.mediafire.com,MegaUploadSites,0,3/19/2025,3/19/2025,,,,Intel::DOMAIN,
wwgoogle.w.mediafire.com,MegaUploadSites,0,3/19/2025,3/19/2025,,,,Intel::DOMAIN,
wwtest.w.mediafire.com,MegaUploadSites,0,3/19/2025,3/19/2025,,,,Intel::DOMAIN,
wwv.mediafire.com,MegaUploadSites,0,3/19/2025,3/19/2025,,,,Intel::DOMAIN,
www.0.mediafire.com,MegaUploadSites,0,3/19/2025,3/19/2025,,,,Intel::DOMAIN,
www.1.mediafire.com,MegaUploadSites,0,3/19/2025,3/19/2025,,,,Intel::DOMAIN,
www.2.mediafire.com,MegaUploadSites,0,3/19/2025,3/19/2025,,,,Intel::DOMAIN,
www.20w.mediafire.com,MegaUploadSites,0,3/19/2025,3/19/2025,,,,Intel::DOMAIN,
www.222.mediafire.com,MegaUploadSites,0,3/19/2025,3/19/2025,,,,Intel::DOMAIN,
www.3.mediafire.com,MegaUploadSites,0,3/19/2025,3/19/2025,,,,Intel::DOMAIN,
www.3w.mediafire.com,MegaUploadSites,0,3/19/2025,3/19/2025,,,,Intel::DOMAIN,
www.445.mediafire.com,MegaUploadSites,0,3/19/2025,3/19/2025,,,,Intel::DOMAIN,
www.80bola.com.mediafire.com,MegaUploadSites,0,3/19/2025,3/19/2025,,,,Intel::DOMAIN,
www.933.mediafire.com,MegaUploadSites,0,3/19/2025,3/19/2025,,,,Intel::DOMAIN,
www.a.mediafire.com,MegaUploadSites,0,3/19/2025,3/19/2025,,,,Intel::DOMAIN,
www.afra1.com.mediafire.com,MegaUploadSites,0,3/19/2025,3/19/2025,,,,Intel::DOMAIN,
www.anonym.to.mediafire.com,MegaUploadSites,0,3/19/2025,3/19/2025,,,,Intel::DOMAIN,
www.azo.mediafire.com,MegaUploadSites,0,3/19/2025,3/19/2025,,,,Intel::DOMAIN,
www.b.mediafire.com,MegaUploadSites,0,3/19/2025,3/19/2025,,,,Intel::DOMAIN,
www.ba.mediafire.com,MegaUploadSites,0,3/19/2025,3/19/2025,,,,Intel::DOMAIN,
www.bay.mediafire.com,MegaUploadSites,0,3/19/2025,3/19/2025,,,,Intel::DOMAIN,
www.bayportcu.co.mediafire.com,MegaUploadSites,0,3/19/2025,3/19/2025,,,,Intel::DOMAIN,
www.bayportcu.com.mediafire.com,MegaUploadSites,0,3/19/2025,3/19/2025,,,,Intel::DOMAIN,
www.bj.mediafire.com,MegaUploadSites,0,3/19/2025,3/19/2025,,,,Intel::DOMAIN,
www.cd.mediafire.com,MegaUploadSites,0,3/19/2025,3/19/2025,,,,Intel::DOMAIN,
www.cdn.mediafire.com,MegaUploadSites,0,3/19/2025,3/19/2025,,,,Intel::DOMAIN,
www.cherrycredits.mediafire.com,MegaUploadSites,0,3/19/2025,3/19/2025,,,,Intel::DOMAIN,
www.cms.mediafire.com,MegaUploadSites,0,3/19/2025,3/19/2025,,,,Intel::DOMAIN,
www.cnb.mediafire.com,MegaUploadSites,0,3/19/2025,3/19/2025,,,,Intel::DOMAIN,
www.cnd.mediafire.com,MegaUploadSites,0,3/19/2025,3/19/2025,,,,Intel::DOMAIN,
www.cnet.com.mediafire.com,MegaUploadSites,0,3/19/2025,3/19/2025,,,,Intel::DOMAIN,
www.co.mediafire.com,MegaUploadSites,0,3/19/2025,3/19/2025,,,,Intel::DOMAIN,
www.com.mediafire.com,MegaUploadSites,0,3/19/2025,3/19/2025,,,,Intel::DOMAIN,
www.de.mediafire.com,MegaUploadSites,0,3/19/2025,3/19/2025,,,,Intel::DOMAIN,
www.dev.mediafire.com,MegaUploadSites,0,3/19/2025,3/19/2025,,,,Intel::DOMAIN,
www.dl.mediafire.com,MegaUploadSites,0,3/19/2025,3/19/2025,,,,Intel::DOMAIN,
www.download.197.mediafire.com,MegaUploadSites,0,3/19/2025,3/19/2025,,,,Intel::DOMAIN,
www.download1516.mx1.mediafire.com,MegaUploadSites,0,3/19/2025,3/19/2025,,,,Intel::DOMAIN,
www.download1516.ns.mediafire.com,MegaUploadSites,0,3/19/2025,3/19/2025,,,,Intel::DOMAIN,
www.download2041.mx2.mediafire.com,MegaUploadSites,0,3/19/2025,3/19/2025,,,,Intel::DOMAIN,
www.download2109.mx.mediafire.com,MegaUploadSites,0,3/19/2025,3/19/2025,,,,Intel::DOMAIN,
www.download2109.mx1.mediafire.com,MegaUploadSites,0,3/19/2025,3/19/2025,,,,Intel::DOMAIN,
www.download30.mx7.mediafire.com,MegaUploadSites,0,3/19/2025,3/19/2025,,,,Intel::DOMAIN,
www.download771.ns.mediafire.com,MegaUploadSites,0,3/19/2025,3/19/2025,,,,Intel::DOMAIN,
www.dr3-gulf.comwww.mediafire.com,MegaUploadSites,0,3/19/2025,3/19/2025,,,,Intel::DOMAIN,
www.dr3-gulf.cowww.mediafire.com,MegaUploadSites,0,3/19/2025,3/19/2025,,,,Intel::DOMAIN,
www.dr3-gulf.cwww.mediafire.com,MegaUploadSites,0,3/19/2025,3/19/2025,,,,Intel::DOMAIN,
www.dr3-gulf.www.mediafire.com,MegaUploadSites,0,3/19/2025,3/19/2025,,,,Intel::DOMAIN,
www.dwww.mediafire.com,MegaUploadSites,0,3/19/2025,3/19/2025,,,,Intel::DOMAIN,
www.ebay.mediafire.com,MegaUploadSites,0,3/19/2025,3/19/2025,,,,Intel::DOMAIN,
www.es.mediafire.com,MegaUploadSites,0,3/19/2025,3/19/2025,,,,Intel::DOMAIN,
www.facebook.com.mediafire.com,MegaUploadSites,0,3/19/2025,3/19/2025,,,,Intel::DOMAIN,
www.fark.cowww.mediafire.com,MegaUploadSites,0,3/19/2025,3/19/2025,,,,Intel::DOMAIN,
www.fo.mediafire.com,MegaUploadSites,0,3/19/2025,3/19/2025,,,,Intel::DOMAIN,
www.foxnews.co.mediafire.com,MegaUploadSites,0,3/19/2025,3/19/2025,,,,Intel::DOMAIN,
www.fr.mediafire.com,MegaUploadSites,0,3/19/2025,3/19/2025,,,,Intel::DOMAIN,
www.g.mediafire.com,MegaUploadSites,0,3/19/2025,3/19/2025,,,,Intel::DOMAIN,
www.ge.mediafire.com,MegaUploadSites,0,3/19/2025,3/19/2025,,,,Intel::DOMAIN,
www.google.co.mediafire.com,MegaUploadSites,0,3/19/2025,3/19/2025,,,,Intel::DOMAIN,
www.google.com.cww.mediafire.com,MegaUploadSites,0,3/19/2025,3/19/2025,,,,Intel::DOMAIN,
www.google.com.mediafire.com,MegaUploadSites,0,3/19/2025,3/19/2025,,,,Intel::DOMAIN,
www.google.comwww.mediafire.com,MegaUploadSites,0,3/19/2025,3/19/2025,,,,Intel::DOMAIN,
www.google.cow.mediafire.com,MegaUploadSites,0,3/19/2025,3/19/2025,,,,Intel::DOMAIN,
www.h.mediafire.com,MegaUploadSites,0,3/19/2025,3/19/2025,,,,Intel::DOMAIN,
www.hotfileturkiye.com.mediafire.com,MegaUploadSites,0,3/19/2025,3/19/2025,,,,Intel::DOMAIN,
www.iberusa.pt.mediafire.com,MegaUploadSites,0,3/19/2025,3/19/2025,,,,Intel::DOMAIN,
www.j.mediafire.com,MegaUploadSites,0,3/19/2025,3/19/2025,,,,Intel::DOMAIN,
www.jav.mediafire.com,MegaUploadSites,0,3/19/2025,3/19/2025,,,,Intel::DOMAIN,
www.lwarb.com.mediafire.com,MegaUploadSites,0,3/19/2025,3/19/2025,,,,Intel::DOMAIN,
www.m.com.mediafire.com,MegaUploadSites,0,3/19/2025,3/19/2025,,,,Intel::DOMAIN,
www.m.mediafire.com,MegaUploadSites,0,3/19/2025,3/19/2025,,,,Intel::DOMAIN,
www.mail.mediafire.com,MegaUploadSites,0,3/19/2025,3/19/2025,,,,Intel::DOMAIN,
www.mdm.mediafire.com,MegaUploadSites,0,3/19/2025,3/19/2025,,,,Intel::DOMAIN,
www.mediafire.com,MegaUploadSites,0,3/19/2025,3/19/2025,,,,Intel::DOMAIN,
www.mediafire.com.mediafire.com,MegaUploadSites,0,3/19/2025,3/19/2025,,,,Intel::DOMAIN,
www.mediafire.cwww.mediafire.com,MegaUploadSites,0,3/19/2025,3/19/2025,,,,Intel::DOMAIN,
www.mediafirwww.mediafire.com,MegaUploadSites,0,3/19/2025,3/19/2025,,,,Intel::DOMAIN,
www.megaupload.co.mediafire.com,MegaUploadSites,0,3/19/2025,3/19/2025,,,,Intel::DOMAIN,
www.megaupload.com.mediafire.com,MegaUploadSites,0,3/19/2025,3/19/2025,,,,Intel::DOMAIN,
www.metropcs.mwww.mediafire.com,MegaUploadSites,0,3/19/2025,3/19/2025,,,,Intel::DOMAIN,
www.n.mediafire.com,MegaUploadSites,0,3/19/2025,3/19/2025,,,,Intel::DOMAIN,
www.ne.mediafire.com,MegaUploadSites,0,3/19/2025,3/19/2025,,,,Intel::DOMAIN,
www.nn.mediafire.com,MegaUploadSites,0,3/19/2025,3/19/2025,,,,Intel::DOMAIN,
www.p.com.mediafire.com,MegaUploadSites,0,3/19/2025,3/19/2025,,,,Intel::DOMAIN,
www.pro.com.mediafire.com,MegaUploadSites,0,3/19/2025,3/19/2025,,,,Intel::DOMAIN,
www.proxy.mediafire.com,MegaUploadSites,0,3/19/2025,3/19/2025,,,,Intel::DOMAIN,
www.sanjeshearta.com.mediafire.com,MegaUploadSites,0,3/19/2025,3/19/2025,,,,Intel::DOMAIN,
www.sb.mediafire.com,MegaUploadSites,0,3/19/2025,3/19/2025,,,,Intel::DOMAIN,
www.search.ask.mediafire.com,MegaUploadSites,0,3/19/2025,3/19/2025,,,,Intel::DOMAIN,
www.searchshared.com.mediafire.com,MegaUploadSites,0,3/19/2025,3/19/2025,,,,Intel::DOMAIN,
www.sheepproductions.com940.mediafire.com,MegaUploadSites,0,3/19/2025,3/19/2025,,,,Intel::DOMAIN,
www.subito.it.mediafire.com,MegaUploadSites,0,3/19/2025,3/19/2025,,,,Intel::DOMAIN,
www.th.mediafire.com,MegaUploadSites,0,3/19/2025,3/19/2025,,,,Intel::DOMAIN,
www.tubemate.apk.mediafire.com,MegaUploadSites,0,3/19/2025,3/19/2025,,,,Intel::DOMAIN,
www.up.mediafire.com,MegaUploadSites,0,3/19/2025,3/19/2025,,,,Intel::DOMAIN,
www.v.mediafire.com,MegaUploadSites,0,3/19/2025,3/19/2025,,,,Intel::DOMAIN,
www.vc.mediafire.com,MegaUploadSites,0,3/19/2025,3/19/2025,,,,Intel::DOMAIN,
www.vf.mediafire.com,MegaUploadSites,0,3/19/2025,3/19/2025,,,,Intel::DOMAIN,
www.vnomera.com.mediafire.com,MegaUploadSites,0,3/19/2025,3/19/2025,,,,Intel::DOMAIN,
www.w.mediafire.com,MegaUploadSites,0,3/19/2025,3/19/2025,,,,Intel::DOMAIN,
www.ww.mediafire.com,MegaUploadSites,0,3/19/2025,3/19/2025,,,,Intel::DOMAIN,
www.www.mediafire.com,MegaUploadSites,0,3/19/2025,3/19/2025,,,,Intel::DOMAIN,
www.www.mx1.mediafire.com,MegaUploadSites,0,3/19/2025,3/19/2025,,,,Intel::DOMAIN,
www.wwww.mediafire.com,MegaUploadSites,0,3/19/2025,3/19/2025,,,,Intel::DOMAIN,
www.x.mediafire.com,MegaUploadSites,0,3/19/2025,3/19/2025,,,,Intel::DOMAIN,
www.xvideos.com.mediafire.com,MegaUploadSites,0,3/19/2025,3/19/2025,,,,Intel::DOMAIN,
www.y.mediafire.com,MegaUploadSites,0,3/19/2025,3/19/2025,,,,Intel::DOMAIN,
www.ya.mediafire.com,MegaUploadSites,0,3/19/2025,3/19/2025,,,,Intel::DOMAIN,
www.yahoo.fr.mediafire.com,MegaUploadSites,0,3/19/2025,3/19/2025,,,,Intel::DOMAIN,
www.yahoo.mediafire.com,MegaUploadSites,0,3/19/2025,3/19/2025,,,,Intel::DOMAIN,
www.youtwww.mediafire.com,MegaUploadSites,0,3/19/2025,3/19/2025,,,,Intel::DOMAIN,
www.zlib1.dll.mediafire.com,MegaUploadSites,0,3/19/2025,3/19/2025,,,,Intel::DOMAIN,
www0.mediafire.com,MegaUploadSites,0,3/19/2025,3/19/2025,,,,Intel::DOMAIN,
www1.k8s.mediafire.com,MegaUploadSites,0,3/19/2025,3/19/2025,,,,Intel::DOMAIN,
www1.mediafire.com,MegaUploadSites,0,3/19/2025,3/19/2025,,,,Intel::DOMAIN,
www1.mx7.mediafire.com,MegaUploadSites,0,3/19/2025,3/19/2025,,,,Intel::DOMAIN,
www10.mediafire.com,MegaUploadSites,0,3/19/2025,3/19/2025,,,,Intel::DOMAIN,
www11.mediafire.com,MegaUploadSites,0,3/19/2025,3/19/2025,,,,Intel::DOMAIN,
www12.mediafire.com,MegaUploadSites,0,3/19/2025,3/19/2025,,,,Intel::DOMAIN,
www13.mediafire.com,MegaUploadSites,0,3/19/2025,3/19/2025,,,,Intel::DOMAIN,
www14.mediafire.com,MegaUploadSites,0,3/19/2025,3/19/2025,,,,Intel::DOMAIN,
www15.mediafire.com,MegaUploadSites,0,3/19/2025,3/19/2025,,,,Intel::DOMAIN,
www16.mediafire.com,MegaUploadSites,0,3/19/2025,3/19/2025,,,,Intel::DOMAIN,
www16.mx.mediafire.com,MegaUploadSites,0,3/19/2025,3/19/2025,,,,Intel::DOMAIN,
www19.mx2.mediafire.com,MegaUploadSites,0,3/19/2025,3/19/2025,,,,Intel::DOMAIN,
www2.mediafire.com,MegaUploadSites,0,3/19/2025,3/19/2025,,,,Intel::DOMAIN,
www2.mx7.mediafire.com,MegaUploadSites,0,3/19/2025,3/19/2025,,,,Intel::DOMAIN,
www26.mediafire.com,MegaUploadSites,0,3/19/2025,3/19/2025,,,,Intel::DOMAIN,
www3.mediafire.com,MegaUploadSites,0,3/19/2025,3/19/2025,,,,Intel::DOMAIN,
www4.mediafire.com,MegaUploadSites,0,3/19/2025,3/19/2025,,,,Intel::DOMAIN,
www444.api.mediafire.com,MegaUploadSites,0,3/19/2025,3/19/2025,,,,Intel::DOMAIN,
www5.mediafire.com,MegaUploadSites,0,3/19/2025,3/19/2025,,,,Intel::DOMAIN,
www6.mediafire.com,MegaUploadSites,0,3/19/2025,3/19/2025,,,,Intel::DOMAIN,
www7.mediafire.com,MegaUploadSites,0,3/19/2025,3/19/2025,,,,Intel::DOMAIN,
www8.mediafire.com,MegaUploadSites,0,3/19/2025,3/19/2025,,,,Intel::DOMAIN,
www9.mediafire.com,MegaUploadSites,0,3/19/2025,3/19/2025,,,,Intel::DOMAIN,
wwwaz.mediafire.com,MegaUploadSites,0,3/19/2025,3/19/2025,,,,Intel::DOMAIN,
wwwelbo.ws.mediafire.com,MegaUploadSites,0,3/19/2025,3/19/2025,,,,Intel::DOMAIN,
wwwf.mediafire.com,MegaUploadSites,0,3/19/2025,3/19/2025,,,,Intel::DOMAIN,
wwwg.mediafire.com,MegaUploadSites,0,3/19/2025,3/19/2025,,,,Intel::DOMAIN,
wwwgo.mediafire.com,MegaUploadSites,0,3/19/2025,3/19/2025,,,,Intel::DOMAIN,
wwwk.mediafire.com,MegaUploadSites,0,3/19/2025,3/19/2025,,,,Intel::DOMAIN,
wwwm.mediafire.com,MegaUploadSites,0,3/19/2025,3/19/2025,,,,Intel::DOMAIN,
wwwo.mediafire.com,MegaUploadSites,0,3/19/2025,3/19/2025,,,,Intel::DOMAIN,
wwwogle.c.mediafire.com,MegaUploadSites,0,3/19/2025,3/19/2025,,,,Intel::DOMAIN,
wwwogle.co.mediafire.com,MegaUploadSites,0,3/19/2025,3/19/2025,,,,Intel::DOMAIN,
wwwogle.com.mediafire.com,MegaUploadSites,0,3/19/2025,3/19/2025,,,,Intel::DOMAIN,
wwwon.mediafire.com,MegaUploadSites,0,3/19/2025,3/19/2025,,,,Intel::DOMAIN,
wwwoo.mediafire.com,MegaUploadSites,0,3/19/2025,3/19/2025,,,,Intel::DOMAIN,
wwwoogle.c.mediafire.com,MegaUploadSites,0,3/19/2025,3/19/2025,,,,Intel::DOMAIN,
wwwoogle.co.mediafire.com,MegaUploadSites,0,3/19/2025,3/19/2025,,,,Intel::DOMAIN,
wwwoogle.com.mediafire.com,MegaUploadSites,0,3/19/2025,3/19/2025,,,,Intel::DOMAIN,
wwws.mediafire.com,MegaUploadSites,0,3/19/2025,3/19/2025,,,,Intel::DOMAIN,
wwwtamilpeek.c.mediafire.com,MegaUploadSites,0,3/19/2025,3/19/2025,,,,Intel::DOMAIN,
wwwtamilpeek.co.mediafire.com,MegaUploadSites,0,3/19/2025,3/19/2025,,,,Intel::DOMAIN,
wwwtamilpeek.com.mediafire.com,MegaUploadSites,0,3/19/2025,3/19/2025,,,,Intel::DOMAIN,
wwww.mediafire.com,MegaUploadSites,0,3/19/2025,3/19/2025,,,,Intel::DOMAIN,
wwww.ww.mediafire.com,MegaUploadSites,0,3/19/2025,3/19/2025,,,,Intel::DOMAIN,
wwwww.mediafire.com,MegaUploadSites,0,3/19/2025,3/19/2025,,,,Intel::DOMAIN,
wwwyoutube.com.mediafire.com,MegaUploadSites,0,3/19/2025,3/19/2025,,,,Intel::DOMAIN,
wx.mediafire.com,MegaUploadSites,0,3/19/2025,3/19/2025,,,,Intel::DOMAIN,
wxw.mediafire.com,MegaUploadSites,0,3/19/2025,3/19/2025,,,,Intel::DOMAIN,
wzhmozgrjlbvbrj01uqueky3ta.mediafire.com,MegaUploadSites,0,3/19/2025,3/19/2025,,,,Intel::DOMAIN,
x.mediafire.com,MegaUploadSites,0,3/19/2025,3/19/2025,,,,Intel::DOMAIN,
x0.mediafire.com,MegaUploadSites,0,3/19/2025,3/19/2025,,,,Intel::DOMAIN,
x1cibcnxesdif2jvhxtuevix3d.mediafire.com,MegaUploadSites,0,3/19/2025,3/19/2025,,,,Intel::DOMAIN,
x2.mediafire.com,MegaUploadSites,0,3/19/2025,3/19/2025,,,,Intel::DOMAIN,
x3.mediafire.com,MegaUploadSites,0,3/19/2025,3/19/2025,,,,Intel::DOMAIN,
x3eifyqt1qyl5cltwttyugdrbc.mediafire.com,MegaUploadSites,0,3/19/2025,3/19/2025,,,,Intel::DOMAIN,
x3q2l0yraniivobaghtali1pch.mediafire.com,MegaUploadSites,0,3/19/2025,3/19/2025,,,,Intel::DOMAIN,
x4wmbv3u4qid5u3guxr2krjvra.mediafire.com,MegaUploadSites,0,3/19/2025,3/19/2025,,,,Intel::DOMAIN,
x6.mediafire.com,MegaUploadSites,0,3/19/2025,3/19/2025,,,,Intel::DOMAIN,
x7.mediafire.com,MegaUploadSites,0,3/19/2025,3/19/2025,,,,Intel::DOMAIN,
xd.mediafire.com,MegaUploadSites,0,3/19/2025,3/19/2025,,,,Intel::DOMAIN,
xe.mediafire.com,MegaUploadSites,0,3/19/2025,3/19/2025,,,,Intel::DOMAIN,
xj5xwtfux1qkedf4dsqmnnos2e.mediafire.com,MegaUploadSites,0,3/19/2025,3/19/2025,,,,Intel::DOMAIN,
xk.mediafire.com,MegaUploadSites,0,3/19/2025,3/19/2025,,,,Intel::DOMAIN,
xmbwfk1xpzkrrofx5ltei1jedf.mediafire.com,MegaUploadSites,0,3/19/2025,3/19/2025,,,,Intel::DOMAIN,
xn--www-bfa.mediafire.com,MegaUploadSites,0,3/19/2025,3/19/2025,,,,Intel::DOMAIN,
xn10y3bvkeyslrwunusaaptcue.mediafire.com,MegaUploadSites,0,3/19/2025,3/19/2025,,,,Intel::DOMAIN,
xrybpoxu4123ltrbczrk5ka3ue.mediafire.com,MegaUploadSites,0,3/19/2025,3/19/2025,,,,Intel::DOMAIN,
xt.mediafire.com,MegaUploadSites,0,3/19/2025,3/19/2025,,,,Intel::DOMAIN,
xw.mediafire.com,MegaUploadSites,0,3/19/2025,3/19/2025,,,,Intel::DOMAIN,
xw5motqqwlm0qnhlf4tc302mle.mediafire.com,MegaUploadSites,0,3/19/2025,3/19/2025,,,,Intel::DOMAIN,
xx.mediafire.com,MegaUploadSites,0,3/19/2025,3/19/2025,,,,Intel::DOMAIN,
xxsnkmtwcqjweyk5tjscjz44th.mediafire.com,MegaUploadSites,0,3/19/2025,3/19/2025,,,,Intel::DOMAIN,
xxx.mediafire.com,MegaUploadSites,0,3/19/2025,3/19/2025,,,,Intel::DOMAIN,
xy.download2265.mediafire.com,MegaUploadSites,0,3/19/2025,3/19/2025,,,,Intel::DOMAIN,
y.mediafire.com,MegaUploadSites,0,3/19/2025,3/19/2025,,,,Intel::DOMAIN,
y0kthd0wsz3csmabjcry1tq0ec.bbs.mediafire.com,MegaUploadSites,0,3/19/2025,3/19/2025,,,,Intel::DOMAIN,
y2.mediafire.com,MegaUploadSites,0,3/19/2025,3/19/2025,,,,Intel::DOMAIN,
y2lrbc3rcqdfda4a1frcx5inlg.mediafire.com,MegaUploadSites,0,3/19/2025,3/19/2025,,,,Intel::DOMAIN,
y6.mediafire.com,MegaUploadSites,0,3/19/2025,3/19/2025,,,,Intel::DOMAIN,
ya5mzrvvz3vdgyemp0tg0hchvf.mx1.mediafire.com,MegaUploadSites,0,3/19/2025,3/19/2025,,,,Intel::DOMAIN,
yagwu4ds52j0qnqfdtscly4zfe.mediafire.com,MegaUploadSites,0,3/19/2025,3/19/2025,,,,Intel::DOMAIN,
yblmvwewpmfi1rwy54t0fmtedf.mediafire.com,MegaUploadSites,0,3/19/2025,3/19/2025,,,,Intel::DOMAIN,
yc1asuvviugzkqhytpssdryvqc.mediafire.com,MegaUploadSites,0,3/19/2025,3/19/2025,,,,Intel::DOMAIN,
yd.mediafire.com,MegaUploadSites,0,3/19/2025,3/19/2025,,,,Intel::DOMAIN,
ye.mediafire.com,MegaUploadSites,0,3/19/2025,3/19/2025,,,,Intel::DOMAIN,
yfrhn.ww.mediafire.com,MegaUploadSites,0,3/19/2025,3/19/2025,,,,Intel::DOMAIN,
yh142.cn.mediafire.com,MegaUploadSites,0,3/19/2025,3/19/2025,,,,Intel::DOMAIN,
yhzbsmrwoozwa3n0ugssfrseaa.mediafire.com,MegaUploadSites,0,3/19/2025,3/19/2025,,,,Intel::DOMAIN,
yjzgy.cn.mediafire.com,MegaUploadSites,0,3/19/2025,3/19/2025,,,,Intel::DOMAIN,
yjzhg.cn.mediafire.com,MegaUploadSites,0,3/19/2025,3/19/2025,,,,Intel::DOMAIN,
yk.mediafire.com,MegaUploadSites,0,3/19/2025,3/19/2025,,,,Intel::DOMAIN,
ykcjk.cn.mediafire.com,MegaUploadSites,0,3/19/2025,3/19/2025,,,,Intel::DOMAIN,
yo.mediafire.com,MegaUploadSites,0,3/19/2025,3/19/2025,,,,Intel::DOMAIN,
yoreparo.comwww.mediafire.com,MegaUploadSites,0,3/19/2025,3/19/2025,,,,Intel::DOMAIN,
youjizz.com.mediafire.com,MegaUploadSites,0,3/19/2025,3/19/2025,,,,Intel::DOMAIN,
ys.mediafire.com,MegaUploadSites,0,3/19/2025,3/19/2025,,,,Intel::DOMAIN,
yu.mediafire.com,MegaUploadSites,0,3/19/2025,3/19/2025,,,,Intel::DOMAIN,
yw.mediafire.com,MegaUploadSites,0,3/19/2025,3/19/2025,,,,Intel::DOMAIN,
yx.mediafire.com,MegaUploadSites,0,3/19/2025,3/19/2025,,,,Intel::DOMAIN,
yy.mediafire.com,MegaUploadSites,0,3/19/2025,3/19/2025,,,,Intel::DOMAIN,
yyyinksu5gh0rw0sjdtsoxrprc.mediafire.com,MegaUploadSites,0,3/19/2025,3/19/2025,,,,Intel::DOMAIN,
z.mediafire.com,MegaUploadSites,0,3/19/2025,3/19/2025,,,,Intel::DOMAIN,
z0.mediafire.com,MegaUploadSites,0,3/19/2025,3/19/2025,,,,Intel::DOMAIN,
z05ixp2smmokgxojqftu5hnike.mediafire.com,MegaUploadSites,0,3/19/2025,3/19/2025,,,,Intel::DOMAIN,
z1.mediafire.com,MegaUploadSites,0,3/19/2025,3/19/2025,,,,Intel::DOMAIN,
z1y1q5vqeumamsvfzdqqefzd0c.mediafire.com,MegaUploadSites,0,3/19/2025,3/19/2025,,,,Intel::DOMAIN,
z2.mediafire.com,MegaUploadSites,0,3/19/2025,3/19/2025,,,,Intel::DOMAIN,
z4.mediafire.com,MegaUploadSites,0,3/19/2025,3/19/2025,,,,Intel::DOMAIN,
z7.mediafire.com,MegaUploadSites,0,3/19/2025,3/19/2025,,,,Intel::DOMAIN,
z8.mediafire.com,MegaUploadSites,0,3/19/2025,3/19/2025,,,,Intel::DOMAIN,
zabranjeno-pusenje.mediafire.com,MegaUploadSites,0,3/19/2025,3/19/2025,,,,Intel::DOMAIN,
zc.mediafire.com,MegaUploadSites,0,3/19/2025,3/19/2025,,,,Intel::DOMAIN,
zcaaaqvrjtalgeqab0q4z5w40a.mediafire.com,MegaUploadSites,0,3/19/2025,3/19/2025,,,,Intel::DOMAIN,
zdjcncasuag1wmgqeyqoeix05g.mx1.mediafire.com,MegaUploadSites,0,3/19/2025,3/19/2025,,,,Intel::DOMAIN,
zend.mediafire.com,MegaUploadSites,0,3/19/2025,3/19/2025,,,,Intel::DOMAIN,
zerw.mediafire.com,MegaUploadSites,0,3/19/2025,3/19/2025,,,,Intel::DOMAIN,
zf.mediafire.com,MegaUploadSites,0,3/19/2025,3/19/2025,,,,Intel::DOMAIN,
zfs.api.mediafire.com,MegaUploadSites,0,3/19/2025,3/19/2025,,,,Intel::DOMAIN,
zfs.mediafire.com,MegaUploadSites,0,3/19/2025,3/19/2025,,,,Intel::DOMAIN,
zfs2.mediafire.com,MegaUploadSites,0,3/19/2025,3/19/2025,,,,Intel::DOMAIN,
zn.mediafire.com,MegaUploadSites,0,3/19/2025,3/19/2025,,,,Intel::DOMAIN,
znf4gigs2ndxins0artaqiamsb.mediafire.com,MegaUploadSites,0,3/19/2025,3/19/2025,,,,Intel::DOMAIN,
zpag.eswww.mediafire.com,MegaUploadSites,0,3/19/2025,3/19/2025,,,,Intel::DOMAIN,
zpag.ewww.mediafire.com,MegaUploadSites,0,3/19/2025,3/19/2025,,,,Intel::DOMAIN,
zpag.www.mediafire.com,MegaUploadSites,0,3/19/2025,3/19/2025,,,,Intel::DOMAIN,
zpwww.mediafire.com,MegaUploadSites,0,3/19/2025,3/19/2025,,,,Intel::DOMAIN,
zqndlbesn5vessfrzoqg25wfgg.ftp.mediafire.com,MegaUploadSites,0,3/19/2025,3/19/2025,,,,Intel::DOMAIN,
zw.mediafire.com,MegaUploadSites,0,3/19/2025,3/19/2025,,,,Intel::DOMAIN,
zwww.mediafire.com,MegaUploadSites,0,3/19/2025,3/19/2025,,,,Intel::DOMAIN,
zy.mediafire.com,MegaUploadSites,0,3/19/2025,3/19/2025,,,,Intel::DOMAIN,
zy3vb43q1rfclrcc35tsuejo0b.mediafire.com,MegaUploadSites,0,3/19/2025,3/19/2025,,,,Intel::DOMAIN,
zz.mediafire.com,MegaUploadSites,0,3/19/2025,3/19/2025,,,,Intel::DOMAIN,
zzw.mediafire.com,MegaUploadSites,0,3/19/2025,3/19/2025,,,,Intel::DOMAIN,
0-2.mega.nz,MegaUploadSites,0,3/19/2025,3/19/2025,,,,Intel::DOMAIN,
0-5.mega.nz,MegaUploadSites,0,3/19/2025,3/19/2025,,,,Intel::DOMAIN,
0-8.mega.nz,MegaUploadSites,0,3/19/2025,3/19/2025,,,,Intel::DOMAIN,
0-9.mega.nz,MegaUploadSites,0,3/19/2025,3/19/2025,,,,Intel::DOMAIN,
0.0.2.mega.nz,MegaUploadSites,0,3/19/2025,3/19/2025,,,,Intel::DOMAIN,
0.0.mega.nz,MegaUploadSites,0,3/19/2025,3/19/2025,,,,Intel::DOMAIN,
0.2.mega.nz,MegaUploadSites,0,3/19/2025,3/19/2025,,,,Intel::DOMAIN,
0.m.mega.nz,MegaUploadSites,0,3/19/2025,3/19/2025,,,,Intel::DOMAIN,
0.mega.nz,MegaUploadSites,0,3/19/2025,3/19/2025,,,,Intel::DOMAIN,
0.urc.ac.ru.mega.nz,MegaUploadSites,0,3/19/2025,3/19/2025,,,,Intel::DOMAIN,
00.mega.nz,MegaUploadSites,0,3/19/2025,3/19/2025,,,,Intel::DOMAIN,
0002b.win.mega.nz,MegaUploadSites,0,3/19/2025,3/19/2025,,,,Intel::DOMAIN,
0005s.win.mega.nz,MegaUploadSites,0,3/19/2025,3/19/2025,,,,Intel::DOMAIN,
0007g.win.mega.nz,MegaUploadSites,0,3/19/2025,3/19/2025,,,,Intel::DOMAIN,
01.mega.nz,MegaUploadSites,0,3/19/2025,3/19/2025,,,,Intel::DOMAIN,
02.mega.nz,MegaUploadSites,0,3/19/2025,3/19/2025,,,,Intel::DOMAIN,
02cms.mega.nz,MegaUploadSites,0,3/19/2025,3/19/2025,,,,Intel::DOMAIN,
02p5xhps8p8fg.app.mega.nz,MegaUploadSites,0,3/19/2025,3/19/2025,,,,Intel::DOMAIN,
03.mega.nz,MegaUploadSites,0,3/19/2025,3/19/2025,,,,Intel::DOMAIN,
03.ok.mega.nz,MegaUploadSites,0,3/19/2025,3/19/2025,,,,Intel::DOMAIN,
04.mega.nz,MegaUploadSites,0,3/19/2025,3/19/2025,,,,Intel::DOMAIN,
04h.mega.nz,MegaUploadSites,0,3/19/2025,3/19/2025,,,,Intel::DOMAIN,
04u-ua1fe512f-c233-s1507638629-i95143f0d.am.mega.nz,MegaUploadSites,0,3/19/2025,3/19/2025,,,,Intel::DOMAIN,
04u-ufeca8181-c233-s1507264468-i95143f0d.am.mega.nz,MegaUploadSites,0,3/19/2025,3/19/2025,,,,Intel::DOMAIN,
05h.mega.nz,MegaUploadSites,0,3/19/2025,3/19/2025,,,,Intel::DOMAIN,
05n2b8.urc.ac.ru.mega.nz,MegaUploadSites,0,3/19/2025,3/19/2025,,,,Intel::DOMAIN,
06.mega.nz,MegaUploadSites,0,3/19/2025,3/19/2025,,,,Intel::DOMAIN,
06blog.mega.nz,MegaUploadSites,0,3/19/2025,3/19/2025,,,,Intel::DOMAIN,
06docs.mega.nz,MegaUploadSites,0,3/19/2025,3/19/2025,,,,Intel::DOMAIN,
06h.mega.nz,MegaUploadSites,0,3/19/2025,3/19/2025,,,,Intel::DOMAIN,
06r.mega.nz,MegaUploadSites,0,3/19/2025,3/19/2025,,,,Intel::DOMAIN,
06u-ua925cce6-c233-s1507007107-i95143f0d.am.mega.nz,MegaUploadSites,0,3/19/2025,3/19/2025,,,,Intel::DOMAIN,
06u-ue8138b7d-c233-s1507272744-i95143f0d.am.mega.nz,MegaUploadSites,0,3/19/2025,3/19/2025,,,,Intel::DOMAIN,
073556st.com.mega.nz,MegaUploadSites,0,3/19/2025,3/19/2025,,,,Intel::DOMAIN,
08.mega.nz,MegaUploadSites,0,3/19/2025,3/19/2025,,,,Intel::DOMAIN,
09.mega.nz,MegaUploadSites,0,3/19/2025,3/19/2025,,,,Intel::DOMAIN,
095.mega.nz,MegaUploadSites,0,3/19/2025,3/19/2025,,,,Intel::DOMAIN,
0982.mega.nz,MegaUploadSites,0,3/19/2025,3/19/2025,,,,Intel::DOMAIN,
0acpdq5v50fspthml1rci4sn3h.m.mega.nz,MegaUploadSites,0,3/19/2025,3/19/2025,,,,Intel::DOMAIN,
0acpdq5v50fspthml1rci4sn3h.mega.nz,MegaUploadSites,0,3/19/2025,3/19/2025,,,,Intel::DOMAIN,
0di-u34945407-c233-s1507120647-i95143f0d.am.mega.nz,MegaUploadSites,0,3/19/2025,3/19/2025,,,,Intel::DOMAIN,
0di-ufd06a69f-c233-s1507044967-i95143f0d.am.mega.nz,MegaUploadSites,0,3/19/2025,3/19/2025,,,,Intel::DOMAIN,
0ds-u3f517e19-c233-s1507316797-i95143f0d.am.mega.nz,MegaUploadSites,0,3/19/2025,3/19/2025,,,,Intel::DOMAIN,
0du-ufedf87c1-c233-s1507042702-i95143f0d.am.mega.nz,MegaUploadSites,0,3/19/2025,3/19/2025,,,,Intel::DOMAIN,
0ho.mega.nz,MegaUploadSites,0,3/19/2025,3/19/2025,,,,Intel::DOMAIN,
0j.accentpaddlnsnz1.mega.nz,MegaUploadSites,0,3/19/2025,3/19/2025,,,,Intel::DOMAIN,
0rnpt3sqom3lrvj8.affiliates.mega.nz,MegaUploadSites,0,3/19/2025,3/19/2025,,,,Intel::DOMAIN,
0rot9.faith.mega.nz,MegaUploadSites,0,3/19/2025,3/19/2025,,,,Intel::DOMAIN,
0s.mega.nz,MegaUploadSites,0,3/19/2025,3/19/2025,,,,Intel::DOMAIN,
0w.mega.nz,MegaUploadSites,0,3/19/2025,3/19/2025,,,,Intel::DOMAIN,
0zxfir0sazzdrxfxjnsk3uwgph.mega.nz,MegaUploadSites,0,3/19/2025,3/19/2025,,,,Intel::DOMAIN,
1-0.mega.nz,MegaUploadSites,0,3/19/2025,3/19/2025,,,,Intel::DOMAIN,
1-4.mega.nz,MegaUploadSites,0,3/19/2025,3/19/2025,,,,Intel::DOMAIN,
1-79.mega.nz,MegaUploadSites,0,3/19/2025,3/19/2025,,,,Intel::DOMAIN,
1-8.mega.nz,MegaUploadSites,0,3/19/2025,3/19/2025,,,,Intel::DOMAIN,
1-80.mega.nz,MegaUploadSites,0,3/19/2025,3/19/2025,,,,Intel::DOMAIN,
1-82.mega.nz,MegaUploadSites,0,3/19/2025,3/19/2025,,,,Intel::DOMAIN,
1-83.mega.nz,MegaUploadSites,0,3/19/2025,3/19/2025,,,,Intel::DOMAIN,
1.cms.mega.nz,MegaUploadSites,0,3/19/2025,3/19/2025,,,,Intel::DOMAIN,
1.mega.nz,MegaUploadSites,0,3/19/2025,3/19/2025,,,,Intel::DOMAIN,
10.0.0.3.mega.nz,MegaUploadSites,0,3/19/2025,3/19/2025,,,,Intel::DOMAIN,
10.mega.nz,MegaUploadSites,0,3/19/2025,3/19/2025,,,,Intel::DOMAIN,
100.mega.nz,MegaUploadSites,0,3/19/2025,3/19/2025,,,,Intel::DOMAIN,
1000shaghayegh.mega.nz,MegaUploadSites,0,3/19/2025,3/19/2025,,,,Intel::DOMAIN,
1017.b.mega.nz,MegaUploadSites,0,3/19/2025,3/19/2025,,,,Intel::DOMAIN,
102cznk.com.mega.nz,MegaUploadSites,0,3/19/2025,3/19/2025,,,,Intel::DOMAIN,
105.mega.nz,MegaUploadSites,0,3/19/2025,3/19/2025,,,,Intel::DOMAIN,
10g.mega.nz,MegaUploadSites,0,3/19/2025,3/19/2025,,,,Intel::DOMAIN,
11-0.mega.nz,MegaUploadSites,0,3/19/2025,3/19/2025,,,,Intel::DOMAIN,
11-2.mega.nz,MegaUploadSites,0,3/19/2025,3/19/2025,,,,Intel::DOMAIN,
11-4.mega.nz,MegaUploadSites,0,3/19/2025,3/19/2025,,,,Intel::DOMAIN,
11-7.mega.nz,MegaUploadSites,0,3/19/2025,3/19/2025,,,,Intel::DOMAIN,
11-8.mega.nz,MegaUploadSites,0,3/19/2025,3/19/2025,,,,Intel::DOMAIN,
11-9.mega.nz,MegaUploadSites,0,3/19/2025,3/19/2025,,,,Intel::DOMAIN,
11.mega.nz,MegaUploadSites,0,3/19/2025,3/19/2025,,,,Intel::DOMAIN,
113.mega.nz,MegaUploadSites,0,3/19/2025,3/19/2025,,,,Intel::DOMAIN,
114.mega.nz,MegaUploadSites,0,3/19/2025,3/19/2025,,,,Intel::DOMAIN,
116.mega.nz,MegaUploadSites,0,3/19/2025,3/19/2025,,,,Intel::DOMAIN,
117.mega.nz,MegaUploadSites,0,3/19/2025,3/19/2025,,,,Intel::DOMAIN,
11nsde1.m.mega.nz,MegaUploadSites,0,3/19/2025,3/19/2025,,,,Intel::DOMAIN,
11nsde1.mega.nz,MegaUploadSites,0,3/19/2025,3/19/2025,,,,Intel::DOMAIN,
11ycyc.cn.mega.nz,MegaUploadSites,0,3/19/2025,3/19/2025,,,,Intel::DOMAIN,
12.comet.mega.nz,MegaUploadSites,0,3/19/2025,3/19/2025,,,,Intel::DOMAIN,
12192.date.mega.nz,MegaUploadSites,0,3/19/2025,3/19/2025,,,,Intel::DOMAIN,
123.mega.nz,MegaUploadSites,0,3/19/2025,3/19/2025,,,,Intel::DOMAIN,
123docs.mega.nz,MegaUploadSites,0,3/19/2025,3/19/2025,,,,Intel::DOMAIN,
124.mega.nz,MegaUploadSites,0,3/19/2025,3/19/2025,,,,Intel::DOMAIN,
125.mega.nz,MegaUploadSites,0,3/19/2025,3/19/2025,,,,Intel::DOMAIN,
127.0.0.2.mega.nz,MegaUploadSites,0,3/19/2025,3/19/2025,,,,Intel::DOMAIN,
12q.mega.nz,MegaUploadSites,0,3/19/2025,3/19/2025,,,,Intel::DOMAIN,
13.mega.nz,MegaUploadSites,0,3/19/2025,3/19/2025,,,,Intel::DOMAIN,
13119.date.mega.nz,MegaUploadSites,0,3/19/2025,3/19/2025,,,,Intel::DOMAIN,
137shenbo.com.mega.nz,MegaUploadSites,0,3/19/2025,3/19/2025,,,,Intel::DOMAIN,
138pr.trade.mega.nz,MegaUploadSites,0,3/19/2025,3/19/2025,,,,Intel::DOMAIN,
139.mega.nz,MegaUploadSites,0,3/19/2025,3/19/2025,,,,Intel::DOMAIN,
13c.mega.nz,MegaUploadSites,0,3/19/2025,3/19/2025,,,,Intel::DOMAIN,
13infst-g-transport-mfp-col.csg.mega.nz,MegaUploadSites,0,3/19/2025,3/19/2025,,,,Intel::DOMAIN,
14-0.mega.nz,MegaUploadSites,0,3/19/2025,3/19/2025,,,,Intel::DOMAIN,
14.mega.nz,MegaUploadSites,0,3/19/2025,3/19/2025,,,,Intel::DOMAIN,
1404.mega.nz,MegaUploadSites,0,3/19/2025,3/19/2025,,,,Intel::DOMAIN,
1405.mega.nz,MegaUploadSites,0,3/19/2025,3/19/2025,,,,Intel::DOMAIN,
1406.mega.nz,MegaUploadSites,0,3/19/2025,3/19/2025,,,,Intel::DOMAIN,
1408.mega.nz,MegaUploadSites,0,3/19/2025,3/19/2025,,,,Intel::DOMAIN,
140a.mega.nz,MegaUploadSites,0,3/19/2025,3/19/2025,,,,Intel::DOMAIN,
140f.mega.nz,MegaUploadSites,0,3/19/2025,3/19/2025,,,,Intel::DOMAIN,
1412.mega.nz,MegaUploadSites,0,3/19/2025,3/19/2025,,,,Intel::DOMAIN,
1414.mega.nz,MegaUploadSites,0,3/19/2025,3/19/2025,,,,Intel::DOMAIN,
1418.mega.nz,MegaUploadSites,0,3/19/2025,3/19/2025,,,,Intel::DOMAIN,
1419.mega.nz,MegaUploadSites,0,3/19/2025,3/19/2025,,,,Intel::DOMAIN,
1426.mega.nz,MegaUploadSites,0,3/19/2025,3/19/2025,,,,Intel::DOMAIN,
1429.mega.nz,MegaUploadSites,0,3/19/2025,3/19/2025,,,,Intel::DOMAIN,
142e.mega.nz,MegaUploadSites,0,3/19/2025,3/19/2025,,,,Intel::DOMAIN,
1437.mega.nz,MegaUploadSites,0,3/19/2025,3/19/2025,,,,Intel::DOMAIN,
1438.mega.nz,MegaUploadSites,0,3/19/2025,3/19/2025,,,,Intel::DOMAIN,
1439.mega.nz,MegaUploadSites,0,3/19/2025,3/19/2025,,,,Intel::DOMAIN,
143a.mega.nz,MegaUploadSites,0,3/19/2025,3/19/2025,,,,Intel::DOMAIN,
143f.mega.nz,MegaUploadSites,0,3/19/2025,3/19/2025,,,,Intel::DOMAIN,
1440.mega.nz,MegaUploadSites,0,3/19/2025,3/19/2025,,,,Intel::DOMAIN,
1441.mega.nz,MegaUploadSites,0,3/19/2025,3/19/2025,,,,Intel::DOMAIN,
1447.mega.nz,MegaUploadSites,0,3/19/2025,3/19/2025,,,,Intel::DOMAIN,
144a.mega.nz,MegaUploadSites,0,3/19/2025,3/19/2025,,,,Intel::DOMAIN,
1450.mega.nz,MegaUploadSites,0,3/19/2025,3/19/2025,,,,Intel::DOMAIN,
149.mega.nz,MegaUploadSites,0,3/19/2025,3/19/2025,,,,Intel::DOMAIN,
14h.mega.nz,MegaUploadSites,0,3/19/2025,3/19/2025,,,,Intel::DOMAIN,
154cff.mega.nz,MegaUploadSites,0,3/19/2025,3/19/2025,,,,Intel::DOMAIN,
15h.mega.nz,MegaUploadSites,0,3/19/2025,3/19/2025,,,,Intel::DOMAIN,
16.mega.nz,MegaUploadSites,0,3/19/2025,3/19/2025,,,,Intel::DOMAIN,
1602cms.mega.nz,MegaUploadSites,0,3/19/2025,3/19/2025,,,,Intel::DOMAIN,
1612.qa.mega.nz,MegaUploadSites,0,3/19/2025,3/19/2025,,,,Intel::DOMAIN,
167.mega.nz,MegaUploadSites,0,3/19/2025,3/19/2025,,,,Intel::DOMAIN,
168.192.0.1.mega.nz,MegaUploadSites,0,3/19/2025,3/19/2025,,,,Intel::DOMAIN,
168.192.1.1.mega.nz,MegaUploadSites,0,3/19/2025,3/19/2025,,,,Intel::DOMAIN,
16h.mega.nz,MegaUploadSites,0,3/19/2025,3/19/2025,,,,Intel::DOMAIN,
16sanwen.cn.mega.nz,MegaUploadSites,0,3/19/2025,3/19/2025,,,,Intel::DOMAIN,
175-180-1nsde2-02.mega.nz,MegaUploadSites,0,3/19/2025,3/19/2025,,,,Intel::DOMAIN,
175-180-1nsde2-11.3.mega.nz,MegaUploadSites,0,3/19/2025,3/19/2025,,,,Intel::DOMAIN,
175-180-1nsde2-11.mega.nz,MegaUploadSites,0,3/19/2025,3/19/2025,,,,Intel::DOMAIN,
175-180-1nsde2-ad.mega.nz,MegaUploadSites,0,3/19/2025,3/19/2025,,,,Intel::DOMAIN,
175-180-1nsde2-ap-south-1.mega.nz,MegaUploadSites,0,3/19/2025,3/19/2025,,,,Intel::DOMAIN,
175-180-1nsde2-connect.mega.nz,MegaUploadSites,0,3/19/2025,3/19/2025,,,,Intel::DOMAIN,
175-180-1nsde2-eng.mega.nz,MegaUploadSites,0,3/19/2025,3/19/2025,,,,Intel::DOMAIN,
175-180-1nsde2-la.mega.nz,MegaUploadSites,0,3/19/2025,3/19/2025,,,,Intel::DOMAIN,
175-180-1nsde2.mega.nz,MegaUploadSites,0,3/19/2025,3/19/2025,,,,Intel::DOMAIN,
175-180-1nsde2tomcat.m.mega.nz,MegaUploadSites,0,3/19/2025,3/19/2025,,,,Intel::DOMAIN,
175-180-1nsde2tomcat.mega.nz,MegaUploadSites,0,3/19/2025,3/19/2025,,,,Intel::DOMAIN,
1772.mega.nz,MegaUploadSites,0,3/19/2025,3/19/2025,,,,Intel::DOMAIN,
1773.mega.nz,MegaUploadSites,0,3/19/2025,3/19/2025,,,,Intel::DOMAIN,
1774.mega.nz,MegaUploadSites,0,3/19/2025,3/19/2025,,,,Intel::DOMAIN,
1777.mega.nz,MegaUploadSites,0,3/19/2025,3/19/2025,,,,Intel::DOMAIN,
1783.mega.nz,MegaUploadSites,0,3/19/2025,3/19/2025,,,,Intel::DOMAIN,
1788.mega.nz,MegaUploadSites,0,3/19/2025,3/19/2025,,,,Intel::DOMAIN,
178a.mega.nz,MegaUploadSites,0,3/19/2025,3/19/2025,,,,Intel::DOMAIN,
178g.mega.nz,MegaUploadSites,0,3/19/2025,3/19/2025,,,,Intel::DOMAIN,
179.mega.nz,MegaUploadSites,0,3/19/2025,3/19/2025,,,,Intel::DOMAIN,
1792.mega.nz,MegaUploadSites,0,3/19/2025,3/19/2025,,,,Intel::DOMAIN,
1795.mega.nz,MegaUploadSites,0,3/19/2025,3/19/2025,,,,Intel::DOMAIN,
1796.mega.nz,MegaUploadSites,0,3/19/2025,3/19/2025,,,,Intel::DOMAIN,
1797.mega.nz,MegaUploadSites,0,3/19/2025,3/19/2025,,,,Intel::DOMAIN,
1799.mega.nz,MegaUploadSites,0,3/19/2025,3/19/2025,,,,Intel::DOMAIN,
179c.mega.nz,MegaUploadSites,0,3/19/2025,3/19/2025,,,,Intel::DOMAIN,
17a7.mega.nz,MegaUploadSites,0,3/19/2025,3/19/2025,,,,Intel::DOMAIN,
17cs.mega.nz,MegaUploadSites,0,3/19/2025,3/19/2025,,,,Intel::DOMAIN,
17d.mega.nz,MegaUploadSites,0,3/19/2025,3/19/2025,,,,Intel::DOMAIN,
17d5.mega.nz,MegaUploadSites,0,3/19/2025,3/19/2025,,,,Intel::DOMAIN,
17db.mega.nz,MegaUploadSites,0,3/19/2025,3/19/2025,,,,Intel::DOMAIN,
18-0.mega.nz,MegaUploadSites,0,3/19/2025,3/19/2025,,,,Intel::DOMAIN,
18.mega.nz,MegaUploadSites,0,3/19/2025,3/19/2025,,,,Intel::DOMAIN,
1803.mega.nz,MegaUploadSites,0,3/19/2025,3/19/2025,,,,Intel::DOMAIN,
1804.mega.nz,MegaUploadSites,0,3/19/2025,3/19/2025,,,,Intel::DOMAIN,
1808.mega.nz,MegaUploadSites,0,3/19/2025,3/19/2025,,,,Intel::DOMAIN,
180f.mega.nz,MegaUploadSites,0,3/19/2025,3/19/2025,,,,Intel::DOMAIN,
1811.mega.nz,MegaUploadSites,0,3/19/2025,3/19/2025,,,,Intel::DOMAIN,
1813.mega.nz,MegaUploadSites,0,3/19/2025,3/19/2025,,,,Intel::DOMAIN,
1814.mega.nz,MegaUploadSites,0,3/19/2025,3/19/2025,,,,Intel::DOMAIN,
181c.mega.nz,MegaUploadSites,0,3/19/2025,3/19/2025,,,,Intel::DOMAIN,
1824.mega.nz,MegaUploadSites,0,3/19/2025,3/19/2025,,,,Intel::DOMAIN,
18255.date.mega.nz,MegaUploadSites,0,3/19/2025,3/19/2025,,,,Intel::DOMAIN,
182c.mega.nz,MegaUploadSites,0,3/19/2025,3/19/2025,,,,Intel::DOMAIN,
1837.mega.nz,MegaUploadSites,0,3/19/2025,3/19/2025,,,,Intel::DOMAIN,
1838.mega.nz,MegaUploadSites,0,3/19/2025,3/19/2025,,,,Intel::DOMAIN,
183d.mega.nz,MegaUploadSites,0,3/19/2025,3/19/2025,,,,Intel::DOMAIN,
1841.mega.nz,MegaUploadSites,0,3/19/2025,3/19/2025,,,,Intel::DOMAIN,
18655.date.mega.nz,MegaUploadSites,0,3/19/2025,3/19/2025,,,,Intel::DOMAIN,
188.166.13.50.mega.nz,MegaUploadSites,0,3/19/2025,3/19/2025,,,,Intel::DOMAIN,
188xsh.cn.mega.nz,MegaUploadSites,0,3/19/2025,3/19/2025,,,,Intel::DOMAIN,
18955.date.mega.nz,MegaUploadSites,0,3/19/2025,3/19/2025,,,,Intel::DOMAIN,
19.cms.mega.nz,MegaUploadSites,0,3/19/2025,3/19/2025,,,,Intel::DOMAIN,
191.168.1.1.mega.nz,MegaUploadSites,0,3/19/2025,3/19/2025,,,,Intel::DOMAIN,
19113.date.mega.nz,MegaUploadSites,0,3/19/2025,3/19/2025,,,,Intel::DOMAIN,
192.168.1.6.mega.nz,MegaUploadSites,0,3/19/2025,3/19/2025,,,,Intel::DOMAIN,
192.186.0.1.mega.nz,MegaUploadSites,0,3/19/2025,3/19/2025,,,,Intel::DOMAIN,
19255.date.mega.nz,MegaUploadSites,0,3/19/2025,3/19/2025,,,,Intel::DOMAIN,
193.168.1.1.mega.nz,MegaUploadSites,0,3/19/2025,3/19/2025,,,,Intel::DOMAIN,
19655.date.mega.nz,MegaUploadSites,0,3/19/2025,3/19/2025,,,,Intel::DOMAIN,
197.cms.mega.nz,MegaUploadSites,0,3/19/2025,3/19/2025,,,,Intel::DOMAIN,
198.162.0.1.mega.nz,MegaUploadSites,0,3/19/2025,3/19/2025,,,,Intel::DOMAIN,
198.168.0.1.mega.nz,MegaUploadSites,0,3/19/2025,3/19/2025,,,,Intel::DOMAIN,
198.168.1.1.mega.nz,MegaUploadSites,0,3/19/2025,3/19/2025,,,,Intel::DOMAIN,
199lv.trade.mega.nz,MegaUploadSites,0,3/19/2025,3/19/2025,,,,Intel::DOMAIN,
19h.mega.nz,MegaUploadSites,0,3/19/2025,3/19/2025,,,,Intel::DOMAIN,
1a.mega.nz,MegaUploadSites,0,3/19/2025,3/19/2025,,,,Intel::DOMAIN,
1d08.cn.mega.nz,MegaUploadSites,0,3/19/2025,3/19/2025,,,,Intel::DOMAIN,
1dqqfxj6.test1.mega.nz,MegaUploadSites,0,3/19/2025,3/19/2025,,,,Intel::DOMAIN,
1f.cms.mega.nz,MegaUploadSites,0,3/19/2025,3/19/2025,,,,Intel::DOMAIN,
1fat74gr0t1rdp.account.mega.nz,MegaUploadSites,0,3/19/2025,3/19/2025,,,,Intel::DOMAIN,
1g2yau4yy9ffm.catalog.mega.nz,MegaUploadSites,0,3/19/2025,3/19/2025,,,,Intel::DOMAIN,
1mendl6s1fc.ns.e.mega.nz,MegaUploadSites,0,3/19/2025,3/19/2025,,,,Intel::DOMAIN,
1nsde2.mega.nz,MegaUploadSites,0,3/19/2025,3/19/2025,,,,Intel::DOMAIN,
1t.mega.nz,MegaUploadSites,0,3/19/2025,3/19/2025,,,,Intel::DOMAIN,
1trader.mega.nz,MegaUploadSites,0,3/19/2025,3/19/2025,,,,Intel::DOMAIN,
1vefpuy9kdk0m.ru.mega.nz,MegaUploadSites,0,3/19/2025,3/19/2025,,,,Intel::DOMAIN,
2-46.mega.nz,MegaUploadSites,0,3/19/2025,3/19/2025,,,,Intel::DOMAIN,
2-48.mega.nz,MegaUploadSites,0,3/19/2025,3/19/2025,,,,Intel::DOMAIN,
2.1.mega.nz,MegaUploadSites,0,3/19/2025,3/19/2025,,,,Intel::DOMAIN,
2.mega.nz,MegaUploadSites,0,3/19/2025,3/19/2025,,,,Intel::DOMAIN,
20-4.mega.nz,MegaUploadSites,0,3/19/2025,3/19/2025,,,,Intel::DOMAIN,
20.mega.nz,MegaUploadSites,0,3/19/2025,3/19/2025,,,,Intel::DOMAIN,
200-140.mega.nz,MegaUploadSites,0,3/19/2025,3/19/2025,,,,Intel::DOMAIN,
200.mega.nz,MegaUploadSites,0,3/19/2025,3/19/2025,,,,Intel::DOMAIN,
2011.m.mega.nz,MegaUploadSites,0,3/19/2025,3/19/2025,,,,Intel::DOMAIN,
2011.mega.nz,MegaUploadSites,0,3/19/2025,3/19/2025,,,,Intel::DOMAIN,
2015.mega.nz,MegaUploadSites,0,3/19/2025,3/19/2025,,,,Intel::DOMAIN,
2017tvbsapp2.mega.nz,MegaUploadSites,0,3/19/2025,3/19/2025,,,,Intel::DOMAIN,
2018.0.mega.nz,MegaUploadSites,0,3/19/2025,3/19/2025,,,,Intel::DOMAIN,
2018.9.mega.nz,MegaUploadSites,0,3/19/2025,3/19/2025,,,,Intel::DOMAIN,
2019.a.mega.nz,MegaUploadSites,0,3/19/2025,3/19/2025,,,,Intel::DOMAIN,
2019.e.mega.nz,MegaUploadSites,0,3/19/2025,3/19/2025,,,,Intel::DOMAIN,
202.mega.nz,MegaUploadSites,0,3/19/2025,3/19/2025,,,,Intel::DOMAIN,
2020.mega.nz,MegaUploadSites,0,3/19/2025,3/19/2025,,,,Intel::DOMAIN,
2024.mega.nz,MegaUploadSites,0,3/19/2025,3/19/2025,,,,Intel::DOMAIN,
2025.mega.nz,MegaUploadSites,0,3/19/2025,3/19/2025,,,,Intel::DOMAIN,
2027.mega.nz,MegaUploadSites,0,3/19/2025,3/19/2025,,,,Intel::DOMAIN,
202c.mega.nz,MegaUploadSites,0,3/19/2025,3/19/2025,,,,Intel::DOMAIN,
203.mega.nz,MegaUploadSites,0,3/19/2025,3/19/2025,,,,Intel::DOMAIN,
2035.mega.nz,MegaUploadSites,0,3/19/2025,3/19/2025,,,,Intel::DOMAIN,
2038.mega.nz,MegaUploadSites,0,3/19/2025,3/19/2025,,,,Intel::DOMAIN,
203f.mega.nz,MegaUploadSites,0,3/19/2025,3/19/2025,,,,Intel::DOMAIN,
2041.mega.nz,MegaUploadSites,0,3/19/2025,3/19/2025,,,,Intel::DOMAIN,
2046.mega.nz,MegaUploadSites,0,3/19/2025,3/19/2025,,,,Intel::DOMAIN,
204a.mega.nz,MegaUploadSites,0,3/19/2025,3/19/2025,,,,Intel::DOMAIN,
204d.mega.nz,MegaUploadSites,0,3/19/2025,3/19/2025,,,,Intel::DOMAIN,
205484.a.mega.nz,MegaUploadSites,0,3/19/2025,3/19/2025,,,,Intel::DOMAIN,
2058.mega.nz,MegaUploadSites,0,3/19/2025,3/19/2025,,,,Intel::DOMAIN,
2065.mega.nz,MegaUploadSites,0,3/19/2025,3/19/2025,,,,Intel::DOMAIN,
2068.mega.nz,MegaUploadSites,0,3/19/2025,3/19/2025,,,,Intel::DOMAIN,
206b.mega.nz,MegaUploadSites,0,3/19/2025,3/19/2025,,,,Intel::DOMAIN,
206d.mega.nz,MegaUploadSites,0,3/19/2025,3/19/2025,,,,Intel::DOMAIN,
206f.mega.nz,MegaUploadSites,0,3/19/2025,3/19/2025,,,,Intel::DOMAIN,
2073.mega.nz,MegaUploadSites,0,3/19/2025,3/19/2025,,,,Intel::DOMAIN,
2076.mega.nz,MegaUploadSites,0,3/19/2025,3/19/2025,,,,Intel::DOMAIN,
2078.mega.nz,MegaUploadSites,0,3/19/2025,3/19/2025,,,,Intel::DOMAIN,
207m1feeq9.go.mega.nz,MegaUploadSites,0,3/19/2025,3/19/2025,,,,Intel::DOMAIN,
2087.mega.nz,MegaUploadSites,0,3/19/2025,3/19/2025,,,,Intel::DOMAIN,
208e.mega.nz,MegaUploadSites,0,3/19/2025,3/19/2025,,,,Intel::DOMAIN,
2090.mega.nz,MegaUploadSites,0,3/19/2025,3/19/2025,,,,Intel::DOMAIN,
20k53avswo3kuldmp2qu2ek3vd.mega.nz,MegaUploadSites,0,3/19/2025,3/19/2025,,,,Intel::DOMAIN,
21.mega.nz,MegaUploadSites,0,3/19/2025,3/19/2025,,,,Intel::DOMAIN,
210.cms.mega.nz,MegaUploadSites,0,3/19/2025,3/19/2025,,,,Intel::DOMAIN,
21h.mega.nz,MegaUploadSites,0,3/19/2025,3/19/2025,,,,Intel::DOMAIN,
22.mega.nz,MegaUploadSites,0,3/19/2025,3/19/2025,,,,Intel::DOMAIN,
2228888.org.cn.mega.nz,MegaUploadSites,0,3/19/2025,3/19/2025,,,,Intel::DOMAIN,
229950.a.mega.nz,MegaUploadSites,0,3/19/2025,3/19/2025,,,,Intel::DOMAIN,
229980.a.mega.nz,MegaUploadSites,0,3/19/2025,3/19/2025,,,,Intel::DOMAIN,
239.56.mega.nz,MegaUploadSites,0,3/19/2025,3/19/2025,,,,Intel::DOMAIN,
24-8.mega.nz,MegaUploadSites,0,3/19/2025,3/19/2025,,,,Intel::DOMAIN,
2407.mega.nz,MegaUploadSites,0,3/19/2025,3/19/2025,,,,Intel::DOMAIN,
2409.mega.nz,MegaUploadSites,0,3/19/2025,3/19/2025,,,,Intel::DOMAIN,
240b.mega.nz,MegaUploadSites,0,3/19/2025,3/19/2025,,,,Intel::DOMAIN,
241.mega.nz,MegaUploadSites,0,3/19/2025,3/19/2025,,,,Intel::DOMAIN,
2412.mega.nz,MegaUploadSites,0,3/19/2025,3/19/2025,,,,Intel::DOMAIN,
241b.mega.nz,MegaUploadSites,0,3/19/2025,3/19/2025,,,,Intel::DOMAIN,
2420.mega.nz,MegaUploadSites,0,3/19/2025,3/19/2025,,,,Intel::DOMAIN,
2421.mega.nz,MegaUploadSites,0,3/19/2025,3/19/2025,,,,Intel::DOMAIN,
2425.mega.nz,MegaUploadSites,0,3/19/2025,3/19/2025,,,,Intel::DOMAIN,
2428.mega.nz,MegaUploadSites,0,3/19/2025,3/19/2025,,,,Intel::DOMAIN,
243.mega.nz,MegaUploadSites,0,3/19/2025,3/19/2025,,,,Intel::DOMAIN,
2430.mega.nz,MegaUploadSites,0,3/19/2025,3/19/2025,,,,Intel::DOMAIN,
2431.mega.nz,MegaUploadSites,0,3/19/2025,3/19/2025,,,,Intel::DOMAIN,
2432.mega.nz,MegaUploadSites,0,3/19/2025,3/19/2025,,,,Intel::DOMAIN,
2439.mega.nz,MegaUploadSites,0,3/19/2025,3/19/2025,,,,Intel::DOMAIN,
243a.mega.nz,MegaUploadSites,0,3/19/2025,3/19/2025,,,,Intel::DOMAIN,
243b.mega.nz,MegaUploadSites,0,3/19/2025,3/19/2025,,,,Intel::DOMAIN,
2441.mega.nz,MegaUploadSites,0,3/19/2025,3/19/2025,,,,Intel::DOMAIN,
245.cms.mega.nz,MegaUploadSites,0,3/19/2025,3/19/2025,,,,Intel::DOMAIN,
245.mega.nz,MegaUploadSites,0,3/19/2025,3/19/2025,,,,Intel::DOMAIN,
2460.mega.nz,MegaUploadSites,0,3/19/2025,3/19/2025,,,,Intel::DOMAIN,
2467.mega.nz,MegaUploadSites,0,3/19/2025,3/19/2025,,,,Intel::DOMAIN,
2468.mega.nz,MegaUploadSites,0,3/19/2025,3/19/2025,,,,Intel::DOMAIN,
2479.mega.nz,MegaUploadSites,0,3/19/2025,3/19/2025,,,,Intel::DOMAIN,
248e.mega.nz,MegaUploadSites,0,3/19/2025,3/19/2025,,,,Intel::DOMAIN,
2490.mega.nz,MegaUploadSites,0,3/19/2025,3/19/2025,,,,Intel::DOMAIN,
24h.mega.nz,MegaUploadSites,0,3/19/2025,3/19/2025,,,,Intel::DOMAIN,
24h2.mega.nz,MegaUploadSites,0,3/19/2025,3/19/2025,,,,Intel::DOMAIN,
24h6.mega.nz,MegaUploadSites,0,3/19/2025,3/19/2025,,,,Intel::DOMAIN,
24xzc1thpn.i3.mega.nz,MegaUploadSites,0,3/19/2025,3/19/2025,,,,Intel::DOMAIN,
25229.date.mega.nz,MegaUploadSites,0,3/19/2025,3/19/2025,,,,Intel::DOMAIN,
260989.a.mega.nz,MegaUploadSites,0,3/19/2025,3/19/2025,,,,Intel::DOMAIN,
267.cms.mega.nz,MegaUploadSites,0,3/19/2025,3/19/2025,,,,Intel::DOMAIN,
268457.a.mega.nz,MegaUploadSites,0,3/19/2025,3/19/2025,,,,Intel::DOMAIN,
26h.mega.nz,MegaUploadSites,0,3/19/2025,3/19/2025,,,,Intel::DOMAIN,
26nea2.travel.mega.nz,MegaUploadSites,0,3/19/2025,3/19/2025,,,,Intel::DOMAIN,
27.mega.nz,MegaUploadSites,0,3/19/2025,3/19/2025,,,,Intel::DOMAIN,
27758888.cn.mega.nz,MegaUploadSites,0,3/19/2025,3/19/2025,,,,Intel::DOMAIN,
27938888.cn.mega.nz,MegaUploadSites,0,3/19/2025,3/19/2025,,,,Intel::DOMAIN,
28h.mega.nz,MegaUploadSites,0,3/19/2025,3/19/2025,,,,Intel::DOMAIN,
29355.date.mega.nz,MegaUploadSites,0,3/19/2025,3/19/2025,,,,Intel::DOMAIN,
29655.date.mega.nz,MegaUploadSites,0,3/19/2025,3/19/2025,,,,Intel::DOMAIN,
29818888.cn.mega.nz,MegaUploadSites,0,3/19/2025,3/19/2025,,,,Intel::DOMAIN,
29h.mega.nz,MegaUploadSites,0,3/19/2025,3/19/2025,,,,Intel::DOMAIN,
2acfac55a48144278ec4a910478495ac.3.mega.nz,MegaUploadSites,0,3/19/2025,3/19/2025,,,,Intel::DOMAIN,
2acfac55a48144278ec4a910478495ac.m.mega.nz,MegaUploadSites,0,3/19/2025,3/19/2025,,,,Intel::DOMAIN,
2acfac55a48144278ec4a910478495ac.mega.nz,MegaUploadSites,0,3/19/2025,3/19/2025,,,,Intel::DOMAIN,
2aupr5dom7.art.mega.nz,MegaUploadSites,0,3/19/2025,3/19/2025,,,,Intel::DOMAIN,
2c.mega.nz,MegaUploadSites,0,3/19/2025,3/19/2025,,,,Intel::DOMAIN,
2dd34561d89a.c.mega.nz,MegaUploadSites,0,3/19/2025,3/19/2025,,,,Intel::DOMAIN,
2e3l7.up.mega.nz,MegaUploadSites,0,3/19/2025,3/19/2025,,,,Intel::DOMAIN,
2h.ads.mega.nz,MegaUploadSites,0,3/19/2025,3/19/2025,,,,Intel::DOMAIN,
2h.mega.nz,MegaUploadSites,0,3/19/2025,3/19/2025,,,,Intel::DOMAIN,
2j.mega.nz,MegaUploadSites,0,3/19/2025,3/19/2025,,,,Intel::DOMAIN,
2n.mega.nz,MegaUploadSites,0,3/19/2025,3/19/2025,,,,Intel::DOMAIN,
2qmzmumpthq.mega.nz,MegaUploadSites,0,3/19/2025,3/19/2025,,,,Intel::DOMAIN,
2w.mega.nz,MegaUploadSites,0,3/19/2025,3/19/2025,,,,Intel::DOMAIN,
2wrpubowl5tvaswvs4swnrb5wg.mega.nz,MegaUploadSites,0,3/19/2025,3/19/2025,,,,Intel::DOMAIN,
2x.mega.nz,MegaUploadSites,0,3/19/2025,3/19/2025,,,,Intel::DOMAIN,
3-72.mega.nz,MegaUploadSites,0,3/19/2025,3/19/2025,,,,Intel::DOMAIN,
3.0.mega.nz,MegaUploadSites,0,3/19/2025,3/19/2025,,,,Intel::DOMAIN,
3.mega.nz,MegaUploadSites,0,3/19/2025,3/19/2025,,,,Intel::DOMAIN,
31.mega.nz,MegaUploadSites,0,3/19/2025,3/19/2025,,,,Intel::DOMAIN,
31698888.cn.mega.nz,MegaUploadSites,0,3/19/2025,3/19/2025,,,,Intel::DOMAIN,
317713.net.cn.mega.nz,MegaUploadSites,0,3/19/2025,3/19/2025,,,,Intel::DOMAIN,
31955.date.mega.nz,MegaUploadSites,0,3/19/2025,3/19/2025,,,,Intel::DOMAIN,
31h.mega.nz,MegaUploadSites,0,3/19/2025,3/19/2025,,,,Intel::DOMAIN,
32.mega.nz,MegaUploadSites,0,3/19/2025,3/19/2025,,,,Intel::DOMAIN,
3201.mega.nz,MegaUploadSites,0,3/19/2025,3/19/2025,,,,Intel::DOMAIN,
32838888.cn.mega.nz,MegaUploadSites,0,3/19/2025,3/19/2025,,,,Intel::DOMAIN,
3289.mega.nz,MegaUploadSites,0,3/19/2025,3/19/2025,,,,Intel::DOMAIN,
33.mega.nz,MegaUploadSites,0,3/19/2025,3/19/2025,,,,Intel::DOMAIN,
3300555.cn.mega.nz,MegaUploadSites,0,3/19/2025,3/19/2025,,,,Intel::DOMAIN,
3338888.org.cn.mega.nz,MegaUploadSites,0,3/19/2025,3/19/2025,,,,Intel::DOMAIN,
333ds.com.mega.nz,MegaUploadSites,0,3/19/2025,3/19/2025,,,,Intel::DOMAIN,
33768.date.mega.nz,MegaUploadSites,0,3/19/2025,3/19/2025,,,,Intel::DOMAIN,
33shadesofgreen.mega.nz,MegaUploadSites,0,3/19/2025,3/19/2025,,,,Intel::DOMAIN,
35.mega.nz,MegaUploadSites,0,3/19/2025,3/19/2025,,,,Intel::DOMAIN,
35378888.cn.mega.nz,MegaUploadSites,0,3/19/2025,3/19/2025,,,,Intel::DOMAIN,
35568888.cn.mega.nz,MegaUploadSites,0,3/19/2025,3/19/2025,,,,Intel::DOMAIN,
35b.top.mega.nz,MegaUploadSites,0,3/19/2025,3/19/2025,,,,Intel::DOMAIN,
36.mega.nz,MegaUploadSites,0,3/19/2025,3/19/2025,,,,Intel::DOMAIN,
360000.net.cn.mega.nz,MegaUploadSites,0,3/19/2025,3/19/2025,,,,Intel::DOMAIN,
36355.date.mega.nz,MegaUploadSites,0,3/19/2025,3/19/2025,,,,Intel::DOMAIN,
363suncity.com.mega.nz,MegaUploadSites,0,3/19/2025,3/19/2025,,,,Intel::DOMAIN,
36dd.mega.nz,MegaUploadSites,0,3/19/2025,3/19/2025,,,,Intel::DOMAIN,
36e1.mega.nz,MegaUploadSites,0,3/19/2025,3/19/2025,,,,Intel::DOMAIN,
36fc.mega.nz,MegaUploadSites,0,3/19/2025,3/19/2025,,,,Intel::DOMAIN,
36pg.mega.nz,MegaUploadSites,0,3/19/2025,3/19/2025,,,,Intel::DOMAIN,
37-6.mega.nz,MegaUploadSites,0,3/19/2025,3/19/2025,,,,Intel::DOMAIN,
37.mega.nz,MegaUploadSites,0,3/19/2025,3/19/2025,,,,Intel::DOMAIN,
370.mega.nz,MegaUploadSites,0,3/19/2025,3/19/2025,,,,Intel::DOMAIN,
3703.mega.nz,MegaUploadSites,0,3/19/2025,3/19/2025,,,,Intel::DOMAIN,
3704.mega.nz,MegaUploadSites,0,3/19/2025,3/19/2025,,,,Intel::DOMAIN,
3705.mega.nz,MegaUploadSites,0,3/19/2025,3/19/2025,,,,Intel::DOMAIN,
3707.mega.nz,MegaUploadSites,0,3/19/2025,3/19/2025,,,,Intel::DOMAIN,
3709.mega.nz,MegaUploadSites,0,3/19/2025,3/19/2025,,,,Intel::DOMAIN,
370d.mega.nz,MegaUploadSites,0,3/19/2025,3/19/2025,,,,Intel::DOMAIN,
3711.mega.nz,MegaUploadSites,0,3/19/2025,3/19/2025,,,,Intel::DOMAIN,
371c.mega.nz,MegaUploadSites,0,3/19/2025,3/19/2025,,,,Intel::DOMAIN,
371d.mega.nz,MegaUploadSites,0,3/19/2025,3/19/2025,,,,Intel::DOMAIN,
3722.mega.nz,MegaUploadSites,0,3/19/2025,3/19/2025,,,,Intel::DOMAIN,
3725.mega.nz,MegaUploadSites,0,3/19/2025,3/19/2025,,,,Intel::DOMAIN,
3731.mega.nz,MegaUploadSites,0,3/19/2025,3/19/2025,,,,Intel::DOMAIN,
3736.mega.nz,MegaUploadSites,0,3/19/2025,3/19/2025,,,,Intel::DOMAIN,
374.mega.nz,MegaUploadSites,0,3/19/2025,3/19/2025,,,,Intel::DOMAIN,
3740.mega.nz,MegaUploadSites,0,3/19/2025,3/19/2025,,,,Intel::DOMAIN,
3745.mega.nz,MegaUploadSites,0,3/19/2025,3/19/2025,,,,Intel::DOMAIN,
3746.mega.nz,MegaUploadSites,0,3/19/2025,3/19/2025,,,,Intel::DOMAIN,
3749.mega.nz,MegaUploadSites,0,3/19/2025,3/19/2025,,,,Intel::DOMAIN,
3750.mega.nz,MegaUploadSites,0,3/19/2025,3/19/2025,,,,Intel::DOMAIN,
3753.mega.nz,MegaUploadSites,0,3/19/2025,3/19/2025,,,,Intel::DOMAIN,
3756.mega.nz,MegaUploadSites,0,3/19/2025,3/19/2025,,,,Intel::DOMAIN,
375b.mega.nz,MegaUploadSites,0,3/19/2025,3/19/2025,,,,Intel::DOMAIN,
375e.mega.nz,MegaUploadSites,0,3/19/2025,3/19/2025,,,,Intel::DOMAIN,
376.mega.nz,MegaUploadSites,0,3/19/2025,3/19/2025,,,,Intel::DOMAIN,
3761.mega.nz,MegaUploadSites,0,3/19/2025,3/19/2025,,,,Intel::DOMAIN,
3766.mega.nz,MegaUploadSites,0,3/19/2025,3/19/2025,,,,Intel::DOMAIN,
376a.mega.nz,MegaUploadSites,0,3/19/2025,3/19/2025,,,,Intel::DOMAIN,
377.mega.nz,MegaUploadSites,0,3/19/2025,3/19/2025,,,,Intel::DOMAIN,
3772.mega.nz,MegaUploadSites,0,3/19/2025,3/19/2025,,,,Intel::DOMAIN,
3780.mega.nz,MegaUploadSites,0,3/19/2025,3/19/2025,,,,Intel::DOMAIN,
3785.mega.nz,MegaUploadSites,0,3/19/2025,3/19/2025,,,,Intel::DOMAIN,
3789.mega.nz,MegaUploadSites,0,3/19/2025,3/19/2025,,,,Intel::DOMAIN,
37b9.mega.nz,MegaUploadSites,0,3/19/2025,3/19/2025,,,,Intel::DOMAIN,
37bb.mega.nz,MegaUploadSites,0,3/19/2025,3/19/2025,,,,Intel::DOMAIN,
37h.mega.nz,MegaUploadSites,0,3/19/2025,3/19/2025,,,,Intel::DOMAIN,
38-1.mega.nz,MegaUploadSites,0,3/19/2025,3/19/2025,,,,Intel::DOMAIN,
38.mega.nz,MegaUploadSites,0,3/19/2025,3/19/2025,,,,Intel::DOMAIN,
3806.mega.nz,MegaUploadSites,0,3/19/2025,3/19/2025,,,,Intel::DOMAIN,
3817.mega.nz,MegaUploadSites,0,3/19/2025,3/19/2025,,,,Intel::DOMAIN,
3821.mega.nz,MegaUploadSites,0,3/19/2025,3/19/2025,,,,Intel::DOMAIN,
3828.mega.nz,MegaUploadSites,0,3/19/2025,3/19/2025,,,,Intel::DOMAIN,
38668888.cn.mega.nz,MegaUploadSites,0,3/19/2025,3/19/2025,,,,Intel::DOMAIN,
38h.mega.nz,MegaUploadSites,0,3/19/2025,3/19/2025,,,,Intel::DOMAIN,
38puiw74kyv57y.forums.mega.nz,MegaUploadSites,0,3/19/2025,3/19/2025,,,,Intel::DOMAIN,
39.mega.nz,MegaUploadSites,0,3/19/2025,3/19/2025,,,,Intel::DOMAIN,
3a.mega.nz,MegaUploadSites,0,3/19/2025,3/19/2025,,,,Intel::DOMAIN,
3bfv0o.qa.mega.nz,MegaUploadSites,0,3/19/2025,3/19/2025,,,,Intel::DOMAIN,
3bur52f6cqw.mega.nz,MegaUploadSites,0,3/19/2025,3/19/2025,,,,Intel::DOMAIN,
3c.ok.mega.nz,MegaUploadSites,0,3/19/2025,3/19/2025,,,,Intel::DOMAIN,
3dmgame.dll.mega.nz,MegaUploadSites,0,3/19/2025,3/19/2025,,,,Intel::DOMAIN,
3gbsycjsiuj89.app.mega.nz,MegaUploadSites,0,3/19/2025,3/19/2025,,,,Intel::DOMAIN,
3h.mega.nz,MegaUploadSites,0,3/19/2025,3/19/2025,,,,Intel::DOMAIN,
3m.mega.nz,MegaUploadSites,0,3/19/2025,3/19/2025,,,,Intel::DOMAIN,
3p.mega.nz,MegaUploadSites,0,3/19/2025,3/19/2025,,,,Intel::DOMAIN,
3so33cserxbjh7f6.cms.mega.nz,MegaUploadSites,0,3/19/2025,3/19/2025,,,,Intel::DOMAIN,
3w.mega.nz,MegaUploadSites,0,3/19/2025,3/19/2025,,,,Intel::DOMAIN,
3wlqndcurswdhfbpklt2fuut1g.mega.nz,MegaUploadSites,0,3/19/2025,3/19/2025,,,,Intel::DOMAIN,
3x.mega.nz,MegaUploadSites,0,3/19/2025,3/19/2025,,,,Intel::DOMAIN,
3xprn.urc.ac.ru.mega.nz,MegaUploadSites,0,3/19/2025,3/19/2025,,,,Intel::DOMAIN,
3zm8laees5mu.0.mega.nz,MegaUploadSites,0,3/19/2025,3/19/2025,,,,Intel::DOMAIN,
4.0.mega.nz,MegaUploadSites,0,3/19/2025,3/19/2025,,,,Intel::DOMAIN,
4.mega.nz,MegaUploadSites,0,3/19/2025,3/19/2025,,,,Intel::DOMAIN,
40.97.160.2.mega.nz,MegaUploadSites,0,3/19/2025,3/19/2025,,,,Intel::DOMAIN,
40h.mega.nz,MegaUploadSites,0,3/19/2025,3/19/2025,,,,Intel::DOMAIN,
41.mega.nz,MegaUploadSites,0,3/19/2025,3/19/2025,,,,Intel::DOMAIN,
41h.mega.nz,MegaUploadSites,0,3/19/2025,3/19/2025,,,,Intel::DOMAIN,
42.mega.nz,MegaUploadSites,0,3/19/2025,3/19/2025,,,,Intel::DOMAIN,
43.mega.nz,MegaUploadSites,0,3/19/2025,3/19/2025,,,,Intel::DOMAIN,
43h.mega.nz,MegaUploadSites,0,3/19/2025,3/19/2025,,,,Intel::DOMAIN,
44.mega.nz,MegaUploadSites,0,3/19/2025,3/19/2025,,,,Intel::DOMAIN,
44h.mega.nz,MegaUploadSites,0,3/19/2025,3/19/2025,,,,Intel::DOMAIN,
45.mega.nz,MegaUploadSites,0,3/19/2025,3/19/2025,,,,Intel::DOMAIN,
45h.mega.nz,MegaUploadSites,0,3/19/2025,3/19/2025,,,,Intel::DOMAIN,
46h.mega.nz,MegaUploadSites,0,3/19/2025,3/19/2025,,,,Intel::DOMAIN,
47h.mega.nz,MegaUploadSites,0,3/19/2025,3/19/2025,,,,Intel::DOMAIN,
4833333.cn.mega.nz,MegaUploadSites,0,3/19/2025,3/19/2025,,,,Intel::DOMAIN,
49vc5l17t4g.gw.mega.nz,MegaUploadSites,0,3/19/2025,3/19/2025,,,,Intel::DOMAIN,
4beizsnq5x3afzyj1squi0nnhh.mega.nz,MegaUploadSites,0,3/19/2025,3/19/2025,,,,Intel::DOMAIN,
4c1.mega.nz,MegaUploadSites,0,3/19/2025,3/19/2025,,,,Intel::DOMAIN,
4chan.mega.nz,MegaUploadSites,0,3/19/2025,3/19/2025,,,,Intel::DOMAIN,
4fp2t03.uk.mega.nz,MegaUploadSites,0,3/19/2025,3/19/2025,,,,Intel::DOMAIN,
4h.mega.nz,MegaUploadSites,0,3/19/2025,3/19/2025,,,,Intel::DOMAIN,
4i8fnp.a.mega.nz,MegaUploadSites,0,3/19/2025,3/19/2025,,,,Intel::DOMAIN,
4n.mega.nz,MegaUploadSites,0,3/19/2025,3/19/2025,,,,Intel::DOMAIN,
4p.cms.mega.nz,MegaUploadSites,0,3/19/2025,3/19/2025,,,,Intel::DOMAIN,
4p.mega.nz,MegaUploadSites,0,3/19/2025,3/19/2025,,,,Intel::DOMAIN,
4qers54wiesaei.gw.mega.nz,MegaUploadSites,0,3/19/2025,3/19/2025,,,,Intel::DOMAIN,
4qinvite.4q.mega.nz,MegaUploadSites,0,3/19/2025,3/19/2025,,,,Intel::DOMAIN,
4qob0brqrszt4kpe1qsgdne4mg-243.mega.nz,MegaUploadSites,0,3/19/2025,3/19/2025,,,,Intel::DOMAIN,
4qob0brqrszt4kpe1qsgdne4mg-control.3.mega.nz,MegaUploadSites,0,3/19/2025,3/19/2025,,,,Intel::DOMAIN,
4qob0brqrszt4kpe1qsgdne4mg-control.mega.nz,MegaUploadSites,0,3/19/2025,3/19/2025,,,,Intel::DOMAIN,
4qob0brqrszt4kpe1qsgdne4mg-llc.mega.nz,MegaUploadSites,0,3/19/2025,3/19/2025,,,,Intel::DOMAIN,
4qob0brqrszt4kpe1qsgdne4mg-phx.mega.nz,MegaUploadSites,0,3/19/2025,3/19/2025,,,,Intel::DOMAIN,
4qob0brqrszt4kpe1qsgdne4mg.m.mega.nz,MegaUploadSites,0,3/19/2025,3/19/2025,,,,Intel::DOMAIN,
4qob0brqrszt4kpe1qsgdne4mg.mega.nz,MegaUploadSites,0,3/19/2025,3/19/2025,,,,Intel::DOMAIN,
4qob0brqrszt4kpe1qsgdne4mgapsoutheast1.mega.nz,MegaUploadSites,0,3/19/2025,3/19/2025,,,,Intel::DOMAIN,
4qob0brqrszt4kpe1qsgdne4mgd.8.mega.nz,MegaUploadSites,0,3/19/2025,3/19/2025,,,,Intel::DOMAIN,
4qob0brqrszt4kpe1qsgdne4mgforms.mega.nz,MegaUploadSites,0,3/19/2025,3/19/2025,,,,Intel::DOMAIN,
4qob0brqrszt4kpe1qsgdne4mglatinamerica.m.mega.nz,MegaUploadSites,0,3/19/2025,3/19/2025,,,,Intel::DOMAIN,
4qob0brqrszt4kpe1qsgdne4mglatinamerica.mega.nz,MegaUploadSites,0,3/19/2025,3/19/2025,,,,Intel::DOMAIN,
4qob0brqrszt4kpe1qsgdne4mgprd.m.mega.nz,MegaUploadSites,0,3/19/2025,3/19/2025,,,,Intel::DOMAIN,
4qob0brqrszt4kpe1qsgdne4mgprd.mega.nz,MegaUploadSites,0,3/19/2025,3/19/2025,,,,Intel::DOMAIN,
4qob0brqrszt4kpe1qsgdne4mgproduction.7.mega.nz,MegaUploadSites,0,3/19/2025,3/19/2025,,,,Intel::DOMAIN,
4qob0brqrszt4kpe1qsgdne4mgtestbed.3.mega.nz,MegaUploadSites,0,3/19/2025,3/19/2025,,,,Intel::DOMAIN,
4s.mega.nz,MegaUploadSites,0,3/19/2025,3/19/2025,,,,Intel::DOMAIN,
4w.mega.nz,MegaUploadSites,0,3/19/2025,3/19/2025,,,,Intel::DOMAIN,
5.mega.nz,MegaUploadSites,0,3/19/2025,3/19/2025,,,,Intel::DOMAIN,
5.share.photo.mega.nz,MegaUploadSites,0,3/19/2025,3/19/2025,,,,Intel::DOMAIN,
500.cms.mega.nz,MegaUploadSites,0,3/19/2025,3/19/2025,,,,Intel::DOMAIN,
51.mega.nz,MegaUploadSites,0,3/19/2025,3/19/2025,,,,Intel::DOMAIN,
510000.net.cn.mega.nz,MegaUploadSites,0,3/19/2025,3/19/2025,,,,Intel::DOMAIN,
51h.mega.nz,MegaUploadSites,0,3/19/2025,3/19/2025,,,,Intel::DOMAIN,
51u9lxis.auto.mega.nz,MegaUploadSites,0,3/19/2025,3/19/2025,,,,Intel::DOMAIN,
52138888.cn.mega.nz,MegaUploadSites,0,3/19/2025,3/19/2025,,,,Intel::DOMAIN,
52278888.cn.mega.nz,MegaUploadSites,0,3/19/2025,3/19/2025,,,,Intel::DOMAIN,
52gwgk.com.mega.nz,MegaUploadSites,0,3/19/2025,3/19/2025,,,,Intel::DOMAIN,
53.mega.nz,MegaUploadSites,0,3/19/2025,3/19/2025,,,,Intel::DOMAIN,
54.mega.nz,MegaUploadSites,0,3/19/2025,3/19/2025,,,,Intel::DOMAIN,
54anmu.rss.mega.nz,MegaUploadSites,0,3/19/2025,3/19/2025,,,,Intel::DOMAIN,
550000.net.cn.mega.nz,MegaUploadSites,0,3/19/2025,3/19/2025,,,,Intel::DOMAIN,
5555968.cn.mega.nz,MegaUploadSites,0,3/19/2025,3/19/2025,,,,Intel::DOMAIN,
55665333.com.mega.nz,MegaUploadSites,0,3/19/2025,3/19/2025,,,,Intel::DOMAIN,
55f.mega.nz,MegaUploadSites,0,3/19/2025,3/19/2025,,,,Intel::DOMAIN,
55h.mega.nz,MegaUploadSites,0,3/19/2025,3/19/2025,,,,Intel::DOMAIN,
560000.net.cn.mega.nz,MegaUploadSites,0,3/19/2025,3/19/2025,,,,Intel::DOMAIN,
56368888.cn.mega.nz,MegaUploadSites,0,3/19/2025,3/19/2025,,,,Intel::DOMAIN,
57.mega.nz,MegaUploadSites,0,3/19/2025,3/19/2025,,,,Intel::DOMAIN,
570000.net.cn.mega.nz,MegaUploadSites,0,3/19/2025,3/19/2025,,,,Intel::DOMAIN,
5727.am.mega.nz,MegaUploadSites,0,3/19/2025,3/19/2025,,,,Intel::DOMAIN,
574.cms.mega.nz,MegaUploadSites,0,3/19/2025,3/19/2025,,,,Intel::DOMAIN,
57878888.cn.mega.nz,MegaUploadSites,0,3/19/2025,3/19/2025,,,,Intel::DOMAIN,
57978888.cn.mega.nz,MegaUploadSites,0,3/19/2025,3/19/2025,,,,Intel::DOMAIN,
57h.mega.nz,MegaUploadSites,0,3/19/2025,3/19/2025,,,,Intel::DOMAIN,
5819.am.mega.nz,MegaUploadSites,0,3/19/2025,3/19/2025,,,,Intel::DOMAIN,
58328888.cn.mega.nz,MegaUploadSites,0,3/19/2025,3/19/2025,,,,Intel::DOMAIN,
588blog.m.mega.nz,MegaUploadSites,0,3/19/2025,3/19/2025,,,,Intel::DOMAIN,
588blog.mega.nz,MegaUploadSites,0,3/19/2025,3/19/2025,,,,Intel::DOMAIN,
59.mega.nz,MegaUploadSites,0,3/19/2025,3/19/2025,,,,Intel::DOMAIN,
59328888.cn.mega.nz,MegaUploadSites,0,3/19/2025,3/19/2025,,,,Intel::DOMAIN,
59578888.cn.mega.nz,MegaUploadSites,0,3/19/2025,3/19/2025,,,,Intel::DOMAIN,
5965.am.mega.nz,MegaUploadSites,0,3/19/2025,3/19/2025,,,,Intel::DOMAIN,
5ai78.cn.mega.nz,MegaUploadSites,0,3/19/2025,3/19/2025,,,,Intel::DOMAIN,
5h.mega.nz,MegaUploadSites,0,3/19/2025,3/19/2025,,,,Intel::DOMAIN,
5ijj.net.mega.nz,MegaUploadSites,0,3/19/2025,3/19/2025,,,,Intel::DOMAIN,
5n2b.e.mega.nz,MegaUploadSites,0,3/19/2025,3/19/2025,,,,Intel::DOMAIN,
5pg5141cdgq4y3u.wap.mega.nz,MegaUploadSites,0,3/19/2025,3/19/2025,,,,Intel::DOMAIN,
5phd4boqgwewfj5114tmrslq0h.m.mega.nz,MegaUploadSites,0,3/19/2025,3/19/2025,,,,Intel::DOMAIN,
5phd4boqgwewfj5114tmrslq0h.mega.nz,MegaUploadSites,0,3/19/2025,3/19/2025,,,,Intel::DOMAIN,
5s.mega.nz,MegaUploadSites,0,3/19/2025,3/19/2025,,,,Intel::DOMAIN,
5skz2pnca3.s.mega.nz,MegaUploadSites,0,3/19/2025,3/19/2025,,,,Intel::DOMAIN,
5w.mega.nz,MegaUploadSites,0,3/19/2025,3/19/2025,,,,Intel::DOMAIN,
5wvw.de.mega.nz,MegaUploadSites,0,3/19/2025,3/19/2025,,,,Intel::DOMAIN,
5xuqk5sslmlq2bptessytbzuee.m.mega.nz,MegaUploadSites,0,3/19/2025,3/19/2025,,,,Intel::DOMAIN,
5xuqk5sslmlq2bptessytbzuee.mega.nz,MegaUploadSites,0,3/19/2025,3/19/2025,,,,Intel::DOMAIN,
6.mega.nz,MegaUploadSites,0,3/19/2025,3/19/2025,,,,Intel::DOMAIN,
60.mega.nz,MegaUploadSites,0,3/19/2025,3/19/2025,,,,Intel::DOMAIN,
60h.mega.nz,MegaUploadSites,0,3/19/2025,3/19/2025,,,,Intel::DOMAIN,
61.mega.nz,MegaUploadSites,0,3/19/2025,3/19/2025,,,,Intel::DOMAIN,
61293.date.mega.nz,MegaUploadSites,0,3/19/2025,3/19/2025,,,,Intel::DOMAIN,
6133.am.mega.nz,MegaUploadSites,0,3/19/2025,3/19/2025,,,,Intel::DOMAIN,
61352.date.mega.nz,MegaUploadSites,0,3/19/2025,3/19/2025,,,,Intel::DOMAIN,
61357.date.mega.nz,MegaUploadSites,0,3/19/2025,3/19/2025,,,,Intel::DOMAIN,
61h.mega.nz,MegaUploadSites,0,3/19/2025,3/19/2025,,,,Intel::DOMAIN,
61ok.cn.mega.nz,MegaUploadSites,0,3/19/2025,3/19/2025,,,,Intel::DOMAIN,
61xpjrkwcfa.mega.nz,MegaUploadSites,0,3/19/2025,3/19/2025,,,,Intel::DOMAIN,
62.mega.nz,MegaUploadSites,0,3/19/2025,3/19/2025,,,,Intel::DOMAIN,
624.b.mega.nz,MegaUploadSites,0,3/19/2025,3/19/2025,,,,Intel::DOMAIN,
63.mega.nz,MegaUploadSites,0,3/19/2025,3/19/2025,,,,Intel::DOMAIN,
64h.mega.nz,MegaUploadSites,0,3/19/2025,3/19/2025,,,,Intel::DOMAIN,
65.mega.nz,MegaUploadSites,0,3/19/2025,3/19/2025,,,,Intel::DOMAIN,
6511.am.mega.nz,MegaUploadSites,0,3/19/2025,3/19/2025,,,,Intel::DOMAIN,
6597.am.mega.nz,MegaUploadSites,0,3/19/2025,3/19/2025,,,,Intel::DOMAIN,
65a58bb686954b768fcc0b1610ea644d.mega.nz,MegaUploadSites,0,3/19/2025,3/19/2025,,,,Intel::DOMAIN,
65h.mega.nz,MegaUploadSites,0,3/19/2025,3/19/2025,,,,Intel::DOMAIN,
66.mega.nz,MegaUploadSites,0,3/19/2025,3/19/2025,,,,Intel::DOMAIN,
6666856.cn.mega.nz,MegaUploadSites,0,3/19/2025,3/19/2025,,,,Intel::DOMAIN,
666777999.cn.mega.nz,MegaUploadSites,0,3/19/2025,3/19/2025,,,,Intel::DOMAIN,
669.mega.nz,MegaUploadSites,0,3/19/2025,3/19/2025,,,,Intel::DOMAIN,
6711.am.mega.nz,MegaUploadSites,0,3/19/2025,3/19/2025,,,,Intel::DOMAIN,
675.cms.mega.nz,MegaUploadSites,0,3/19/2025,3/19/2025,,,,Intel::DOMAIN,
6753970668679420.www.mega.nz,MegaUploadSites,0,3/19/2025,3/19/2025,,,,Intel::DOMAIN,
68.mega.nz,MegaUploadSites,0,3/19/2025,3/19/2025,,,,Intel::DOMAIN,
6819.am.mega.nz,MegaUploadSites,0,3/19/2025,3/19/2025,,,,Intel::DOMAIN,
6821.am.mega.nz,MegaUploadSites,0,3/19/2025,3/19/2025,,,,Intel::DOMAIN,
6829.am.mega.nz,MegaUploadSites,0,3/19/2025,3/19/2025,,,,Intel::DOMAIN,
6831.am.mega.nz,MegaUploadSites,0,3/19/2025,3/19/2025,,,,Intel::DOMAIN,
6835.am.mega.nz,MegaUploadSites,0,3/19/2025,3/19/2025,,,,Intel::DOMAIN,
68355.date.mega.nz,MegaUploadSites,0,3/19/2025,3/19/2025,,,,Intel::DOMAIN,
6859.am.mega.nz,MegaUploadSites,0,3/19/2025,3/19/2025,,,,Intel::DOMAIN,
6879.am.mega.nz,MegaUploadSites,0,3/19/2025,3/19/2025,,,,Intel::DOMAIN,
6881.am.mega.nz,MegaUploadSites,0,3/19/2025,3/19/2025,,,,Intel::DOMAIN,
68rqd1z97hkvo.a.mega.nz,MegaUploadSites,0,3/19/2025,3/19/2025,,,,Intel::DOMAIN,
6911.am.mega.nz,MegaUploadSites,0,3/19/2025,3/19/2025,,,,Intel::DOMAIN,
6912.am.mega.nz,MegaUploadSites,0,3/19/2025,3/19/2025,,,,Intel::DOMAIN,
6919.am.mega.nz,MegaUploadSites,0,3/19/2025,3/19/2025,,,,Intel::DOMAIN,
6937.am.mega.nz,MegaUploadSites,0,3/19/2025,3/19/2025,,,,Intel::DOMAIN,
6938.am.mega.nz,MegaUploadSites,0,3/19/2025,3/19/2025,,,,Intel::DOMAIN,
6958.am.mega.nz,MegaUploadSites,0,3/19/2025,3/19/2025,,,,Intel::DOMAIN,
6959.am.mega.nz,MegaUploadSites,0,3/19/2025,3/19/2025,,,,Intel::DOMAIN,
6967.am.mega.nz,MegaUploadSites,0,3/19/2025,3/19/2025,,,,Intel::DOMAIN,
6978.am.mega.nz,MegaUploadSites,0,3/19/2025,3/19/2025,,,,Intel::DOMAIN,
6979.am.mega.nz,MegaUploadSites,0,3/19/2025,3/19/2025,,,,Intel::DOMAIN,
6985.am.mega.nz,MegaUploadSites,0,3/19/2025,3/19/2025,,,,Intel::DOMAIN,
6987.am.mega.nz,MegaUploadSites,0,3/19/2025,3/19/2025,,,,Intel::DOMAIN,
69h.mega.nz,MegaUploadSites,0,3/19/2025,3/19/2025,,,,Intel::DOMAIN,
6e.mega.nz,MegaUploadSites,0,3/19/2025,3/19/2025,,,,Intel::DOMAIN,
6h.mega.nz,MegaUploadSites,0,3/19/2025,3/19/2025,,,,Intel::DOMAIN,
6hjwu55jdk4.cms.mega.nz,MegaUploadSites,0,3/19/2025,3/19/2025,,,,Intel::DOMAIN,
6hy1bol6r8lkh.e.mega.nz,MegaUploadSites,0,3/19/2025,3/19/2025,,,,Intel::DOMAIN,
6p.mega.nz,MegaUploadSites,0,3/19/2025,3/19/2025,,,,Intel::DOMAIN,
6pd.mega.nz,MegaUploadSites,0,3/19/2025,3/19/2025,,,,Intel::DOMAIN,
6ptdcbofycy.mega.nz,MegaUploadSites,0,3/19/2025,3/19/2025,,,,Intel::DOMAIN,
6s.mega.nz,MegaUploadSites,0,3/19/2025,3/19/2025,,,,Intel::DOMAIN,
6x04jitt0qfud.tv.mega.nz,MegaUploadSites,0,3/19/2025,3/19/2025,,,,Intel::DOMAIN,
7.mega.nz,MegaUploadSites,0,3/19/2025,3/19/2025,,,,Intel::DOMAIN,
70.mega.nz,MegaUploadSites,0,3/19/2025,3/19/2025,,,,Intel::DOMAIN,
700.mega.nz,MegaUploadSites,0,3/19/2025,3/19/2025,,,,Intel::DOMAIN,
70zhuangxiu.com.mega.nz,MegaUploadSites,0,3/19/2025,3/19/2025,,,,Intel::DOMAIN,
71.mega.nz,MegaUploadSites,0,3/19/2025,3/19/2025,,,,Intel::DOMAIN,
7117.am.mega.nz,MegaUploadSites,0,3/19/2025,3/19/2025,,,,Intel::DOMAIN,
7119.am.mega.nz,MegaUploadSites,0,3/19/2025,3/19/2025,,,,Intel::DOMAIN,
71198888.cn.mega.nz,MegaUploadSites,0,3/19/2025,3/19/2025,,,,Intel::DOMAIN,
7122.am.mega.nz,MegaUploadSites,0,3/19/2025,3/19/2025,,,,Intel::DOMAIN,
7126.am.mega.nz,MegaUploadSites,0,3/19/2025,3/19/2025,,,,Intel::DOMAIN,
7128.am.mega.nz,MegaUploadSites,0,3/19/2025,3/19/2025,,,,Intel::DOMAIN,
7129.am.mega.nz,MegaUploadSites,0,3/19/2025,3/19/2025,,,,Intel::DOMAIN,
7132.am.mega.nz,MegaUploadSites,0,3/19/2025,3/19/2025,,,,Intel::DOMAIN,
7133.am.mega.nz,MegaUploadSites,0,3/19/2025,3/19/2025,,,,Intel::DOMAIN,
7135.am.mega.nz,MegaUploadSites,0,3/19/2025,3/19/2025,,,,Intel::DOMAIN,
7137.am.mega.nz,MegaUploadSites,0,3/19/2025,3/19/2025,,,,Intel::DOMAIN,
7138.am.mega.nz,MegaUploadSites,0,3/19/2025,3/19/2025,,,,Intel::DOMAIN,
7167.am.mega.nz,MegaUploadSites,0,3/19/2025,3/19/2025,,,,Intel::DOMAIN,
71678888.cn.mega.nz,MegaUploadSites,0,3/19/2025,3/19/2025,,,,Intel::DOMAIN,
7168.am.mega.nz,MegaUploadSites,0,3/19/2025,3/19/2025,,,,Intel::DOMAIN,
7178.am.mega.nz,MegaUploadSites,0,3/19/2025,3/19/2025,,,,Intel::DOMAIN,
7179.am.mega.nz,MegaUploadSites,0,3/19/2025,3/19/2025,,,,Intel::DOMAIN,
7185.am.mega.nz,MegaUploadSites,0,3/19/2025,3/19/2025,,,,Intel::DOMAIN,
7186.am.mega.nz,MegaUploadSites,0,3/19/2025,3/19/2025,,,,Intel::DOMAIN,
7187.am.mega.nz,MegaUploadSites,0,3/19/2025,3/19/2025,,,,Intel::DOMAIN,
7189.am.mega.nz,MegaUploadSites,0,3/19/2025,3/19/2025,,,,Intel::DOMAIN,
7196.am.mega.nz,MegaUploadSites,0,3/19/2025,3/19/2025,,,,Intel::DOMAIN,
7197.am.mega.nz,MegaUploadSites,0,3/19/2025,3/19/2025,,,,Intel::DOMAIN,
7198.am.mega.nz,MegaUploadSites,0,3/19/2025,3/19/2025,,,,Intel::DOMAIN,
71h.mega.nz,MegaUploadSites,0,3/19/2025,3/19/2025,,,,Intel::DOMAIN,
71rre.faith.mega.nz,MegaUploadSites,0,3/19/2025,3/19/2025,,,,Intel::DOMAIN,
7211.am.mega.nz,MegaUploadSites,0,3/19/2025,3/19/2025,,,,Intel::DOMAIN,
7216.am.mega.nz,MegaUploadSites,0,3/19/2025,3/19/2025,,,,Intel::DOMAIN,
7217.am.mega.nz,MegaUploadSites,0,3/19/2025,3/19/2025,,,,Intel::DOMAIN,
7219.am.mega.nz,MegaUploadSites,0,3/19/2025,3/19/2025,,,,Intel::DOMAIN,
7221.am.mega.nz,MegaUploadSites,0,3/19/2025,3/19/2025,,,,Intel::DOMAIN,
72218888.cn.mega.nz,MegaUploadSites,0,3/19/2025,3/19/2025,,,,Intel::DOMAIN,
7225.am.mega.nz,MegaUploadSites,0,3/19/2025,3/19/2025,,,,Intel::DOMAIN,
7226.am.mega.nz,MegaUploadSites,0,3/19/2025,3/19/2025,,,,Intel::DOMAIN,
7233.am.mega.nz,MegaUploadSites,0,3/19/2025,3/19/2025,,,,Intel::DOMAIN,
72h.mega.nz,MegaUploadSites,0,3/19/2025,3/19/2025,,,,Intel::DOMAIN,
7337.am.mega.nz,MegaUploadSites,0,3/19/2025,3/19/2025,,,,Intel::DOMAIN,
7338.am.mega.nz,MegaUploadSites,0,3/19/2025,3/19/2025,,,,Intel::DOMAIN,
7339.am.mega.nz,MegaUploadSites,0,3/19/2025,3/19/2025,,,,Intel::DOMAIN,
7356.am.mega.nz,MegaUploadSites,0,3/19/2025,3/19/2025,,,,Intel::DOMAIN,
7357.am.mega.nz,MegaUploadSites,0,3/19/2025,3/19/2025,,,,Intel::DOMAIN,
7358.am.mega.nz,MegaUploadSites,0,3/19/2025,3/19/2025,,,,Intel::DOMAIN,
7359.am.mega.nz,MegaUploadSites,0,3/19/2025,3/19/2025,,,,Intel::DOMAIN,
7367.am.mega.nz,MegaUploadSites,0,3/19/2025,3/19/2025,,,,Intel::DOMAIN,
7369.am.mega.nz,MegaUploadSites,0,3/19/2025,3/19/2025,,,,Intel::DOMAIN,
75.mega.nz,MegaUploadSites,0,3/19/2025,3/19/2025,,,,Intel::DOMAIN,
75928888.cn.mega.nz,MegaUploadSites,0,3/19/2025,3/19/2025,,,,Intel::DOMAIN,
76.mega.nz,MegaUploadSites,0,3/19/2025,3/19/2025,,,,Intel::DOMAIN,
760000.net.cn.mega.nz,MegaUploadSites,0,3/19/2025,3/19/2025,,,,Intel::DOMAIN,
77.mega.nz,MegaUploadSites,0,3/19/2025,3/19/2025,,,,Intel::DOMAIN,
77838888.cn.mega.nz,MegaUploadSites,0,3/19/2025,3/19/2025,,,,Intel::DOMAIN,
77kino.com.mega.nz,MegaUploadSites,0,3/19/2025,3/19/2025,,,,Intel::DOMAIN,
78.mega.nz,MegaUploadSites,0,3/19/2025,3/19/2025,,,,Intel::DOMAIN,
79378888.cn.mega.nz,MegaUploadSites,0,3/19/2025,3/19/2025,,,,Intel::DOMAIN,
795597.net.cn.mega.nz,MegaUploadSites,0,3/19/2025,3/19/2025,,,,Intel::DOMAIN,
79568888.cn.mega.nz,MegaUploadSites,0,3/19/2025,3/19/2025,,,,Intel::DOMAIN,
796697.net.cn.mega.nz,MegaUploadSites,0,3/19/2025,3/19/2025,,,,Intel::DOMAIN,
79h.mega.nz,MegaUploadSites,0,3/19/2025,3/19/2025,,,,Intel::DOMAIN,
7a.mega.nz,MegaUploadSites,0,3/19/2025,3/19/2025,,,,Intel::DOMAIN,
7bixmgo.urc.ac.ru.mega.nz,MegaUploadSites,0,3/19/2025,3/19/2025,,,,Intel::DOMAIN,
7d39a.faith.mega.nz,MegaUploadSites,0,3/19/2025,3/19/2025,,,,Intel::DOMAIN,
7eo94ivznzq.mega.nz,MegaUploadSites,0,3/19/2025,3/19/2025,,,,Intel::DOMAIN,
7h4d2.faith.mega.nz,MegaUploadSites,0,3/19/2025,3/19/2025,,,,Intel::DOMAIN,
7mu9whgpdxs2o.auto.mega.nz,MegaUploadSites,0,3/19/2025,3/19/2025,,,,Intel::DOMAIN,
7n.mega.nz,MegaUploadSites,0,3/19/2025,3/19/2025,,,,Intel::DOMAIN,
7p.mega.nz,MegaUploadSites,0,3/19/2025,3/19/2025,,,,Intel::DOMAIN,
7qdkxuycv4xh.i50.mega.nz,MegaUploadSites,0,3/19/2025,3/19/2025,,,,Intel::DOMAIN,
7qwdsaidpqws.urc.ac.ru.mega.nz,MegaUploadSites,0,3/19/2025,3/19/2025,,,,Intel::DOMAIN,
7rc.mega.nz,MegaUploadSites,0,3/19/2025,3/19/2025,,,,Intel::DOMAIN,
7yv3nq82xc00.gw.mega.nz,MegaUploadSites,0,3/19/2025,3/19/2025,,,,Intel::DOMAIN,
7yx.mega.nz,MegaUploadSites,0,3/19/2025,3/19/2025,,,,Intel::DOMAIN,
8.mega.nz,MegaUploadSites,0,3/19/2025,3/19/2025,,,,Intel::DOMAIN,
81.mega.nz,MegaUploadSites,0,3/19/2025,3/19/2025,,,,Intel::DOMAIN,
8118888.org.cn.mega.nz,MegaUploadSites,0,3/19/2025,3/19/2025,,,,Intel::DOMAIN,
8178888.net.cn.mega.nz,MegaUploadSites,0,3/19/2025,3/19/2025,,,,Intel::DOMAIN,
82.mega.nz,MegaUploadSites,0,3/19/2025,3/19/2025,,,,Intel::DOMAIN,
8228888.org.cn.mega.nz,MegaUploadSites,0,3/19/2025,3/19/2025,,,,Intel::DOMAIN,
82a8f3c1.vpn.mega.nz,MegaUploadSites,0,3/19/2025,3/19/2025,,,,Intel::DOMAIN,
82h.mega.nz,MegaUploadSites,0,3/19/2025,3/19/2025,,,,Intel::DOMAIN,
83.mega.nz,MegaUploadSites,0,3/19/2025,3/19/2025,,,,Intel::DOMAIN,
8338888.org.cn.mega.nz,MegaUploadSites,0,3/19/2025,3/19/2025,,,,Intel::DOMAIN,
83h.mega.nz,MegaUploadSites,0,3/19/2025,3/19/2025,,,,Intel::DOMAIN,
849512sebqcj.tv.mega.nz,MegaUploadSites,0,3/19/2025,3/19/2025,,,,Intel::DOMAIN,
85.mega.nz,MegaUploadSites,0,3/19/2025,3/19/2025,,,,Intel::DOMAIN,
8558888.org.cn.mega.nz,MegaUploadSites,0,3/19/2025,3/19/2025,,,,Intel::DOMAIN,
858sb.com.mega.nz,MegaUploadSites,0,3/19/2025,3/19/2025,,,,Intel::DOMAIN,
86468.org.cn.mega.nz,MegaUploadSites,0,3/19/2025,3/19/2025,,,,Intel::DOMAIN,
8668888.org.cn.mega.nz,MegaUploadSites,0,3/19/2025,3/19/2025,,,,Intel::DOMAIN,
867.mega.nz,MegaUploadSites,0,3/19/2025,3/19/2025,,,,Intel::DOMAIN,
87-3.mega.nz,MegaUploadSites,0,3/19/2025,3/19/2025,,,,Intel::DOMAIN,
87-4.mega.nz,MegaUploadSites,0,3/19/2025,3/19/2025,,,,Intel::DOMAIN,
87-6.mega.nz,MegaUploadSites,0,3/19/2025,3/19/2025,,,,Intel::DOMAIN,
87-7.mega.nz,MegaUploadSites,0,3/19/2025,3/19/2025,,,,Intel::DOMAIN,
87-9.mega.nz,MegaUploadSites,0,3/19/2025,3/19/2025,,,,Intel::DOMAIN,
87.m.mega.nz,MegaUploadSites,0,3/19/2025,3/19/2025,,,,Intel::DOMAIN,
87.mega.nz,MegaUploadSites,0,3/19/2025,3/19/2025,,,,Intel::DOMAIN,
873.mega.nz,MegaUploadSites,0,3/19/2025,3/19/2025,,,,Intel::DOMAIN,
87548.org.cn.mega.nz,MegaUploadSites,0,3/19/2025,3/19/2025,,,,Intel::DOMAIN,
8768888.net.cn.mega.nz,MegaUploadSites,0,3/19/2025,3/19/2025,,,,Intel::DOMAIN,
877.mega.nz,MegaUploadSites,0,3/19/2025,3/19/2025,,,,Intel::DOMAIN,
877928.net.cn.mega.nz,MegaUploadSites,0,3/19/2025,3/19/2025,,,,Intel::DOMAIN,
877938.net.cn.mega.nz,MegaUploadSites,0,3/19/2025,3/19/2025,,,,Intel::DOMAIN,
8798888.net.cn.mega.nz,MegaUploadSites,0,3/19/2025,3/19/2025,,,,Intel::DOMAIN,
88.mega.nz,MegaUploadSites,0,3/19/2025,3/19/2025,,,,Intel::DOMAIN,
882571.net.cn.mega.nz,MegaUploadSites,0,3/19/2025,3/19/2025,,,,Intel::DOMAIN,
882572.net.cn.mega.nz,MegaUploadSites,0,3/19/2025,3/19/2025,,,,Intel::DOMAIN,
882592.net.cn.mega.nz,MegaUploadSites,0,3/19/2025,3/19/2025,,,,Intel::DOMAIN,
882612.net.cn.mega.nz,MegaUploadSites,0,3/19/2025,3/19/2025,,,,Intel::DOMAIN,
882712.net.cn.mega.nz,MegaUploadSites,0,3/19/2025,3/19/2025,,,,Intel::DOMAIN,
882725.net.cn.mega.nz,MegaUploadSites,0,3/19/2025,3/19/2025,,,,Intel::DOMAIN,
882726.net.cn.mega.nz,MegaUploadSites,0,3/19/2025,3/19/2025,,,,Intel::DOMAIN,
882731.net.cn.mega.nz,MegaUploadSites,0,3/19/2025,3/19/2025,,,,Intel::DOMAIN,
882732.net.cn.mega.nz,MegaUploadSites,0,3/19/2025,3/19/2025,,,,Intel::DOMAIN,
882735.net.cn.mega.nz,MegaUploadSites,0,3/19/2025,3/19/2025,,,,Intel::DOMAIN,
882736.net.cn.mega.nz,MegaUploadSites,0,3/19/2025,3/19/2025,,,,Intel::DOMAIN,
882753.net.cn.mega.nz,MegaUploadSites,0,3/19/2025,3/19/2025,,,,Intel::DOMAIN,
882762.net.cn.mega.nz,MegaUploadSites,0,3/19/2025,3/19/2025,,,,Intel::DOMAIN,
883536.net.cn.mega.nz,MegaUploadSites,0,3/19/2025,3/19/2025,,,,Intel::DOMAIN,
883537.net.cn.mega.nz,MegaUploadSites,0,3/19/2025,3/19/2025,,,,Intel::DOMAIN,
883563.net.cn.mega.nz,MegaUploadSites,0,3/19/2025,3/19/2025,,,,Intel::DOMAIN,
883572.net.cn.mega.nz,MegaUploadSites,0,3/19/2025,3/19/2025,,,,Intel::DOMAIN,
883576.net.cn.mega.nz,MegaUploadSites,0,3/19/2025,3/19/2025,,,,Intel::DOMAIN,
883583.net.cn.mega.nz,MegaUploadSites,0,3/19/2025,3/19/2025,,,,Intel::DOMAIN,
883589.net.cn.mega.nz,MegaUploadSites,0,3/19/2025,3/19/2025,,,,Intel::DOMAIN,
883593.net.cn.mega.nz,MegaUploadSites,0,3/19/2025,3/19/2025,,,,Intel::DOMAIN,
883623.net.cn.mega.nz,MegaUploadSites,0,3/19/2025,3/19/2025,,,,Intel::DOMAIN,
883631.net.cn.mega.nz,MegaUploadSites,0,3/19/2025,3/19/2025,,,,Intel::DOMAIN,
883632.net.cn.mega.nz,MegaUploadSites,0,3/19/2025,3/19/2025,,,,Intel::DOMAIN,
883635.net.cn.mega.nz,MegaUploadSites,0,3/19/2025,3/19/2025,,,,Intel::DOMAIN,
883637.net.cn.mega.nz,MegaUploadSites,0,3/19/2025,3/19/2025,,,,Intel::DOMAIN,
883639.net.cn.mega.nz,MegaUploadSites,0,3/19/2025,3/19/2025,,,,Intel::DOMAIN,
883671.net.cn.mega.nz,MegaUploadSites,0,3/19/2025,3/19/2025,,,,Intel::DOMAIN,
883673.net.cn.mega.nz,MegaUploadSites,0,3/19/2025,3/19/2025,,,,Intel::DOMAIN,
883713.net.cn.mega.nz,MegaUploadSites,0,3/19/2025,3/19/2025,,,,Intel::DOMAIN,
883763.net.cn.mega.nz,MegaUploadSites,0,3/19/2025,3/19/2025,,,,Intel::DOMAIN,
883793.net.cn.mega.nz,MegaUploadSites,0,3/19/2025,3/19/2025,,,,Intel::DOMAIN,
883923.net.cn.mega.nz,MegaUploadSites,0,3/19/2025,3/19/2025,,,,Intel::DOMAIN,
883932.net.cn.mega.nz,MegaUploadSites,0,3/19/2025,3/19/2025,,,,Intel::DOMAIN,
883936.net.cn.mega.nz,MegaUploadSites,0,3/19/2025,3/19/2025,,,,Intel::DOMAIN,
883953.net.cn.mega.nz,MegaUploadSites,0,3/19/2025,3/19/2025,,,,Intel::DOMAIN,
883963.net.cn.mega.nz,MegaUploadSites,0,3/19/2025,3/19/2025,,,,Intel::DOMAIN,
883973.net.cn.mega.nz,MegaUploadSites,0,3/19/2025,3/19/2025,,,,Intel::DOMAIN,
883983.net.cn.mega.nz,MegaUploadSites,0,3/19/2025,3/19/2025,,,,Intel::DOMAIN,
886926.net.cn.mega.nz,MegaUploadSites,0,3/19/2025,3/19/2025,,,,Intel::DOMAIN,
887972.net.cn.mega.nz,MegaUploadSites,0,3/19/2025,3/19/2025,,,,Intel::DOMAIN,
8888228.org.cn.mega.nz,MegaUploadSites,0,3/19/2025,3/19/2025,,,,Intel::DOMAIN,
88883333.org.cn.mega.nz,MegaUploadSites,0,3/19/2025,3/19/2025,,,,Intel::DOMAIN,
8888338.org.cn.mega.nz,MegaUploadSites,0,3/19/2025,3/19/2025,,,,Intel::DOMAIN,
8888558.org.cn.mega.nz,MegaUploadSites,0,3/19/2025,3/19/2025,,,,Intel::DOMAIN,
8888777.org.cn.mega.nz,MegaUploadSites,0,3/19/2025,3/19/2025,,,,Intel::DOMAIN,
88887777.org.cn.mega.nz,MegaUploadSites,0,3/19/2025,3/19/2025,,,,Intel::DOMAIN,
8888778.org.cn.mega.nz,MegaUploadSites,0,3/19/2025,3/19/2025,,,,Intel::DOMAIN,
88888883.org.cn.mega.nz,MegaUploadSites,0,3/19/2025,3/19/2025,,,,Intel::DOMAIN,
88888885.org.cn.mega.nz,MegaUploadSites,0,3/19/2025,3/19/2025,,,,Intel::DOMAIN,
88888886.org.cn.mega.nz,MegaUploadSites,0,3/19/2025,3/19/2025,,,,Intel::DOMAIN,
88888887.org.cn.mega.nz,MegaUploadSites,0,3/19/2025,3/19/2025,,,,Intel::DOMAIN,
8888998.org.cn.mega.nz,MegaUploadSites,0,3/19/2025,3/19/2025,,,,Intel::DOMAIN,
890000.net.cn.mega.nz,MegaUploadSites,0,3/19/2025,3/19/2025,,,,Intel::DOMAIN,
89148.org.cn.mega.nz,MegaUploadSites,0,3/19/2025,3/19/2025,,,,Intel::DOMAIN,
89428.org.cn.mega.nz,MegaUploadSites,0,3/19/2025,3/19/2025,,,,Intel::DOMAIN,
8a.mega.nz,MegaUploadSites,0,3/19/2025,3/19/2025,,,,Intel::DOMAIN,
8ch.mega.nz,MegaUploadSites,0,3/19/2025,3/19/2025,,,,Intel::DOMAIN,
8ggss.cn.mega.nz,MegaUploadSites,0,3/19/2025,3/19/2025,,,,Intel::DOMAIN,
8j.mega.nz,MegaUploadSites,0,3/19/2025,3/19/2025,,,,Intel::DOMAIN,
8kqv7nlyxdz8.art.mega.nz,MegaUploadSites,0,3/19/2025,3/19/2025,,,,Intel::DOMAIN,
8n.mega.nz,MegaUploadSites,0,3/19/2025,3/19/2025,,,,Intel::DOMAIN,
8p.mega.nz,MegaUploadSites,0,3/19/2025,3/19/2025,,,,Intel::DOMAIN,
8rm0x14.go.mega.nz,MegaUploadSites,0,3/19/2025,3/19/2025,,,,Intel::DOMAIN,
9-0.mega.nz,MegaUploadSites,0,3/19/2025,3/19/2025,,,,Intel::DOMAIN,
9-3.mega.nz,MegaUploadSites,0,3/19/2025,3/19/2025,,,,Intel::DOMAIN,
9-6.mega.nz,MegaUploadSites,0,3/19/2025,3/19/2025,,,,Intel::DOMAIN,
9.m.mega.nz,MegaUploadSites,0,3/19/2025,3/19/2025,,,,Intel::DOMAIN,
9.mega.nz,MegaUploadSites,0,3/19/2025,3/19/2025,,,,Intel::DOMAIN,
91.mega.nz,MegaUploadSites,0,3/19/2025,3/19/2025,,,,Intel::DOMAIN,
92.mega.nz,MegaUploadSites,0,3/19/2025,3/19/2025,,,,Intel::DOMAIN,
920577.net.mega.nz,MegaUploadSites,0,3/19/2025,3/19/2025,,,,Intel::DOMAIN,
921pj.com.mega.nz,MegaUploadSites,0,3/19/2025,3/19/2025,,,,Intel::DOMAIN,
922.cms.mega.nz,MegaUploadSites,0,3/19/2025,3/19/2025,,,,Intel::DOMAIN,
923.mega.nz,MegaUploadSites,0,3/19/2025,3/19/2025,,,,Intel::DOMAIN,
929.cms.mega.nz,MegaUploadSites,0,3/19/2025,3/19/2025,,,,Intel::DOMAIN,
93.mega.nz,MegaUploadSites,0,3/19/2025,3/19/2025,,,,Intel::DOMAIN,
95.mega.nz,MegaUploadSites,0,3/19/2025,3/19/2025,,,,Intel::DOMAIN,
96.114.157.78.mega.nz,MegaUploadSites,0,3/19/2025,3/19/2025,,,,Intel::DOMAIN,
96855.date.mega.nz,MegaUploadSites,0,3/19/2025,3/19/2025,,,,Intel::DOMAIN,
97h.mega.nz,MegaUploadSites,0,3/19/2025,3/19/2025,,,,Intel::DOMAIN,
98.mega.nz,MegaUploadSites,0,3/19/2025,3/19/2025,,,,Intel::DOMAIN,
980000.net.cn.mega.nz,MegaUploadSites,0,3/19/2025,3/19/2025,,,,Intel::DOMAIN,
98155.date.mega.nz,MegaUploadSites,0,3/19/2025,3/19/2025,,,,Intel::DOMAIN,
9873776.com.m.mega.nz,MegaUploadSites,0,3/19/2025,3/19/2025,,,,Intel::DOMAIN,
98tzmzpg.e.mega.nz,MegaUploadSites,0,3/19/2025,3/19/2025,,,,Intel::DOMAIN,
99.mega.nz,MegaUploadSites,0,3/19/2025,3/19/2025,,,,Intel::DOMAIN,
99998888.org.cn.mega.nz,MegaUploadSites,0,3/19/2025,3/19/2025,,,,Intel::DOMAIN,
9a5.mega.nz,MegaUploadSites,0,3/19/2025,3/19/2025,,,,Intel::DOMAIN,
9b.ru.mega.nz,MegaUploadSites,0,3/19/2025,3/19/2025,,,,Intel::DOMAIN,
9b3.mega.nz,MegaUploadSites,0,3/19/2025,3/19/2025,,,,Intel::DOMAIN,
9ebq9ddcm7pwgkdx.adm.mega.nz,MegaUploadSites,0,3/19/2025,3/19/2025,,,,Intel::DOMAIN,
9gha.cn.mega.nz,MegaUploadSites,0,3/19/2025,3/19/2025,,,,Intel::DOMAIN,
9h.mega.nz,MegaUploadSites,0,3/19/2025,3/19/2025,,,,Intel::DOMAIN,
9hl9b.faith.mega.nz,MegaUploadSites,0,3/19/2025,3/19/2025,,,,Intel::DOMAIN,
9n.top.mega.nz,MegaUploadSites,0,3/19/2025,3/19/2025,,,,Intel::DOMAIN,
9p.mega.nz,MegaUploadSites,0,3/19/2025,3/19/2025,,,,Intel::DOMAIN,
9s.mega.nz,MegaUploadSites,0,3/19/2025,3/19/2025,,,,Intel::DOMAIN,
9w.mega.nz,MegaUploadSites,0,3/19/2025,3/19/2025,,,,Intel::DOMAIN,
a-lekmer-363630.c.mega.nz,MegaUploadSites,0,3/19/2025,3/19/2025,,,,Intel::DOMAIN,
a-mao-de-vata.mega.nz,MegaUploadSites,0,3/19/2025,3/19/2025,,,,Intel::DOMAIN,
a-p.mega.nz,MegaUploadSites,0,3/19/2025,3/19/2025,,,,Intel::DOMAIN,
a.c.mega.nz,MegaUploadSites,0,3/19/2025,3/19/2025,,,,Intel::DOMAIN,
a.m.mega.nz,MegaUploadSites,0,3/19/2025,3/19/2025,,,,Intel::DOMAIN,
a.mega.nz,MegaUploadSites,0,3/19/2025,3/19/2025,,,,Intel::DOMAIN,
a.mx.mega.nz,MegaUploadSites,0,3/19/2025,3/19/2025,,,,Intel::DOMAIN,
a.ns.mega.nz,MegaUploadSites,0,3/19/2025,3/19/2025,,,,Intel::DOMAIN,
a0rf44fvhc24bici0atczzqdtf.m.mega.nz,MegaUploadSites,0,3/19/2025,3/19/2025,,,,Intel::DOMAIN,
a0rf44fvhc24bici0atczzqdtf.mega.nz,MegaUploadSites,0,3/19/2025,3/19/2025,,,,Intel::DOMAIN,
a1.mega.nz,MegaUploadSites,0,3/19/2025,3/19/2025,,,,Intel::DOMAIN,
a2.mega.nz,MegaUploadSites,0,3/19/2025,3/19/2025,,,,Intel::DOMAIN,
a236.img.mega.nz,MegaUploadSites,0,3/19/2025,3/19/2025,,,,Intel::DOMAIN,
a25-cms.mega.nz,MegaUploadSites,0,3/19/2025,3/19/2025,,,,Intel::DOMAIN,
a2p1.cms.mega.nz,MegaUploadSites,0,3/19/2025,3/19/2025,,,,Intel::DOMAIN,
a3.mega.nz,MegaUploadSites,0,3/19/2025,3/19/2025,,,,Intel::DOMAIN,
a42beta.mega.nz,MegaUploadSites,0,3/19/2025,3/19/2025,,,,Intel::DOMAIN,
a50cms.mega.nz,MegaUploadSites,0,3/19/2025,3/19/2025,,,,Intel::DOMAIN,
a5b.mega.nz,MegaUploadSites,0,3/19/2025,3/19/2025,,,,Intel::DOMAIN,
a6.mega.nz,MegaUploadSites,0,3/19/2025,3/19/2025,,,,Intel::DOMAIN,
a63-cms.mega.nz,MegaUploadSites,0,3/19/2025,3/19/2025,,,,Intel::DOMAIN,
a65cms.mega.nz,MegaUploadSites,0,3/19/2025,3/19/2025,,,,Intel::DOMAIN,
a676.g.mega.nz,MegaUploadSites,0,3/19/2025,3/19/2025,,,,Intel::DOMAIN,
a69.g.mega.nz,MegaUploadSites,0,3/19/2025,3/19/2025,,,,Intel::DOMAIN,
a6blog.mega.nz,MegaUploadSites,0,3/19/2025,3/19/2025,,,,Intel::DOMAIN,
a7cqhobqxwvf.net.mega.nz,MegaUploadSites,0,3/19/2025,3/19/2025,,,,Intel::DOMAIN,
a7o7di.cn.mega.nz,MegaUploadSites,0,3/19/2025,3/19/2025,,,,Intel::DOMAIN,
a81docs.mega.nz,MegaUploadSites,0,3/19/2025,3/19/2025,,,,Intel::DOMAIN,
a88-cms.mega.nz,MegaUploadSites,0,3/19/2025,3/19/2025,,,,Intel::DOMAIN,
a9.mega.nz,MegaUploadSites,0,3/19/2025,3/19/2025,,,,Intel::DOMAIN,
a90beta.mega.nz,MegaUploadSites,0,3/19/2025,3/19/2025,,,,Intel::DOMAIN,
aaaa8.cn.mega.nz,MegaUploadSites,0,3/19/2025,3/19/2025,,,,Intel::DOMAIN,
aaaaaaaaaaaa.p.mega.nz,MegaUploadSites,0,3/19/2025,3/19/2025,,,,Intel::DOMAIN,
aafqt.cn.mega.nz,MegaUploadSites,0,3/19/2025,3/19/2025,,,,Intel::DOMAIN,
aag33.com.mega.nz,MegaUploadSites,0,3/19/2025,3/19/2025,,,,Intel::DOMAIN,
aag44.com.mega.nz,MegaUploadSites,0,3/19/2025,3/19/2025,,,,Intel::DOMAIN,
aag55.com.mega.nz,MegaUploadSites,0,3/19/2025,3/19/2025,,,,Intel::DOMAIN,
abc.mega.nz,MegaUploadSites,0,3/19/2025,3/19/2025,,,,Intel::DOMAIN,
abcbt.m.mega.nz,MegaUploadSites,0,3/19/2025,3/19/2025,,,,Intel::DOMAIN,
abcbt.mega.nz,MegaUploadSites,0,3/19/2025,3/19/2025,,,,Intel::DOMAIN,
abecms.mega.nz,MegaUploadSites,0,3/19/2025,3/19/2025,,,,Intel::DOMAIN,
abg7.com.mega.nz,MegaUploadSites,0,3/19/2025,3/19/2025,,,,Intel::DOMAIN,
about.v.mega.nz,MegaUploadSites,0,3/19/2025,3/19/2025,,,,Intel::DOMAIN,
abyvn.com.mega.nz,MegaUploadSites,0,3/19/2025,3/19/2025,,,,Intel::DOMAIN,
abzhei.com.mega.nz,MegaUploadSites,0,3/19/2025,3/19/2025,,,,Intel::DOMAIN,
academia.r.mega.nz,MegaUploadSites,0,3/19/2025,3/19/2025,,,,Intel::DOMAIN,
academyoflionnsnz2.m.mega.nz,MegaUploadSites,0,3/19/2025,3/19/2025,,,,Intel::DOMAIN,
academyoflionnsnz2.mega.nz,MegaUploadSites,0,3/19/2025,3/19/2025,,,,Intel::DOMAIN,
acc.2.mega.nz,MegaUploadSites,0,3/19/2025,3/19/2025,,,,Intel::DOMAIN,
acc.mega.nz,MegaUploadSites,0,3/19/2025,3/19/2025,,,,Intel::DOMAIN,
acc5.mega.nz,MegaUploadSites,0,3/19/2025,3/19/2025,,,,Intel::DOMAIN,
accentpaddlnsnz1.m.mega.nz,MegaUploadSites,0,3/19/2025,3/19/2025,,,,Intel::DOMAIN,
accentpaddlnsnz1.mega.nz,MegaUploadSites,0,3/19/2025,3/19/2025,,,,Intel::DOMAIN,
accinsnz1.m.mega.nz,MegaUploadSites,0,3/19/2025,3/19/2025,,,,Intel::DOMAIN,
accinsnz1.mega.nz,MegaUploadSites,0,3/19/2025,3/19/2025,,,,Intel::DOMAIN,
accounnsnz1.mega.nz,MegaUploadSites,0,3/19/2025,3/19/2025,,,,Intel::DOMAIN,
account.mega.nz,MegaUploadSites,0,3/19/2025,3/19/2025,,,,Intel::DOMAIN,
accountabilityexperts-31.m.mega.nz,MegaUploadSites,0,3/19/2025,3/19/2025,,,,Intel::DOMAIN,
accountabilityexperts-31.mega.nz,MegaUploadSites,0,3/19/2025,3/19/2025,,,,Intel::DOMAIN,
accountabilityexperts-akamai.mega.nz,MegaUploadSites,0,3/19/2025,3/19/2025,,,,Intel::DOMAIN,
accountabilityexperts-monitor.m.mega.nz,MegaUploadSites,0,3/19/2025,3/19/2025,,,,Intel::DOMAIN,
accountabilityexperts-monitor.mega.nz,MegaUploadSites,0,3/19/2025,3/19/2025,,,,Intel::DOMAIN,
accountabilityexperts.m.mega.nz,MegaUploadSites,0,3/19/2025,3/19/2025,,,,Intel::DOMAIN,
accountabilityexperts.mega.nz,MegaUploadSites,0,3/19/2025,3/19/2025,,,,Intel::DOMAIN,
accounts.mega.nz,MegaUploadSites,0,3/19/2025,3/19/2025,,,,Intel::DOMAIN,
acjiaaitc2r1nqi3.catalog.mega.nz,MegaUploadSites,0,3/19/2025,3/19/2025,,,,Intel::DOMAIN,
ad.mega.nz,MegaUploadSites,0,3/19/2025,3/19/2025,,,,Intel::DOMAIN,
adcl6.mega.nz,MegaUploadSites,0,3/19/2025,3/19/2025,,,,Intel::DOMAIN,
adeouma.cn.mega.nz,MegaUploadSites,0,3/19/2025,3/19/2025,,,,Intel::DOMAIN,
adfs03.ad.mega.nz,MegaUploadSites,0,3/19/2025,3/19/2025,,,,Intel::DOMAIN,
admin-124.5.mega.nz,MegaUploadSites,0,3/19/2025,3/19/2025,,,,Intel::DOMAIN,
admin-2.cms.mega.nz,MegaUploadSites,0,3/19/2025,3/19/2025,,,,Intel::DOMAIN,
admin-4.cms.mega.nz,MegaUploadSites,0,3/19/2025,3/19/2025,,,,Intel::DOMAIN,
admin-7.cms.mega.nz,MegaUploadSites,0,3/19/2025,3/19/2025,,,,Intel::DOMAIN,
admin-acc.3.mega.nz,MegaUploadSites,0,3/19/2025,3/19/2025,,,,Intel::DOMAIN,
admin-gll.m.mega.nz,MegaUploadSites,0,3/19/2025,3/19/2025,,,,Intel::DOMAIN,
admin-gll.mega.nz,MegaUploadSites,0,3/19/2025,3/19/2025,,,,Intel::DOMAIN,
admin-hub1.mega.nz,MegaUploadSites,0,3/19/2025,3/19/2025,,,,Intel::DOMAIN,
admin-mg42.mega.nz,MegaUploadSites,0,3/19/2025,3/19/2025,,,,Intel::DOMAIN,
admin-vua.mega.nz,MegaUploadSites,0,3/19/2025,3/19/2025,,,,Intel::DOMAIN,
admin.1.mega.nz,MegaUploadSites,0,3/19/2025,3/19/2025,,,,Intel::DOMAIN,
admin.104-cms.mega.nz,MegaUploadSites,0,3/19/2025,3/19/2025,,,,Intel::DOMAIN,
admin.17cms.mega.nz,MegaUploadSites,0,3/19/2025,3/19/2025,,,,Intel::DOMAIN,
admin.6-cms.mega.nz,MegaUploadSites,0,3/19/2025,3/19/2025,,,,Intel::DOMAIN,
admin.a25cms.mega.nz,MegaUploadSites,0,3/19/2025,3/19/2025,,,,Intel::DOMAIN,
admin.a34cms.mega.nz,MegaUploadSites,0,3/19/2025,3/19/2025,,,,Intel::DOMAIN,
admin.a49cms.mega.nz,MegaUploadSites,0,3/19/2025,3/19/2025,,,,Intel::DOMAIN,
admin.a55cms.mega.nz,MegaUploadSites,0,3/19/2025,3/19/2025,,,,Intel::DOMAIN,
admin.ac-cms.mega.nz,MegaUploadSites,0,3/19/2025,3/19/2025,,,,Intel::DOMAIN,
admin.ash-cms.mega.nz,MegaUploadSites,0,3/19/2025,3/19/2025,,,,Intel::DOMAIN,
admin.aux-cms.mega.nz,MegaUploadSites,0,3/19/2025,3/19/2025,,,,Intel::DOMAIN,
admin.b99-cms.mega.nz,MegaUploadSites,0,3/19/2025,3/19/2025,,,,Intel::DOMAIN,
admin.cms-1c.mega.nz,MegaUploadSites,0,3/19/2025,3/19/2025,,,,Intel::DOMAIN,
admin.cms-21.mega.nz,MegaUploadSites,0,3/19/2025,3/19/2025,,,,Intel::DOMAIN,
admin.cms-a9.mega.nz,MegaUploadSites,0,3/19/2025,3/19/2025,,,,Intel::DOMAIN,
admin.cms.123.mega.nz,MegaUploadSites,0,3/19/2025,3/19/2025,,,,Intel::DOMAIN,
admin.cms.1a.mega.nz,MegaUploadSites,0,3/19/2025,3/19/2025,,,,Intel::DOMAIN,
admin.cms.2013.mega.nz,MegaUploadSites,0,3/19/2025,3/19/2025,,,,Intel::DOMAIN,
admin.cms.27.mega.nz,MegaUploadSites,0,3/19/2025,3/19/2025,,,,Intel::DOMAIN,
admin.cms.688821.mega.nz,MegaUploadSites,0,3/19/2025,3/19/2025,,,,Intel::DOMAIN,
admin.cms.a32.mega.nz,MegaUploadSites,0,3/19/2025,3/19/2025,,,,Intel::DOMAIN,
admin.cms.docker.mega.nz,MegaUploadSites,0,3/19/2025,3/19/2025,,,,Intel::DOMAIN,
admin.cms.events.mega.nz,MegaUploadSites,0,3/19/2025,3/19/2025,,,,Intel::DOMAIN,
admin.cms.lon1.mega.nz,MegaUploadSites,0,3/19/2025,3/19/2025,,,,Intel::DOMAIN,
admin.cms.mega.nz,MegaUploadSites,0,3/19/2025,3/19/2025,,,,Intel::DOMAIN,
admin.cms.rmcnmv.mega.nz,MegaUploadSites,0,3/19/2025,3/19/2025,,,,Intel::DOMAIN,
admin.cms.v2.mega.nz,MegaUploadSites,0,3/19/2025,3/19/2025,,,,Intel::DOMAIN,
admin.cms.w.mega.nz,MegaUploadSites,0,3/19/2025,3/19/2025,,,,Intel::DOMAIN,
admin.cms132.mega.nz,MegaUploadSites,0,3/19/2025,3/19/2025,,,,Intel::DOMAIN,
admin.cms2.mega.nz,MegaUploadSites,0,3/19/2025,3/19/2025,,,,Intel::DOMAIN,
admin.cms27.mega.nz,MegaUploadSites,0,3/19/2025,3/19/2025,,,,Intel::DOMAIN,
admin.cms5.mega.nz,MegaUploadSites,0,3/19/2025,3/19/2025,,,,Intel::DOMAIN,
admin.cms900.mega.nz,MegaUploadSites,0,3/19/2025,3/19/2025,,,,Intel::DOMAIN,
admin.cmsac.mega.nz,MegaUploadSites,0,3/19/2025,3/19/2025,,,,Intel::DOMAIN,
admin.cmsar.mega.nz,MegaUploadSites,0,3/19/2025,3/19/2025,,,,Intel::DOMAIN,
admin.cmsdb3.mega.nz,MegaUploadSites,0,3/19/2025,3/19/2025,,,,Intel::DOMAIN,
admin.cmssin.mega.nz,MegaUploadSites,0,3/19/2025,3/19/2025,,,,Intel::DOMAIN,
admin.cmssr3.mega.nz,MegaUploadSites,0,3/19/2025,3/19/2025,,,,Intel::DOMAIN,
admin.d.mega.nz,MegaUploadSites,0,3/19/2025,3/19/2025,,,,Intel::DOMAIN,
admin.dc1cms.mega.nz,MegaUploadSites,0,3/19/2025,3/19/2025,,,,Intel::DOMAIN,
admin.dopcms.mega.nz,MegaUploadSites,0,3/19/2025,3/19/2025,,,,Intel::DOMAIN,
admin.dsncms.mega.nz,MegaUploadSites,0,3/19/2025,3/19/2025,,,,Intel::DOMAIN,
admin.hl-cms.mega.nz,MegaUploadSites,0,3/19/2025,3/19/2025,,,,Intel::DOMAIN,
admin.howard.dev.mega.nz,MegaUploadSites,0,3/19/2025,3/19/2025,,,,Intel::DOMAIN,
admin.hw-cms.mega.nz,MegaUploadSites,0,3/19/2025,3/19/2025,,,,Intel::DOMAIN,
admin.iamcms.mega.nz,MegaUploadSites,0,3/19/2025,3/19/2025,,,,Intel::DOMAIN,
admin.m.mega.nz,MegaUploadSites,0,3/19/2025,3/19/2025,,,,Intel::DOMAIN,
admin.mbpcms.mega.nz,MegaUploadSites,0,3/19/2025,3/19/2025,,,,Intel::DOMAIN,
admin.secms.mega.nz,MegaUploadSites,0,3/19/2025,3/19/2025,,,,Intel::DOMAIN,
admin.v4cms.mega.nz,MegaUploadSites,0,3/19/2025,3/19/2025,,,,Intel::DOMAIN,
admin1.cms.mega.nz,MegaUploadSites,0,3/19/2025,3/19/2025,,,,Intel::DOMAIN,
admin2.cms.mega.nz,MegaUploadSites,0,3/19/2025,3/19/2025,,,,Intel::DOMAIN,
admin4.cms.mega.nz,MegaUploadSites,0,3/19/2025,3/19/2025,,,,Intel::DOMAIN,
admin6.cms.mega.nz,MegaUploadSites,0,3/19/2025,3/19/2025,,,,Intel::DOMAIN,
admindb3.m.mega.nz,MegaUploadSites,0,3/19/2025,3/19/2025,,,,Intel::DOMAIN,
admindb3.mega.nz,MegaUploadSites,0,3/19/2025,3/19/2025,,,,Intel::DOMAIN,
adminhost.megasyncloopback.4.mega.nz,MegaUploadSites,0,3/19/2025,3/19/2025,,,,Intel::DOMAIN,
administrator-us-east1-b.1.mega.nz,MegaUploadSites,0,3/19/2025,3/19/2025,,,,Intel::DOMAIN,
administratordemo.1.mega.nz,MegaUploadSites,0,3/19/2025,3/19/2025,,,,Intel::DOMAIN,
adminlg.m.mega.nz,MegaUploadSites,0,3/19/2025,3/19/2025,,,,Intel::DOMAIN,
adminlg.mega.nz,MegaUploadSites,0,3/19/2025,3/19/2025,,,,Intel::DOMAIN,
admins.mega.nz,MegaUploadSites,0,3/19/2025,3/19/2025,,,,Intel::DOMAIN,
adobe.enterprise.mega.nz,MegaUploadSites,0,3/19/2025,3/19/2025,,,,Intel::DOMAIN,
adoos.mega.nz,MegaUploadSites,0,3/19/2025,3/19/2025,,,,Intel::DOMAIN,
adpnet.mega.nz,MegaUploadSites,0,3/19/2025,3/19/2025,,,,Intel::DOMAIN,
adserver.mega.nz,MegaUploadSites,0,3/19/2025,3/19/2025,,,,Intel::DOMAIN,
adsl4.mega.nz,MegaUploadSites,0,3/19/2025,3/19/2025,,,,Intel::DOMAIN,
adultmovie.5.mega.nz,MegaUploadSites,0,3/19/2025,3/19/2025,,,,Intel::DOMAIN,
advideorg.mega.nz,MegaUploadSites,0,3/19/2025,3/19/2025,,,,Intel::DOMAIN,
adviser.mega.nz,MegaUploadSites,0,3/19/2025,3/19/2025,,,,Intel::DOMAIN,
advocacinsnz1.mega.nz,MegaUploadSites,0,3/19/2025,3/19/2025,,,,Intel::DOMAIN,
adyan.mega.nz,MegaUploadSites,0,3/19/2025,3/19/2025,,,,Intel::DOMAIN,
af.mega.nz,MegaUploadSites,0,3/19/2025,3/19/2025,,,,Intel::DOMAIN,
af534y8p.accountabilityexperts.mega.nz,MegaUploadSites,0,3/19/2025,3/19/2025,,,,Intel::DOMAIN,
affrnsnz1.mega.nz,MegaUploadSites,0,3/19/2025,3/19/2025,,,,Intel::DOMAIN,
afrc.mega.nz,MegaUploadSites,0,3/19/2025,3/19/2025,,,,Intel::DOMAIN,
afyxe.cn.mega.nz,MegaUploadSites,0,3/19/2025,3/19/2025,,,,Intel::DOMAIN,
agente2012.mega.nz,MegaUploadSites,0,3/19/2025,3/19/2025,,,,Intel::DOMAIN,
agranat.mega.nz,MegaUploadSites,0,3/19/2025,3/19/2025,,,,Intel::DOMAIN,
agriexamask.mega.nz,MegaUploadSites,0,3/19/2025,3/19/2025,,,,Intel::DOMAIN,
ahbwf.cn.mega.nz,MegaUploadSites,0,3/19/2025,3/19/2025,,,,Intel::DOMAIN,
aiaini1.cn.mega.nz,MegaUploadSites,0,3/19/2025,3/19/2025,,,,Intel::DOMAIN,
aibeta.mega.nz,MegaUploadSites,0,3/19/2025,3/19/2025,,,,Intel::DOMAIN,
aichuanzheng.com.mega.nz,MegaUploadSites,0,3/19/2025,3/19/2025,,,,Intel::DOMAIN,
aieneh.mega.nz,MegaUploadSites,0,3/19/2025,3/19/2025,,,,Intel::DOMAIN,
aiqirihua.com.mega.nz,MegaUploadSites,0,3/19/2025,3/19/2025,,,,Intel::DOMAIN,
air.mega.nz,MegaUploadSites,0,3/19/2025,3/19/2025,,,,Intel::DOMAIN,
aisung.mega.nz,MegaUploadSites,0,3/19/2025,3/19/2025,,,,Intel::DOMAIN,
aix.mega.nz,MegaUploadSites,0,3/19/2025,3/19/2025,,,,Intel::DOMAIN,
aiyingyulekaihu.cms.mega.nz,MegaUploadSites,0,3/19/2025,3/19/2025,,,,Intel::DOMAIN,
ajwxh.cn.mega.nz,MegaUploadSites,0,3/19/2025,3/19/2025,,,,Intel::DOMAIN,
akamai.mega.nz,MegaUploadSites,0,3/19/2025,3/19/2025,,,,Intel::DOMAIN,
akula.mega.nz,MegaUploadSites,0,3/19/2025,3/19/2025,,,,Intel::DOMAIN,
akw8vdkpyws3p.bacsnetnsde1stats.mega.nz,MegaUploadSites,0,3/19/2025,3/19/2025,,,,Intel::DOMAIN,
al.mega.nz,MegaUploadSites,0,3/19/2025,3/19/2025,,,,Intel::DOMAIN,
alar.mega.nz,MegaUploadSites,0,3/19/2025,3/19/2025,,,,Intel::DOMAIN,
alberttocoronado.mega.nz,MegaUploadSites,0,3/19/2025,3/19/2025,,,,Intel::DOMAIN,
alcatnsde1.mega.nz,MegaUploadSites,0,3/19/2025,3/19/2025,,,,Intel::DOMAIN,
ald.mega.nz,MegaUploadSites,0,3/19/2025,3/19/2025,,,,Intel::DOMAIN,
aldocs.mega.nz,MegaUploadSites,0,3/19/2025,3/19/2025,,,,Intel::DOMAIN,
ale.mega.nz,MegaUploadSites,0,3/19/2025,3/19/2025,,,,Intel::DOMAIN,
alex.mega.nz,MegaUploadSites,0,3/19/2025,3/19/2025,,,,Intel::DOMAIN,
alf.mega.nz,MegaUploadSites,0,3/19/2025,3/19/2025,,,,Intel::DOMAIN,
alggeo.mega.nz,MegaUploadSites,0,3/19/2025,3/19/2025,,,,Intel::DOMAIN,
alif.mega.nz,MegaUploadSites,0,3/19/2025,3/19/2025,,,,Intel::DOMAIN,
alin.mega.nz,MegaUploadSites,0,3/19/2025,3/19/2025,,,,Intel::DOMAIN,
alix.mega.nz,MegaUploadSites,0,3/19/2025,3/19/2025,,,,Intel::DOMAIN,
alizhichou3.cn.mega.nz,MegaUploadSites,0,3/19/2025,3/19/2025,,,,Intel::DOMAIN,
alka.mega.nz,MegaUploadSites,0,3/19/2025,3/19/2025,,,,Intel::DOMAIN,
all.mega.nz,MegaUploadSites,0,3/19/2025,3/19/2025,,,,Intel::DOMAIN,
allaboutremovals.2.mega.nz,MegaUploadSites,0,3/19/2025,3/19/2025,,,,Intel::DOMAIN,
allseason.net.mega.nz,MegaUploadSites,0,3/19/2025,3/19/2025,,,,Intel::DOMAIN,
allstars.mega.nz,MegaUploadSites,0,3/19/2025,3/19/2025,,,,Intel::DOMAIN,
alma.mega.nz,MegaUploadSites,0,3/19/2025,3/19/2025,,,,Intel::DOMAIN,
alog.mega.nz,MegaUploadSites,0,3/19/2025,3/19/2025,,,,Intel::DOMAIN,
alpha-dub.2.mega.nz,MegaUploadSites,0,3/19/2025,3/19/2025,,,,Intel::DOMAIN,
alpha.0.mega.nz,MegaUploadSites,0,3/19/2025,3/19/2025,,,,Intel::DOMAIN,
alpha.mega.nz,MegaUploadSites,0,3/19/2025,3/19/2025,,,,Intel::DOMAIN,
alphadb3.8.mega.nz,MegaUploadSites,0,3/19/2025,3/19/2025,,,,Intel::DOMAIN,
alpinetradensnz2-0.mega.nz,MegaUploadSites,0,3/19/2025,3/19/2025,,,,Intel::DOMAIN,
alpinetradensnz2-int.mega.nz,MegaUploadSites,0,3/19/2025,3/19/2025,,,,Intel::DOMAIN,
alpinetradensnz2-memorabnsde2.mega.nz,MegaUploadSites,0,3/19/2025,3/19/2025,,,,Intel::DOMAIN,
alpinetradensnz2.mega.nz,MegaUploadSites,0,3/19/2025,3/19/2025,,,,Intel::DOMAIN,
alpinetradensnz2127.m.mega.nz,MegaUploadSites,0,3/19/2025,3/19/2025,,,,Intel::DOMAIN,
alpinetradensnz2127.mega.nz,MegaUploadSites,0,3/19/2025,3/19/2025,,,,Intel::DOMAIN,
alpinetradensnz218.m.mega.nz,MegaUploadSites,0,3/19/2025,3/19/2025,,,,Intel::DOMAIN,
alpinetradensnz218.mega.nz,MegaUploadSites,0,3/19/2025,3/19/2025,,,,Intel::DOMAIN,
alpinetradensnz2dev1.mega.nz,MegaUploadSites,0,3/19/2025,3/19/2025,,,,Intel::DOMAIN,
alpinetradensnz2prod1.6.mega.nz,MegaUploadSites,0,3/19/2025,3/19/2025,,,,Intel::DOMAIN,
alpinetradensnz2sha2.m.mega.nz,MegaUploadSites,0,3/19/2025,3/19/2025,,,,Intel::DOMAIN,
alpinetradensnz2sha2.mega.nz,MegaUploadSites,0,3/19/2025,3/19/2025,,,,Intel::DOMAIN,
als.mega.nz,MegaUploadSites,0,3/19/2025,3/19/2025,,,,Intel::DOMAIN,
alt4.aspmx.l.mega.nz,MegaUploadSites,0,3/19/2025,3/19/2025,,,,Intel::DOMAIN,
alt4.mega.nz,MegaUploadSites,0,3/19/2025,3/19/2025,,,,Intel::DOMAIN,
alton.ppls.mega.nz,MegaUploadSites,0,3/19/2025,3/19/2025,,,,Intel::DOMAIN,
altona.mega.nz,MegaUploadSites,0,3/19/2025,3/19/2025,,,,Intel::DOMAIN,
alu.mega.nz,MegaUploadSites,0,3/19/2025,3/19/2025,,,,Intel::DOMAIN,
alvi.mega.nz,MegaUploadSites,0,3/19/2025,3/19/2025,,,,Intel::DOMAIN,
am.mega.nz,MegaUploadSites,0,3/19/2025,3/19/2025,,,,Intel::DOMAIN,
am1.mega.nz,MegaUploadSites,0,3/19/2025,3/19/2025,,,,Intel::DOMAIN,
am2a.mega.nz,MegaUploadSites,0,3/19/2025,3/19/2025,,,,Intel::DOMAIN,
amac.mega.nz,MegaUploadSites,0,3/19/2025,3/19/2025,,,,Intel::DOMAIN,
amal.mega.nz,MegaUploadSites,0,3/19/2025,3/19/2025,,,,Intel::DOMAIN,
aman.mega.nz,MegaUploadSites,0,3/19/2025,3/19/2025,,,,Intel::DOMAIN,
amar.mega.nz,MegaUploadSites,0,3/19/2025,3/19/2025,,,,Intel::DOMAIN,
amaranda.mega.nz,MegaUploadSites,0,3/19/2025,3/19/2025,,,,Intel::DOMAIN,
amateurarchive.mega.nz,MegaUploadSites,0,3/19/2025,3/19/2025,,,,Intel::DOMAIN,
amb2.mega.nz,MegaUploadSites,0,3/19/2025,3/19/2025,,,,Intel::DOMAIN,
ambra.mega.nz,MegaUploadSites,0,3/19/2025,3/19/2025,,,,Intel::DOMAIN,
amdc.mega.nz,MegaUploadSites,0,3/19/2025,3/19/2025,,,,Intel::DOMAIN,
ame.mega.nz,MegaUploadSites,0,3/19/2025,3/19/2025,,,,Intel::DOMAIN,
amen.mega.nz,MegaUploadSites,0,3/19/2025,3/19/2025,,,,Intel::DOMAIN,
amernsnz2.m.mega.nz,MegaUploadSites,0,3/19/2025,3/19/2025,,,,Intel::DOMAIN,
amernsnz2.mega.nz,MegaUploadSites,0,3/19/2025,3/19/2025,,,,Intel::DOMAIN,
amex.mega.nz,MegaUploadSites,0,3/19/2025,3/19/2025,,,,Intel::DOMAIN,
amg.mega.nz,MegaUploadSites,0,3/19/2025,3/19/2025,,,,Intel::DOMAIN,
amhs.mega.nz,MegaUploadSites,0,3/19/2025,3/19/2025,,,,Intel::DOMAIN,
amid.mega.nz,MegaUploadSites,0,3/19/2025,3/19/2025,,,,Intel::DOMAIN,
amie.mega.nz,MegaUploadSites,0,3/19/2025,3/19/2025,,,,Intel::DOMAIN,
amit.mega.nz,MegaUploadSites,0,3/19/2025,3/19/2025,,,,Intel::DOMAIN,
amon.mega.nz,MegaUploadSites,0,3/19/2025,3/19/2025,,,,Intel::DOMAIN,
ampc.mega.nz,MegaUploadSites,0,3/19/2025,3/19/2025,,,,Intel::DOMAIN,
ampr.mega.nz,MegaUploadSites,0,3/19/2025,3/19/2025,,,,Intel::DOMAIN,
amra.mega.nz,MegaUploadSites,0,3/19/2025,3/19/2025,,,,Intel::DOMAIN,
ams1.mega.nz,MegaUploadSites,0,3/19/2025,3/19/2025,,,,Intel::DOMAIN,
amss.mega.nz,MegaUploadSites,0,3/19/2025,3/19/2025,,,,Intel::DOMAIN,
amts.mega.nz,MegaUploadSites,0,3/19/2025,3/19/2025,,,,Intel::DOMAIN,
amty.mega.nz,MegaUploadSites,0,3/19/2025,3/19/2025,,,,Intel::DOMAIN,
amul.mega.nz,MegaUploadSites,0,3/19/2025,3/19/2025,,,,Intel::DOMAIN,
amvbk5kt4ngqhv1s41qkt20fqf.m.mega.nz,MegaUploadSites,0,3/19/2025,3/19/2025,,,,Intel::DOMAIN,
amvbk5kt4ngqhv1s41qkt20fqf.mega.nz,MegaUploadSites,0,3/19/2025,3/19/2025,,,,Intel::DOMAIN,
amz.mega.nz,MegaUploadSites,0,3/19/2025,3/19/2025,,,,Intel::DOMAIN,
an.mega.nz,MegaUploadSites,0,3/19/2025,3/19/2025,,,,Intel::DOMAIN,
an1.mega.nz,MegaUploadSites,0,3/19/2025,3/19/2025,,,,Intel::DOMAIN,
an24966pk.mega.nz,MegaUploadSites,0,3/19/2025,3/19/2025,,,,Intel::DOMAIN,
analytics.m.mega.nz,MegaUploadSites,0,3/19/2025,3/19/2025,,,,Intel::DOMAIN,
analytics.mega.nz,MegaUploadSites,0,3/19/2025,3/19/2025,,,,Intel::DOMAIN,
anam.mega.nz,MegaUploadSites,0,3/19/2025,3/19/2025,,,,Intel::DOMAIN,
anbu.mega.nz,MegaUploadSites,0,3/19/2025,3/19/2025,,,,Intel::DOMAIN,
and1.mega.nz,MegaUploadSites,0,3/19/2025,3/19/2025,,,,Intel::DOMAIN,
anda.mega.nz,MegaUploadSites,0,3/19/2025,3/19/2025,,,,Intel::DOMAIN,
ande.mega.nz,MegaUploadSites,0,3/19/2025,3/19/2025,,,,Intel::DOMAIN,
android.mega.nz,MegaUploadSites,0,3/19/2025,3/19/2025,,,,Intel::DOMAIN,
andy.mega.nz,MegaUploadSites,0,3/19/2025,3/19/2025,,,,Intel::DOMAIN,
aneh22.mega.nz,MegaUploadSites,0,3/19/2025,3/19/2025,,,,Intel::DOMAIN,
anet.mega.nz,MegaUploadSites,0,3/19/2025,3/19/2025,,,,Intel::DOMAIN,
anf.mega.nz,MegaUploadSites,0,3/19/2025,3/19/2025,,,,Intel::DOMAIN,
angledesignnsde2.mega.nz,MegaUploadSites,0,3/19/2025,3/19/2025,,,,Intel::DOMAIN,
anhur.mega.nz,MegaUploadSites,0,3/19/2025,3/19/2025,,,,Intel::DOMAIN,
anif.mega.nz,MegaUploadSites,0,3/19/2025,3/19/2025,,,,Intel::DOMAIN,
anil.mega.nz,MegaUploadSites,0,3/19/2025,3/19/2025,,,,Intel::DOMAIN,
anl.mega.nz,MegaUploadSites,0,3/19/2025,3/19/2025,,,,Intel::DOMAIN,
anlon.com.cn.mega.nz,MegaUploadSites,0,3/19/2025,3/19/2025,,,,Intel::DOMAIN,
annakk.mega.nz,MegaUploadSites,0,3/19/2025,3/19/2025,,,,Intel::DOMAIN,
anne.mega.nz,MegaUploadSites,0,3/19/2025,3/19/2025,,,,Intel::DOMAIN,
annf.mega.nz,MegaUploadSites,0,3/19/2025,3/19/2025,,,,Intel::DOMAIN,
anns.mega.nz,MegaUploadSites,0,3/19/2025,3/19/2025,,,,Intel::DOMAIN,
annu.mega.nz,MegaUploadSites,0,3/19/2025,3/19/2025,,,,Intel::DOMAIN,
anqukankan.com.mega.nz,MegaUploadSites,0,3/19/2025,3/19/2025,,,,Intel::DOMAIN,
anra.mega.nz,MegaUploadSites,0,3/19/2025,3/19/2025,,,,Intel::DOMAIN,
ansa.mega.nz,MegaUploadSites,0,3/19/2025,3/19/2025,,,,Intel::DOMAIN,
ansde1.m.mega.nz,MegaUploadSites,0,3/19/2025,3/19/2025,,,,Intel::DOMAIN,
ansde1.mega.nz,MegaUploadSites,0,3/19/2025,3/19/2025,,,,Intel::DOMAIN,
ansnz1.mega.nz,MegaUploadSites,0,3/19/2025,3/19/2025,,,,Intel::DOMAIN,
ansy.mega.nz,MegaUploadSites,0,3/19/2025,3/19/2025,,,,Intel::DOMAIN,
anta.mega.nz,MegaUploadSites,0,3/19/2025,3/19/2025,,,,Intel::DOMAIN,
anthemav.mega.nz,MegaUploadSites,0,3/19/2025,3/19/2025,,,,Intel::DOMAIN,
anthill.mega.nz,MegaUploadSites,0,3/19/2025,3/19/2025,,,,Intel::DOMAIN,
anubis.m.mega.nz,MegaUploadSites,0,3/19/2025,3/19/2025,,,,Intel::DOMAIN,
anubis.mega.nz,MegaUploadSites,0,3/19/2025,3/19/2025,,,,Intel::DOMAIN,
ao.mega.nz,MegaUploadSites,0,3/19/2025,3/19/2025,,,,Intel::DOMAIN,
aokol.cn.mega.nz,MegaUploadSites,0,3/19/2025,3/19/2025,,,,Intel::DOMAIN,
aomenbaijialeduchangjingli.cms.mega.nz,MegaUploadSites,0,3/19/2025,3/19/2025,,,,Intel::DOMAIN,
aomendebocaiye.cms.mega.nz,MegaUploadSites,0,3/19/2025,3/19/2025,,,,Intel::DOMAIN,
aomenduchangxiaojie.cms.mega.nz,MegaUploadSites,0,3/19/2025,3/19/2025,,,,Intel::DOMAIN,
aomenyinheyule.cms.mega.nz,MegaUploadSites,0,3/19/2025,3/19/2025,,,,Intel::DOMAIN,
aomenzuidadeduchang.cms.mega.nz,MegaUploadSites,0,3/19/2025,3/19/2025,,,,Intel::DOMAIN,
aopunuo.com.cn.mega.nz,MegaUploadSites,0,3/19/2025,3/19/2025,,,,Intel::DOMAIN,
ap-southeast-2.mega.nz,MegaUploadSites,0,3/19/2025,3/19/2025,,,,Intel::DOMAIN,
ap.mega.nz,MegaUploadSites,0,3/19/2025,3/19/2025,,,,Intel::DOMAIN,
apache2-sith.mega.nz,MegaUploadSites,0,3/19/2025,3/19/2025,,,,Intel::DOMAIN,
apap.org.cn.mega.nz,MegaUploadSites,0,3/19/2025,3/19/2025,,,,Intel::DOMAIN,
apbei.com.mega.nz,MegaUploadSites,0,3/19/2025,3/19/2025,,,,Intel::DOMAIN,
apcimel.mega.nz,MegaUploadSites,0,3/19/2025,3/19/2025,,,,Intel::DOMAIN,
apcszx.com.mega.nz,MegaUploadSites,0,3/19/2025,3/19/2025,,,,Intel::DOMAIN,
apdou.com.mega.nz,MegaUploadSites,0,3/19/2025,3/19/2025,,,,Intel::DOMAIN,
apfong.com.mega.nz,MegaUploadSites,0,3/19/2025,3/19/2025,,,,Intel::DOMAIN,
aphrh.cn.mega.nz,MegaUploadSites,0,3/19/2025,3/19/2025,,,,Intel::DOMAIN,
api-brasil.mega.nz,MegaUploadSites,0,3/19/2025,3/19/2025,,,,Intel::DOMAIN,
api-e.m.mega.nz,MegaUploadSites,0,3/19/2025,3/19/2025,,,,Intel::DOMAIN,
api-e.mega.nz,MegaUploadSites,0,3/19/2025,3/19/2025,,,,Intel::DOMAIN,
api-net.m.mega.nz,MegaUploadSites,0,3/19/2025,3/19/2025,,,,Intel::DOMAIN,
api-net.mega.nz,MegaUploadSites,0,3/19/2025,3/19/2025,,,,Intel::DOMAIN,
api-sjc.m.mega.nz,MegaUploadSites,0,3/19/2025,3/19/2025,,,,Intel::DOMAIN,
api-sjc.mega.nz,MegaUploadSites,0,3/19/2025,3/19/2025,,,,Intel::DOMAIN,
api.0.mega.nz,MegaUploadSites,0,3/19/2025,3/19/2025,,,,Intel::DOMAIN,
api.5.mega.nz,MegaUploadSites,0,3/19/2025,3/19/2025,,,,Intel::DOMAIN,
api.9.mega.nz,MegaUploadSites,0,3/19/2025,3/19/2025,,,,Intel::DOMAIN,
api.a.mega.nz,MegaUploadSites,0,3/19/2025,3/19/2025,,,,Intel::DOMAIN,
api.c.mega.nz,MegaUploadSites,0,3/19/2025,3/19/2025,,,,Intel::DOMAIN,
api948003.mega.nz,MegaUploadSites,0,3/19/2025,3/19/2025,,,,Intel::DOMAIN,
apibilling.mega.nz,MegaUploadSites,0,3/19/2025,3/19/2025,,,,Intel::DOMAIN,
apicorp.mega.nz,MegaUploadSites,0,3/19/2025,3/19/2025,,,,Intel::DOMAIN,
apiec.m.mega.nz,MegaUploadSites,0,3/19/2025,3/19/2025,,,,Intel::DOMAIN,
apiec.mega.nz,MegaUploadSites,0,3/19/2025,3/19/2025,,,,Intel::DOMAIN,
app-blog.mega.nz,MegaUploadSites,0,3/19/2025,3/19/2025,,,,Intel::DOMAIN,
app.a.mega.nz,MegaUploadSites,0,3/19/2025,3/19/2025,,,,Intel::DOMAIN,
app.b.mega.nz,MegaUploadSites,0,3/19/2025,3/19/2025,,,,Intel::DOMAIN,
app.c.mega.nz,MegaUploadSites,0,3/19/2025,3/19/2025,,,,Intel::DOMAIN,
app.m.mega.nz,MegaUploadSites,0,3/19/2025,3/19/2025,,,,Intel::DOMAIN,
app4.cms.mega.nz,MegaUploadSites,0,3/19/2025,3/19/2025,,,,Intel::DOMAIN,
applesoftlivensde2.mega.nz,MegaUploadSites,0,3/19/2025,3/19/2025,,,,Intel::DOMAIN,
apps.d.mega.nz,MegaUploadSites,0,3/19/2025,3/19/2025,,,,Intel::DOMAIN,
appservice01.p.mega.nz,MegaUploadSites,0,3/19/2025,3/19/2025,,,,Intel::DOMAIN,
appservices1.p.mega.nz,MegaUploadSites,0,3/19/2025,3/19/2025,,,,Intel::DOMAIN,
apptest126.p.mega.nz,MegaUploadSites,0,3/19/2025,3/19/2025,,,,Intel::DOMAIN,
aps-tst-upgdrrun.p.mega.nz,MegaUploadSites,0,3/19/2025,3/19/2025,,,,Intel::DOMAIN,
ar.mega.nz,MegaUploadSites,0,3/19/2025,3/19/2025,,,,Intel::DOMAIN,
arbai.cn.mega.nz,MegaUploadSites,0,3/19/2025,3/19/2025,,,,Intel::DOMAIN,
arhiva.mega.nz,MegaUploadSites,0,3/19/2025,3/19/2025,,,,Intel::DOMAIN,
arioch.mega.nz,MegaUploadSites,0,3/19/2025,3/19/2025,,,,Intel::DOMAIN,
arms.mega.nz,MegaUploadSites,0,3/19/2025,3/19/2025,,,,Intel::DOMAIN,
aromazen-605709.c.mega.nz,MegaUploadSites,0,3/19/2025,3/19/2025,,,,Intel::DOMAIN,
artyijia.com.cn.mega.nz,MegaUploadSites,0,3/19/2025,3/19/2025,,,,Intel::DOMAIN,
arunsnz2.m.mega.nz,MegaUploadSites,0,3/19/2025,3/19/2025,,,,Intel::DOMAIN,
arunsnz2.mega.nz,MegaUploadSites,0,3/19/2025,3/19/2025,,,,Intel::DOMAIN,
as.mega.nz,MegaUploadSites,0,3/19/2025,3/19/2025,,,,Intel::DOMAIN,
ase-klikindomaret.p.mega.nz,MegaUploadSites,0,3/19/2025,3/19/2025,,,,Intel::DOMAIN,
ase-webern1-us-mas-authentication-ias.p.mega.nz,MegaUploadSites,0,3/19/2025,3/19/2025,,,,Intel::DOMAIN,
asefrontea.p.mega.nz,MegaUploadSites,0,3/19/2025,3/19/2025,,,,Intel::DOMAIN,
asendns.asen.mega.nz,MegaUploadSites,0,3/19/2025,3/19/2025,,,,Intel::DOMAIN,
asetest123432.p.mega.nz,MegaUploadSites,0,3/19/2025,3/19/2025,,,,Intel::DOMAIN,
asewithipssl.p.mega.nz,MegaUploadSites,0,3/19/2025,3/19/2025,,,,Intel::DOMAIN,
asia-east1-a.mega.nz,MegaUploadSites,0,3/19/2025,3/19/2025,,,,Intel::DOMAIN,
asialanslu1.mega.nz,MegaUploadSites,0,3/19/2025,3/19/2025,,,,Intel::DOMAIN,
asicontrnsde1.4.mega.nz,MegaUploadSites,0,3/19/2025,3/19/2025,,,,Intel::DOMAIN,
asicontrnsde1.m.mega.nz,MegaUploadSites,0,3/19/2025,3/19/2025,,,,Intel::DOMAIN,
asicontrnsde1.mega.nz,MegaUploadSites,0,3/19/2025,3/19/2025,,,,Intel::DOMAIN,
aso.mega.nz,MegaUploadSites,0,3/19/2025,3/19/2025,,,,Intel::DOMAIN,
aspins.mega.nz,MegaUploadSites,0,3/19/2025,3/19/2025,,,,Intel::DOMAIN,
asquansde1.mega.nz,MegaUploadSites,0,3/19/2025,3/19/2025,,,,Intel::DOMAIN,
assets-cdn.mega.nz,MegaUploadSites,0,3/19/2025,3/19/2025,,,,Intel::DOMAIN,
assicurazioniinsnz1.mega.nz,MegaUploadSites,0,3/19/2025,3/19/2025,,,,Intel::DOMAIN,
asterisknightlyreplicationnsde2.mega.nz,MegaUploadSites,0,3/19/2025,3/19/2025,,,,Intel::DOMAIN,
atm.mega.nz,MegaUploadSites,0,3/19/2025,3/19/2025,,,,Intel::DOMAIN,
atomointeractivnsnz1.m.mega.nz,MegaUploadSites,0,3/19/2025,3/19/2025,,,,Intel::DOMAIN,
atomointeractivnsnz1.mega.nz,MegaUploadSites,0,3/19/2025,3/19/2025,,,,Intel::DOMAIN,
atreju.mega.nz,MegaUploadSites,0,3/19/2025,3/19/2025,,,,Intel::DOMAIN,
atrensnz2.m.mega.nz,MegaUploadSites,0,3/19/2025,3/19/2025,,,,Intel::DOMAIN,
atrensnz2.mega.nz,MegaUploadSites,0,3/19/2025,3/19/2025,,,,Intel::DOMAIN,
attach.forum.mega.nz,MegaUploadSites,0,3/19/2025,3/19/2025,,,,Intel::DOMAIN,
au-blog.mega.nz,MegaUploadSites,0,3/19/2025,3/19/2025,,,,Intel::DOMAIN,
au8k4ryjxn7b07.gw.mega.nz,MegaUploadSites,0,3/19/2025,3/19/2025,,,,Intel::DOMAIN,
auau.org.cn.mega.nz,MegaUploadSites,0,3/19/2025,3/19/2025,,,,Intel::DOMAIN,
audio.cms.mega.nz,MegaUploadSites,0,3/19/2025,3/19/2025,,,,Intel::DOMAIN,
auditinnsnz1-91.m.mega.nz,MegaUploadSites,0,3/19/2025,3/19/2025,,,,Intel::DOMAIN,
auditinnsnz1-91.mega.nz,MegaUploadSites,0,3/19/2025,3/19/2025,,,,Intel::DOMAIN,
auditinnsnz1-ak.mega.nz,MegaUploadSites,0,3/19/2025,3/19/2025,,,,Intel::DOMAIN,
auditinnsnz1-m.m.mega.nz,MegaUploadSites,0,3/19/2025,3/19/2025,,,,Intel::DOMAIN,
auditinnsnz1-m.mega.nz,MegaUploadSites,0,3/19/2025,3/19/2025,,,,Intel::DOMAIN,
auditinnsnz1.mega.nz,MegaUploadSites,0,3/19/2025,3/19/2025,,,,Intel::DOMAIN,
auditinnsnz115.m.mega.nz,MegaUploadSites,0,3/19/2025,3/19/2025,,,,Intel::DOMAIN,
auditinnsnz115.mega.nz,MegaUploadSites,0,3/19/2025,3/19/2025,,,,Intel::DOMAIN,
auditinnsnz17.m.mega.nz,MegaUploadSites,0,3/19/2025,3/19/2025,,,,Intel::DOMAIN,
auditinnsnz17.mega.nz,MegaUploadSites,0,3/19/2025,3/19/2025,,,,Intel::DOMAIN,
auditinnsnz1gz.mega.nz,MegaUploadSites,0,3/19/2025,3/19/2025,,,,Intel::DOMAIN,
aula.cms.mega.nz,MegaUploadSites,0,3/19/2025,3/19/2025,,,,Intel::DOMAIN,
aunsnz1-dec.mega.nz,MegaUploadSites,0,3/19/2025,3/19/2025,,,,Intel::DOMAIN,
aunsnz1-id.mega.nz,MegaUploadSites,0,3/19/2025,3/19/2025,,,,Intel::DOMAIN,
aunsnz1-jinx.mega.nz,MegaUploadSites,0,3/19/2025,3/19/2025,,,,Intel::DOMAIN,
aunsnz1-na1.mega.nz,MegaUploadSites,0,3/19/2025,3/19/2025,,,,Intel::DOMAIN,
aunsnz1-readiness.m.mega.nz,MegaUploadSites,0,3/19/2025,3/19/2025,,,,Intel::DOMAIN,
aunsnz1-readiness.mega.nz,MegaUploadSites,0,3/19/2025,3/19/2025,,,,Intel::DOMAIN,
aunsnz1-region.mega.nz,MegaUploadSites,0,3/19/2025,3/19/2025,,,,Intel::DOMAIN,
aunsnz1.m.mega.nz,MegaUploadSites,0,3/19/2025,3/19/2025,,,,Intel::DOMAIN,
aunsnz1.mega.nz,MegaUploadSites,0,3/19/2025,3/19/2025,,,,Intel::DOMAIN,
aunsnz1demo.mega.nz,MegaUploadSites,0,3/19/2025,3/19/2025,,,,Intel::DOMAIN,
aunsnz1europewest1b.m.mega.nz,MegaUploadSites,0,3/19/2025,3/19/2025,,,,Intel::DOMAIN,
aunsnz1europewest1b.mega.nz,MegaUploadSites,0,3/19/2025,3/19/2025,,,,Intel::DOMAIN,
aunsnz1reviews.mega.nz,MegaUploadSites,0,3/19/2025,3/19/2025,,,,Intel::DOMAIN,
aunsnz1westeurope.m.mega.nz,MegaUploadSites,0,3/19/2025,3/19/2025,,,,Intel::DOMAIN,
aunsnz1westeurope.mega.nz,MegaUploadSites,0,3/19/2025,3/19/2025,,,,Intel::DOMAIN,
aurum.mega.nz,MegaUploadSites,0,3/19/2025,3/19/2025,,,,Intel::DOMAIN,
australiasoutheasttest.0.mega.nz,MegaUploadSites,0,3/19/2025,3/19/2025,,,,Intel::DOMAIN,
autherking.com.cn.mega.nz,MegaUploadSites,0,3/19/2025,3/19/2025,,,,Intel::DOMAIN,
auto-2.com.cn.mega.nz,MegaUploadSites,0,3/19/2025,3/19/2025,,,,Intel::DOMAIN,
autoconfig.7.mega.nz,MegaUploadSites,0,3/19/2025,3/19/2025,,,,Intel::DOMAIN,
autodiscover.bo.mega.nz,MegaUploadSites,0,3/19/2025,3/19/2025,,,,Intel::DOMAIN,
autodiscover.e.mega.nz,MegaUploadSites,0,3/19/2025,3/19/2025,,,,Intel::DOMAIN,
autostats.m.mega.nz,MegaUploadSites,0,3/19/2025,3/19/2025,,,,Intel::DOMAIN,
autostats.mega.nz,MegaUploadSites,0,3/19/2025,3/19/2025,,,,Intel::DOMAIN,
auv15risgpt4fb4n0zs0f5f2bf.mega.nz,MegaUploadSites,0,3/19/2025,3/19/2025,,,,Intel::DOMAIN,
auxon.com.cn.mega.nz,MegaUploadSites,0,3/19/2025,3/19/2025,,,,Intel::DOMAIN,
av.mega.nz,MegaUploadSites,0,3/19/2025,3/19/2025,,,,Intel::DOMAIN,
av678.com.mega.nz,MegaUploadSites,0,3/19/2025,3/19/2025,,,,Intel::DOMAIN,
avenirmello.mega.nz,MegaUploadSites,0,3/19/2025,3/19/2025,,,,Intel::DOMAIN,
avg-anti-virus-free.it.mega.nz,MegaUploadSites,0,3/19/2025,3/19/2025,,,,Intel::DOMAIN,
aviary.mega.nz,MegaUploadSites,0,3/19/2025,3/19/2025,,,,Intel::DOMAIN,
avniu.cn.mega.nz,MegaUploadSites,0,3/19/2025,3/19/2025,,,,Intel::DOMAIN,
avocnsde1.mega.nz,MegaUploadSites,0,3/19/2025,3/19/2025,,,,Intel::DOMAIN,
avscom.mega.nz,MegaUploadSites,0,3/19/2025,3/19/2025,,,,Intel::DOMAIN,
aw.mega.nz,MegaUploadSites,0,3/19/2025,3/19/2025,,,,Intel::DOMAIN,
awlxnl.cn.mega.nz,MegaUploadSites,0,3/19/2025,3/19/2025,,,,Intel::DOMAIN,
awol.mega.nz,MegaUploadSites,0,3/19/2025,3/19/2025,,,,Intel::DOMAIN,
axtrade.com.cn.mega.nz,MegaUploadSites,0,3/19/2025,3/19/2025,,,,Intel::DOMAIN,
aya.mega.nz,MegaUploadSites,0,3/19/2025,3/19/2025,,,,Intel::DOMAIN,
aygazexternalase2.p.mega.nz,MegaUploadSites,0,3/19/2025,3/19/2025,,,,Intel::DOMAIN,
ayjinyuan.com.cn.mega.nz,MegaUploadSites,0,3/19/2025,3/19/2025,,,,Intel::DOMAIN,
aynnsnz2.mega.nz,MegaUploadSites,0,3/19/2025,3/19/2025,,,,Intel::DOMAIN,
aypc888.com.cn.mega.nz,MegaUploadSites,0,3/19/2025,3/19/2025,,,,Intel::DOMAIN,
ayxnevznsnz2.mega.nz,MegaUploadSites,0,3/19/2025,3/19/2025,,,,Intel::DOMAIN,
az-blog.mega.nz,MegaUploadSites,0,3/19/2025,3/19/2025,,,,Intel::DOMAIN,
az.mega.nz,MegaUploadSites,0,3/19/2025,3/19/2025,,,,Intel::DOMAIN,
azdaxkxvj1y5xc2hcaqqbtuvsg.mega.nz,MegaUploadSites,0,3/19/2025,3/19/2025,,,,Intel::DOMAIN,
azure.p.mega.nz,MegaUploadSites,0,3/19/2025,3/19/2025,,,,Intel::DOMAIN,
b-lekmer-363630.c.mega.nz,MegaUploadSites,0,3/19/2025,3/19/2025,,,,Intel::DOMAIN,
b.0.mega.nz,MegaUploadSites,0,3/19/2025,3/19/2025,,,,Intel::DOMAIN,
b.i4.mega.nz,MegaUploadSites,0,3/19/2025,3/19/2025,,,,Intel::DOMAIN,
b.m.mega.nz,MegaUploadSites,0,3/19/2025,3/19/2025,,,,Intel::DOMAIN,
b.mega.nz,MegaUploadSites,0,3/19/2025,3/19/2025,,,,Intel::DOMAIN,
b.w.mega.nz,MegaUploadSites,0,3/19/2025,3/19/2025,,,,Intel::DOMAIN,
b0.cms.mega.nz,MegaUploadSites,0,3/19/2025,3/19/2025,,,,Intel::DOMAIN,
b03.mega.nz,MegaUploadSites,0,3/19/2025,3/19/2025,,,,Intel::DOMAIN,
b05.mega.nz,MegaUploadSites,0,3/19/2025,3/19/2025,,,,Intel::DOMAIN,
b09.mega.nz,MegaUploadSites,0,3/19/2025,3/19/2025,,,,Intel::DOMAIN,
b1.mega.nz,MegaUploadSites,0,3/19/2025,3/19/2025,,,,Intel::DOMAIN,
b108.mega.nz,MegaUploadSites,0,3/19/2025,3/19/2025,,,,Intel::DOMAIN,
b2.mega.nz,MegaUploadSites,0,3/19/2025,3/19/2025,,,,Intel::DOMAIN,
b201.8.mega.nz,MegaUploadSites,0,3/19/2025,3/19/2025,,,,Intel::DOMAIN,
b201.m.mega.nz,MegaUploadSites,0,3/19/2025,3/19/2025,,,,Intel::DOMAIN,
b201.mega.nz,MegaUploadSites,0,3/19/2025,3/19/2025,,,,Intel::DOMAIN,
b21.mega.nz,MegaUploadSites,0,3/19/2025,3/19/2025,,,,Intel::DOMAIN,
b2bwiki.cc.mega.nz,MegaUploadSites,0,3/19/2025,3/19/2025,,,,Intel::DOMAIN,
b302.mega.nz,MegaUploadSites,0,3/19/2025,3/19/2025,,,,Intel::DOMAIN,
b401.mega.nz,MegaUploadSites,0,3/19/2025,3/19/2025,,,,Intel::DOMAIN,
b69.mega.nz,MegaUploadSites,0,3/19/2025,3/19/2025,,,,Intel::DOMAIN,
b80.mega.nz,MegaUploadSites,0,3/19/2025,3/19/2025,,,,Intel::DOMAIN,
ba.mega.nz,MegaUploadSites,0,3/19/2025,3/19/2025,,,,Intel::DOMAIN,
baby-bio.com.cn.mega.nz,MegaUploadSites,0,3/19/2025,3/19/2025,,,,Intel::DOMAIN,
babyoil.mega.nz,MegaUploadSites,0,3/19/2025,3/19/2025,,,,Intel::DOMAIN,
bachus.mega.nz,MegaUploadSites,0,3/19/2025,3/19/2025,,,,Intel::DOMAIN,
backend-dub.7.mega.nz,MegaUploadSites,0,3/19/2025,3/19/2025,,,,Intel::DOMAIN,
backend123.4.mega.nz,MegaUploadSites,0,3/19/2025,3/19/2025,,,,Intel::DOMAIN,
backendiphone.5.mega.nz,MegaUploadSites,0,3/19/2025,3/19/2025,,,,Intel::DOMAIN,
bacsnetnsde1-12.mega.nz,MegaUploadSites,0,3/19/2025,3/19/2025,,,,Intel::DOMAIN,
bacsnetnsde1-136.mega.nz,MegaUploadSites,0,3/19/2025,3/19/2025,,,,Intel::DOMAIN,
bacsnetnsde1-centralindiabeta.3.mega.nz,MegaUploadSites,0,3/19/2025,3/19/2025,,,,Intel::DOMAIN,
bacsnetnsde1-centralindiastage.mega.nz,MegaUploadSites,0,3/19/2025,3/19/2025,,,,Intel::DOMAIN,
bacsnetnsde1-chd.mega.nz,MegaUploadSites,0,3/19/2025,3/19/2025,,,,Intel::DOMAIN,
bacsnetnsde1-forms.mega.nz,MegaUploadSites,0,3/19/2025,3/19/2025,,,,Intel::DOMAIN,
bacsnetnsde1.m.mega.nz,MegaUploadSites,0,3/19/2025,3/19/2025,,,,Intel::DOMAIN,
bacsnetnsde1.mega.nz,MegaUploadSites,0,3/19/2025,3/19/2025,,,,Intel::DOMAIN,
bacsnetnsde1136.m.mega.nz,MegaUploadSites,0,3/19/2025,3/19/2025,,,,Intel::DOMAIN,
bacsnetnsde1136.mega.nz,MegaUploadSites,0,3/19/2025,3/19/2025,,,,Intel::DOMAIN,
bacsnetnsde1auth.m.mega.nz,MegaUploadSites,0,3/19/2025,3/19/2025,,,,Intel::DOMAIN,
bacsnetnsde1auth.mega.nz,MegaUploadSites,0,3/19/2025,3/19/2025,,,,Intel::DOMAIN,
bacsnetnsde1mail.mega.nz,MegaUploadSites,0,3/19/2025,3/19/2025,,,,Intel::DOMAIN,
bacsnetnsde1stats.mega.nz,MegaUploadSites,0,3/19/2025,3/19/2025,,,,Intel::DOMAIN,
bagussnsde1.mega.nz,MegaUploadSites,0,3/19/2025,3/19/2025,,,,Intel::DOMAIN,
baicity.cn.mega.nz,MegaUploadSites,0,3/19/2025,3/19/2025,,,,Intel::DOMAIN,
baijialetaiyangcheng.cms.mega.nz,MegaUploadSites,0,3/19/2025,3/19/2025,,,,Intel::DOMAIN,
baijialezhidaxian.cms.mega.nz,MegaUploadSites,0,3/19/2025,3/19/2025,,,,Intel::DOMAIN,
baikaguo88.com.cn.mega.nz,MegaUploadSites,0,3/19/2025,3/19/2025,,,,Intel::DOMAIN,
bail.mega.nz,MegaUploadSites,0,3/19/2025,3/19/2025,,,,Intel::DOMAIN,
bairunshengshi.com.cn.mega.nz,MegaUploadSites,0,3/19/2025,3/19/2025,,,,Intel::DOMAIN,
bajiuwanju.com.cn.mega.nz,MegaUploadSites,0,3/19/2025,3/19/2025,,,,Intel::DOMAIN,
bajolamascara.mega.nz,MegaUploadSites,0,3/19/2025,3/19/2025,,,,Intel::DOMAIN,
bal-mart.com.cn.mega.nz,MegaUploadSites,0,3/19/2025,3/19/2025,,,,Intel::DOMAIN,
bald.mega.nz,MegaUploadSites,0,3/19/2025,3/19/2025,,,,Intel::DOMAIN,
ballista.mega.nz,MegaUploadSites,0,3/19/2025,3/19/2025,,,,Intel::DOMAIN,
bama.mega.nz,MegaUploadSites,0,3/19/2025,3/19/2025,,,,Intel::DOMAIN,
bamabydistance.mega.nz,MegaUploadSites,0,3/19/2025,3/19/2025,,,,Intel::DOMAIN,
bancaemnsnz2-elb.mega.nz,MegaUploadSites,0,3/19/2025,3/19/2025,,,,Intel::DOMAIN,
bancaemnsnz2-eu-west-1.mega.nz,MegaUploadSites,0,3/19/2025,3/19/2025,,,,Intel::DOMAIN,
bancaemnsnz2-europewest.mega.nz,MegaUploadSites,0,3/19/2025,3/19/2025,,,,Intel::DOMAIN,
bancaemnsnz2.m.mega.nz,MegaUploadSites,0,3/19/2025,3/19/2025,,,,Intel::DOMAIN,
bancaemnsnz2.mega.nz,MegaUploadSites,0,3/19/2025,3/19/2025,,,,Intel::DOMAIN,
bancaemnsnz2analytics.mega.nz,MegaUploadSites,0,3/19/2025,3/19/2025,,,,Intel::DOMAIN,
bancaemnsnz2confluence.m.mega.nz,MegaUploadSites,0,3/19/2025,3/19/2025,,,,Intel::DOMAIN,
bancaemnsnz2confluence.mega.nz,MegaUploadSites,0,3/19/2025,3/19/2025,,,,Intel::DOMAIN,
bancaemnsnz2help.mega.nz,MegaUploadSites,0,3/19/2025,3/19/2025,,,,Intel::DOMAIN,
bancaemnsnz2o.mega.nz,MegaUploadSites,0,3/19/2025,3/19/2025,,,,Intel::DOMAIN,
bancaemnsnz2vpc.mega.nz,MegaUploadSites,0,3/19/2025,3/19/2025,,,,Intel::DOMAIN,
bancosantander.mega.nz,MegaUploadSites,0,3/19/2025,3/19/2025,,,,Intel::DOMAIN,
bandolierstyle.r.mega.nz,MegaUploadSites,0,3/19/2025,3/19/2025,,,,Intel::DOMAIN,
bands.mega.nz,MegaUploadSites,0,3/19/2025,3/19/2025,,,,Intel::DOMAIN,
banen.mega.nz,MegaUploadSites,0,3/19/2025,3/19/2025,,,,Intel::DOMAIN,
banking.mega.nz,MegaUploadSites,0,3/19/2025,3/19/2025,,,,Intel::DOMAIN,
banu.mega.nz,MegaUploadSites,0,3/19/2025,3/19/2025,,,,Intel::DOMAIN,
banuba-live-selfie-filters-and-face-masks-camera.ru.mega.nz,MegaUploadSites,0,3/19/2025,3/19/2025,,,,Intel::DOMAIN,
baodingshuijing.com.cn.mega.nz,MegaUploadSites,0,3/19/2025,3/19/2025,,,,Intel::DOMAIN,
bar-button.mega.nz,MegaUploadSites,0,3/19/2025,3/19/2025,,,,Intel::DOMAIN,
barnhart.mega.nz,MegaUploadSites,0,3/19/2025,3/19/2025,,,,Intel::DOMAIN,
basicnsde2.m.mega.nz,MegaUploadSites,0,3/19/2025,3/19/2025,,,,Intel::DOMAIN,
basicnsde2.mega.nz,MegaUploadSites,0,3/19/2025,3/19/2025,,,,Intel::DOMAIN,
basilseed.cn.mega.nz,MegaUploadSites,0,3/19/2025,3/19/2025,,,,Intel::DOMAIN,
basso.me.194.150.248.56.mega.nz,MegaUploadSites,0,3/19/2025,3/19/2025,,,,Intel::DOMAIN,
basta.mega.nz,MegaUploadSites,0,3/19/2025,3/19/2025,,,,Intel::DOMAIN,
batteryli.com.cn.mega.nz,MegaUploadSites,0,3/19/2025,3/19/2025,,,,Intel::DOMAIN,
bayanmaskara.mega.nz,MegaUploadSites,0,3/19/2025,3/19/2025,,,,Intel::DOMAIN,
bb.mega.nz,MegaUploadSites,0,3/19/2025,3/19/2025,,,,Intel::DOMAIN,
bbs.9.mega.nz,MegaUploadSites,0,3/19/2025,3/19/2025,,,,Intel::DOMAIN,
bbs.c.mega.nz,MegaUploadSites,0,3/19/2025,3/19/2025,,,,Intel::DOMAIN,
bbs.m.mega.nz,MegaUploadSites,0,3/19/2025,3/19/2025,,,,Intel::DOMAIN,
bbs.v.mega.nz,MegaUploadSites,0,3/19/2025,3/19/2025,,,,Intel::DOMAIN,
bd-yangguang.com.cn.mega.nz,MegaUploadSites,0,3/19/2025,3/19/2025,,,,Intel::DOMAIN,
be.a.mega.nz,MegaUploadSites,0,3/19/2025,3/19/2025,,,,Intel::DOMAIN,
beautylaser.com.cn.mega.nz,MegaUploadSites,0,3/19/2025,3/19/2025,,,,Intel::DOMAIN,
beautysprite.com.cn.mega.nz,MegaUploadSites,0,3/19/2025,3/19/2025,,,,Intel::DOMAIN,
bellsouthlongdistance.mega.nz,MegaUploadSites,0,3/19/2025,3/19/2025,,,,Intel::DOMAIN,
bem.mega.nz,MegaUploadSites,0,3/19/2025,3/19/2025,,,,Intel::DOMAIN,
ben2-ase-test.p.mega.nz,MegaUploadSites,0,3/19/2025,3/19/2025,,,,Intel::DOMAIN,
benassicamnsnz1.mega.nz,MegaUploadSites,0,3/19/2025,3/19/2025,,,,Intel::DOMAIN,
benvannettennsnz2.mega.nz,MegaUploadSites,0,3/19/2025,3/19/2025,,,,Intel::DOMAIN,
benxintrade.com.cn.mega.nz,MegaUploadSites,0,3/19/2025,3/19/2025,,,,Intel::DOMAIN,
bergamot.com.cn.mega.nz,MegaUploadSites,0,3/19/2025,3/19/2025,,,,Intel::DOMAIN,
best2k.mega.nz,MegaUploadSites,0,3/19/2025,3/19/2025,,,,Intel::DOMAIN,
bestmoddedlobby.p.mega.nz,MegaUploadSites,0,3/19/2025,3/19/2025,,,,Intel::DOMAIN,
beta-001.m.mega.nz,MegaUploadSites,0,3/19/2025,3/19/2025,,,,Intel::DOMAIN,
beta-001.mega.nz,MegaUploadSites,0,3/19/2025,3/19/2025,,,,Intel::DOMAIN,
beta-08.mega.nz,MegaUploadSites,0,3/19/2025,3/19/2025,,,,Intel::DOMAIN,
beta-redirector.mega.nz,MegaUploadSites,0,3/19/2025,3/19/2025,,,,Intel::DOMAIN,
beta-us-east1-b.m.mega.nz,MegaUploadSites,0,3/19/2025,3/19/2025,,,,Intel::DOMAIN,
beta-us-east1-b.mega.nz,MegaUploadSites,0,3/19/2025,3/19/2025,,,,Intel::DOMAIN,
beta.0000.mega.nz,MegaUploadSites,0,3/19/2025,3/19/2025,,,,Intel::DOMAIN,
beta.023.mega.nz,MegaUploadSites,0,3/19/2025,3/19/2025,,,,Intel::DOMAIN,
beta.au.mega.nz,MegaUploadSites,0,3/19/2025,3/19/2025,,,,Intel::DOMAIN,
beta.euw.mega.nz,MegaUploadSites,0,3/19/2025,3/19/2025,,,,Intel::DOMAIN,
beta.games.mega.nz,MegaUploadSites,0,3/19/2025,3/19/2025,,,,Intel::DOMAIN,
beta.ire.mega.nz,MegaUploadSites,0,3/19/2025,3/19/2025,,,,Intel::DOMAIN,
beta.mega.nz,MegaUploadSites,0,3/19/2025,3/19/2025,,,,Intel::DOMAIN,
beta.pt.mega.nz,MegaUploadSites,0,3/19/2025,3/19/2025,,,,Intel::DOMAIN,
beta.public.mega.nz,MegaUploadSites,0,3/19/2025,3/19/2025,,,,Intel::DOMAIN,
beta.redis.mega.nz,MegaUploadSites,0,3/19/2025,3/19/2025,,,,Intel::DOMAIN,
beta.v13.mega.nz,MegaUploadSites,0,3/19/2025,3/19/2025,,,,Intel::DOMAIN,
beta.was.mega.nz,MegaUploadSites,0,3/19/2025,3/19/2025,,,,Intel::DOMAIN,
beta123.mega.nz,MegaUploadSites,0,3/19/2025,3/19/2025,,,,Intel::DOMAIN,
beta130.mega.nz,MegaUploadSites,0,3/19/2025,3/19/2025,,,,Intel::DOMAIN,
beta14.mega.nz,MegaUploadSites,0,3/19/2025,3/19/2025,,,,Intel::DOMAIN,
betaa31.mega.nz,MegaUploadSites,0,3/19/2025,3/19/2025,,,,Intel::DOMAIN,
betaa88.mega.nz,MegaUploadSites,0,3/19/2025,3/19/2025,,,,Intel::DOMAIN,
betademo.mega.nz,MegaUploadSites,0,3/19/2025,3/19/2025,,,,Intel::DOMAIN,
betagb.mega.nz,MegaUploadSites,0,3/19/2025,3/19/2025,,,,Intel::DOMAIN,
betaiphone.0.mega.nz,MegaUploadSites,0,3/19/2025,3/19/2025,,,,Intel::DOMAIN,
betaiphone.mega.nz,MegaUploadSites,0,3/19/2025,3/19/2025,,,,Intel::DOMAIN,
betaistrators.0.mega.nz,MegaUploadSites,0,3/19/2025,3/19/2025,,,,Intel::DOMAIN,
betambp.mega.nz,MegaUploadSites,0,3/19/2025,3/19/2025,,,,Intel::DOMAIN,
betanews.m.mega.nz,MegaUploadSites,0,3/19/2025,3/19/2025,,,,Intel::DOMAIN,
betanews.mega.nz,MegaUploadSites,0,3/19/2025,3/19/2025,,,,Intel::DOMAIN,
betanl.mega.nz,MegaUploadSites,0,3/19/2025,3/19/2025,,,,Intel::DOMAIN,
betaqa.mega.nz,MegaUploadSites,0,3/19/2025,3/19/2025,,,,Intel::DOMAIN,
bethe.m.mega.nz,MegaUploadSites,0,3/19/2025,3/19/2025,,,,Intel::DOMAIN,
bethe.mega.nz,MegaUploadSites,0,3/19/2025,3/19/2025,,,,Intel::DOMAIN,
beyondirnsnz1.mega.nz,MegaUploadSites,0,3/19/2025,3/19/2025,,,,Intel::DOMAIN,
beyondnsnz1.7.mega.nz,MegaUploadSites,0,3/19/2025,3/19/2025,,,,Intel::DOMAIN,
beyondnsnz1.m.mega.nz,MegaUploadSites,0,3/19/2025,3/19/2025,,,,Intel::DOMAIN,
beyondnsnz1.mega.nz,MegaUploadSites,0,3/19/2025,3/19/2025,,,,Intel::DOMAIN,
beyondvirus.mega.nz,MegaUploadSites,0,3/19/2025,3/19/2025,,,,Intel::DOMAIN,
bg.mega.nz,MegaUploadSites,0,3/19/2025,3/19/2025,,,,Intel::DOMAIN,
bgebc.cn.mega.nz,MegaUploadSites,0,3/19/2025,3/19/2025,,,,Intel::DOMAIN,
bgpln.cn.mega.nz,MegaUploadSites,0,3/19/2025,3/19/2025,,,,Intel::DOMAIN,
bgvirus.mega.nz,MegaUploadSites,0,3/19/2025,3/19/2025,,,,Intel::DOMAIN,
bh.mega.nz,MegaUploadSites,0,3/19/2025,3/19/2025,,,,Intel::DOMAIN,
bhtrade.com.cn.mega.nz,MegaUploadSites,0,3/19/2025,3/19/2025,,,,Intel::DOMAIN,
bi.mega.nz,MegaUploadSites,0,3/19/2025,3/19/2025,,,,Intel::DOMAIN,
bi11.com.mega.nz,MegaUploadSites,0,3/19/2025,3/19/2025,,,,Intel::DOMAIN,
bia2axx.mega.nz,MegaUploadSites,0,3/19/2025,3/19/2025,,,,Intel::DOMAIN,
bia2model.mega.nz,MegaUploadSites,0,3/19/2025,3/19/2025,,,,Intel::DOMAIN,
bianchirepuensde2.m.mega.nz,MegaUploadSites,0,3/19/2025,3/19/2025,,,,Intel::DOMAIN,
bianchirepuensde2.mega.nz,MegaUploadSites,0,3/19/2025,3/19/2025,,,,Intel::DOMAIN,
bieganie.mega.nz,MegaUploadSites,0,3/19/2025,3/19/2025,,,,Intel::DOMAIN,
binlipj.cn.mega.nz,MegaUploadSites,0,3/19/2025,3/19/2025,,,,Intel::DOMAIN,
biocango.com.cn.mega.nz,MegaUploadSites,0,3/19/2025,3/19/2025,,,,Intel::DOMAIN,
bird.mega.nz,MegaUploadSites,0,3/19/2025,3/19/2025,,,,Intel::DOMAIN,
bivl.mega.nz,MegaUploadSites,0,3/19/2025,3/19/2025,,,,Intel::DOMAIN,
bj.mega.nz,MegaUploadSites,0,3/19/2025,3/19/2025,,,,Intel::DOMAIN,
bj98168.com.cn.mega.nz,MegaUploadSites,0,3/19/2025,3/19/2025,,,,Intel::DOMAIN,
bjackson.mega.nz,MegaUploadSites,0,3/19/2025,3/19/2025,,,,Intel::DOMAIN,
bjzgzq.com.mega.nz,MegaUploadSites,0,3/19/2025,3/19/2025,,,,Intel::DOMAIN,
bkdxz.cn.mega.nz,MegaUploadSites,0,3/19/2025,3/19/2025,,,,Intel::DOMAIN,
bkfdy.cn.mega.nz,MegaUploadSites,0,3/19/2025,3/19/2025,,,,Intel::DOMAIN,
bkfmg.cn.mega.nz,MegaUploadSites,0,3/19/2025,3/19/2025,,,,Intel::DOMAIN,
bkfwh.cn.mega.nz,MegaUploadSites,0,3/19/2025,3/19/2025,,,,Intel::DOMAIN,
bkfwj.cn.mega.nz,MegaUploadSites,0,3/19/2025,3/19/2025,,,,Intel::DOMAIN,
bkfwk.cn.mega.nz,MegaUploadSites,0,3/19/2025,3/19/2025,,,,Intel::DOMAIN,
bkfxz.cn.mega.nz,MegaUploadSites,0,3/19/2025,3/19/2025,,,,Intel::DOMAIN,
bkfzh.cn.mega.nz,MegaUploadSites,0,3/19/2025,3/19/2025,,,,Intel::DOMAIN,
bkgbg.cn.mega.nz,MegaUploadSites,0,3/19/2025,3/19/2025,,,,Intel::DOMAIN,
bkgdf.cn.mega.nz,MegaUploadSites,0,3/19/2025,3/19/2025,,,,Intel::DOMAIN,
bkghf.cn.mega.nz,MegaUploadSites,0,3/19/2025,3/19/2025,,,,Intel::DOMAIN,
bkghs.cn.mega.nz,MegaUploadSites,0,3/19/2025,3/19/2025,,,,Intel::DOMAIN,
bkgkf.cn.mega.nz,MegaUploadSites,0,3/19/2025,3/19/2025,,,,Intel::DOMAIN,
bkhcj.cn.mega.nz,MegaUploadSites,0,3/19/2025,3/19/2025,,,,Intel::DOMAIN,
bkhgm.cn.mega.nz,MegaUploadSites,0,3/19/2025,3/19/2025,,,,Intel::DOMAIN,
bkhkx.cn.mega.nz,MegaUploadSites,0,3/19/2025,3/19/2025,,,,Intel::DOMAIN,
bkhmx.cn.mega.nz,MegaUploadSites,0,3/19/2025,3/19/2025,,,,Intel::DOMAIN,
bkhsh.cn.mega.nz,MegaUploadSites,0,3/19/2025,3/19/2025,,,,Intel::DOMAIN,
bkhsx.cn.mega.nz,MegaUploadSites,0,3/19/2025,3/19/2025,,,,Intel::DOMAIN,
bkhtk.cn.mega.nz,MegaUploadSites,0,3/19/2025,3/19/2025,,,,Intel::DOMAIN,
bkhts.cn.mega.nz,MegaUploadSites,0,3/19/2025,3/19/2025,,,,Intel::DOMAIN,
bkhwt.cn.mega.nz,MegaUploadSites,0,3/19/2025,3/19/2025,,,,Intel::DOMAIN,
bkj64.mega.nz,MegaUploadSites,0,3/19/2025,3/19/2025,,,,Intel::DOMAIN,
bkjch.cn.mega.nz,MegaUploadSites,0,3/19/2025,3/19/2025,,,,Intel::DOMAIN,
bkjmf.cn.mega.nz,MegaUploadSites,0,3/19/2025,3/19/2025,,,,Intel::DOMAIN,
bkjmx.cn.mega.nz,MegaUploadSites,0,3/19/2025,3/19/2025,,,,Intel::DOMAIN,
bkjmz.cn.mega.nz,MegaUploadSites,0,3/19/2025,3/19/2025,,,,Intel::DOMAIN,
bkjxj.cn.mega.nz,MegaUploadSites,0,3/19/2025,3/19/2025,,,,Intel::DOMAIN,
bkjxs.cn.mega.nz,MegaUploadSites,0,3/19/2025,3/19/2025,,,,Intel::DOMAIN,
bkkdh.cn.mega.nz,MegaUploadSites,0,3/19/2025,3/19/2025,,,,Intel::DOMAIN,
bkkfs.cn.mega.nz,MegaUploadSites,0,3/19/2025,3/19/2025,,,,Intel::DOMAIN,
bkkwt.cn.mega.nz,MegaUploadSites,0,3/19/2025,3/19/2025,,,,Intel::DOMAIN,
bkkxd.cn.mega.nz,MegaUploadSites,0,3/19/2025,3/19/2025,,,,Intel::DOMAIN,
bkkxj.cn.mega.nz,MegaUploadSites,0,3/19/2025,3/19/2025,,,,Intel::DOMAIN,
bkmds.cn.mega.nz,MegaUploadSites,0,3/19/2025,3/19/2025,,,,Intel::DOMAIN,
bkmgk.cn.mega.nz,MegaUploadSites,0,3/19/2025,3/19/2025,,,,Intel::DOMAIN,
bkmhg.cn.mega.nz,MegaUploadSites,0,3/19/2025,3/19/2025,,,,Intel::DOMAIN,
bkmzg.cn.mega.nz,MegaUploadSites,0,3/19/2025,3/19/2025,,,,Intel::DOMAIN,
bksfy.cn.mega.nz,MegaUploadSites,0,3/19/2025,3/19/2025,,,,Intel::DOMAIN,
bksgd.cn.mega.nz,MegaUploadSites,0,3/19/2025,3/19/2025,,,,Intel::DOMAIN,
bksgs.cn.mega.nz,MegaUploadSites,0,3/19/2025,3/19/2025,,,,Intel::DOMAIN,
bksgt.cn.mega.nz,MegaUploadSites,0,3/19/2025,3/19/2025,,,,Intel::DOMAIN,
bkshh.cn.mega.nz,MegaUploadSites,0,3/19/2025,3/19/2025,,,,Intel::DOMAIN,
bksjz.cn.mega.nz,MegaUploadSites,0,3/19/2025,3/19/2025,,,,Intel::DOMAIN,
bkskg.cn.mega.nz,MegaUploadSites,0,3/19/2025,3/19/2025,,,,Intel::DOMAIN,
bksmk.cn.mega.nz,MegaUploadSites,0,3/19/2025,3/19/2025,,,,Intel::DOMAIN,
bksty.cn.mega.nz,MegaUploadSites,0,3/19/2025,3/19/2025,,,,Intel::DOMAIN,
bkswj.cn.mega.nz,MegaUploadSites,0,3/19/2025,3/19/2025,,,,Intel::DOMAIN,
bkswx.cn.mega.nz,MegaUploadSites,0,3/19/2025,3/19/2025,,,,Intel::DOMAIN,
bkswy.cn.mega.nz,MegaUploadSites,0,3/19/2025,3/19/2025,,,,Intel::DOMAIN,
bksxk.cn.mega.nz,MegaUploadSites,0,3/19/2025,3/19/2025,,,,Intel::DOMAIN,
bksyf.cn.mega.nz,MegaUploadSites,0,3/19/2025,3/19/2025,,,,Intel::DOMAIN,
bkszg.cn.mega.nz,MegaUploadSites,0,3/19/2025,3/19/2025,,,,Intel::DOMAIN,
bktbh.cn.mega.nz,MegaUploadSites,0,3/19/2025,3/19/2025,,,,Intel::DOMAIN,
bktcf.cn.mega.nz,MegaUploadSites,0,3/19/2025,3/19/2025,,,,Intel::DOMAIN,
bktgd.cn.mega.nz,MegaUploadSites,0,3/19/2025,3/19/2025,,,,Intel::DOMAIN,
bktkf.cn.mega.nz,MegaUploadSites,0,3/19/2025,3/19/2025,,,,Intel::DOMAIN,
bktsg.cn.mega.nz,MegaUploadSites,0,3/19/2025,3/19/2025,,,,Intel::DOMAIN,
bktwk.cn.mega.nz,MegaUploadSites,0,3/19/2025,3/19/2025,,,,Intel::DOMAIN,
bkwcg.cn.mega.nz,MegaUploadSites,0,3/19/2025,3/19/2025,,,,Intel::DOMAIN,
bkwds.cn.mega.nz,MegaUploadSites,0,3/19/2025,3/19/2025,,,,Intel::DOMAIN,
bkwfg.cn.mega.nz,MegaUploadSites,0,3/19/2025,3/19/2025,,,,Intel::DOMAIN,
bkwfm.cn.mega.nz,MegaUploadSites,0,3/19/2025,3/19/2025,,,,Intel::DOMAIN,
bkwfx.cn.mega.nz,MegaUploadSites,0,3/19/2025,3/19/2025,,,,Intel::DOMAIN,
bkwgk.cn.mega.nz,MegaUploadSites,0,3/19/2025,3/19/2025,,,,Intel::DOMAIN,
bkwgs.cn.mega.nz,MegaUploadSites,0,3/19/2025,3/19/2025,,,,Intel::DOMAIN,
bkwgx.cn.mega.nz,MegaUploadSites,0,3/19/2025,3/19/2025,,,,Intel::DOMAIN,
bkwkk.cn.mega.nz,MegaUploadSites,0,3/19/2025,3/19/2025,,,,Intel::DOMAIN,
bkwmt.cn.mega.nz,MegaUploadSites,0,3/19/2025,3/19/2025,,,,Intel::DOMAIN,
bkwtj.cn.mega.nz,MegaUploadSites,0,3/19/2025,3/19/2025,,,,Intel::DOMAIN,
bkwxf.cn.mega.nz,MegaUploadSites,0,3/19/2025,3/19/2025,,,,Intel::DOMAIN,
bkwyz.cn.mega.nz,MegaUploadSites,0,3/19/2025,3/19/2025,,,,Intel::DOMAIN,
bkxbh.cn.mega.nz,MegaUploadSites,0,3/19/2025,3/19/2025,,,,Intel::DOMAIN,
bkxdj.cn.mega.nz,MegaUploadSites,0,3/19/2025,3/19/2025,,,,Intel::DOMAIN,
bkxfd.cn.mega.nz,MegaUploadSites,0,3/19/2025,3/19/2025,,,,Intel::DOMAIN,
bkxgx.cn.mega.nz,MegaUploadSites,0,3/19/2025,3/19/2025,,,,Intel::DOMAIN,
bkxhj.cn.mega.nz,MegaUploadSites,0,3/19/2025,3/19/2025,,,,Intel::DOMAIN,
bkxhy.cn.mega.nz,MegaUploadSites,0,3/19/2025,3/19/2025,,,,Intel::DOMAIN,
bkxhz.cn.mega.nz,MegaUploadSites,0,3/19/2025,3/19/2025,,,,Intel::DOMAIN,
bkxjg.cn.mega.nz,MegaUploadSites,0,3/19/2025,3/19/2025,,,,Intel::DOMAIN,
bkxkh.cn.mega.nz,MegaUploadSites,0,3/19/2025,3/19/2025,,,,Intel::DOMAIN,
bkxkt.cn.mega.nz,MegaUploadSites,0,3/19/2025,3/19/2025,,,,Intel::DOMAIN,
bkxmf.cn.mega.nz,MegaUploadSites,0,3/19/2025,3/19/2025,,,,Intel::DOMAIN,
bkxmg.cn.mega.nz,MegaUploadSites,0,3/19/2025,3/19/2025,,,,Intel::DOMAIN,
bkxmk.cn.mega.nz,MegaUploadSites,0,3/19/2025,3/19/2025,,,,Intel::DOMAIN,
bkxtf.cn.mega.nz,MegaUploadSites,0,3/19/2025,3/19/2025,,,,Intel::DOMAIN,
bkxwz.cn.mega.nz,MegaUploadSites,0,3/19/2025,3/19/2025,,,,Intel::DOMAIN,
bkxxd.cn.mega.nz,MegaUploadSites,0,3/19/2025,3/19/2025,,,,Intel::DOMAIN,
bkxym.cn.mega.nz,MegaUploadSites,0,3/19/2025,3/19/2025,,,,Intel::DOMAIN,
bkxzs.cn.mega.nz,MegaUploadSites,0,3/19/2025,3/19/2025,,,,Intel::DOMAIN,
bkydj.cn.mega.nz,MegaUploadSites,0,3/19/2025,3/19/2025,,,,Intel::DOMAIN,
bkyfj.cn.mega.nz,MegaUploadSites,0,3/19/2025,3/19/2025,,,,Intel::DOMAIN,
bkymk.cn.mega.nz,MegaUploadSites,0,3/19/2025,3/19/2025,,,,Intel::DOMAIN,
bkysf.cn.mega.nz,MegaUploadSites,0,3/19/2025,3/19/2025,,,,Intel::DOMAIN,
bkytm.cn.mega.nz,MegaUploadSites,0,3/19/2025,3/19/2025,,,,Intel::DOMAIN,
bkywj.cn.mega.nz,MegaUploadSites,0,3/19/2025,3/19/2025,,,,Intel::DOMAIN,
bkyxg.cn.mega.nz,MegaUploadSites,0,3/19/2025,3/19/2025,,,,Intel::DOMAIN,
bkyxj.cn.mega.nz,MegaUploadSites,0,3/19/2025,3/19/2025,,,,Intel::DOMAIN,
bkzbg.cn.mega.nz,MegaUploadSites,0,3/19/2025,3/19/2025,,,,Intel::DOMAIN,
bkzby.cn.mega.nz,MegaUploadSites,0,3/19/2025,3/19/2025,,,,Intel::DOMAIN,
bkzdy.cn.mega.nz,MegaUploadSites,0,3/19/2025,3/19/2025,,,,Intel::DOMAIN,
bkzhg.cn.mega.nz,MegaUploadSites,0,3/19/2025,3/19/2025,,,,Intel::DOMAIN,
bkzmz.cn.mega.nz,MegaUploadSites,0,3/19/2025,3/19/2025,,,,Intel::DOMAIN,
bkzsx.cn.mega.nz,MegaUploadSites,0,3/19/2025,3/19/2025,,,,Intel::DOMAIN,
bkzwj.cn.mega.nz,MegaUploadSites,0,3/19/2025,3/19/2025,,,,Intel::DOMAIN,
bkzxy.cn.mega.nz,MegaUploadSites,0,3/19/2025,3/19/2025,,,,Intel::DOMAIN,
bkzys.cn.mega.nz,MegaUploadSites,0,3/19/2025,3/19/2025,,,,Intel::DOMAIN,
blackandwhitecat.mega.nz,MegaUploadSites,0,3/19/2025,3/19/2025,,,,Intel::DOMAIN,
blackbird.mega.nz,MegaUploadSites,0,3/19/2025,3/19/2025,,,,Intel::DOMAIN,
blackpeoplemensnz2.mega.nz,MegaUploadSites,0,3/19/2025,3/19/2025,,,,Intel::DOMAIN,
bldirector-rest-7-ase-west.p.mega.nz,MegaUploadSites,0,3/19/2025,3/19/2025,,,,Intel::DOMAIN,
blickfang-lounge-mtspace-de-997929.c.mega.nz,MegaUploadSites,0,3/19/2025,3/19/2025,,,,Intel::DOMAIN,
blockdmask.mega.nz,MegaUploadSites,0,3/19/2025,3/19/2025,,,,Intel::DOMAIN,
blog-a48.mega.nz,MegaUploadSites,0,3/19/2025,3/19/2025,,,,Intel::DOMAIN,
blog-at.mega.nz,MegaUploadSites,0,3/19/2025,3/19/2025,,,,Intel::DOMAIN,
blog-lt.mega.nz,MegaUploadSites,0,3/19/2025,3/19/2025,,,,Intel::DOMAIN,
blog-vault.m.mega.nz,MegaUploadSites,0,3/19/2025,3/19/2025,,,,Intel::DOMAIN,
blog-vault.mega.nz,MegaUploadSites,0,3/19/2025,3/19/2025,,,,Intel::DOMAIN,
blog.121.mega.nz,MegaUploadSites,0,3/19/2025,3/19/2025,,,,Intel::DOMAIN,
blog.1421.mega.nz,MegaUploadSites,0,3/19/2025,3/19/2025,,,,Intel::DOMAIN,
blog.5404.mega.nz,MegaUploadSites,0,3/19/2025,3/19/2025,,,,Intel::DOMAIN,
blog.7.mega.nz,MegaUploadSites,0,3/19/2025,3/19/2025,,,,Intel::DOMAIN,
blog.a115.mega.nz,MegaUploadSites,0,3/19/2025,3/19/2025,,,,Intel::DOMAIN,
blog.a28.mega.nz,MegaUploadSites,0,3/19/2025,3/19/2025,,,,Intel::DOMAIN,
blog.a5.mega.nz,MegaUploadSites,0,3/19/2025,3/19/2025,,,,Intel::DOMAIN,
blog.a69.mega.nz,MegaUploadSites,0,3/19/2025,3/19/2025,,,,Intel::DOMAIN,
blog.a80.mega.nz,MegaUploadSites,0,3/19/2025,3/19/2025,,,,Intel::DOMAIN,
blog.apollo.mega.nz,MegaUploadSites,0,3/19/2025,3/19/2025,,,,Intel::DOMAIN,
blog.asg.mega.nz,MegaUploadSites,0,3/19/2025,3/19/2025,,,,Intel::DOMAIN,
blog.aws.mega.nz,MegaUploadSites,0,3/19/2025,3/19/2025,,,,Intel::DOMAIN,
blog.branch.mega.nz,MegaUploadSites,0,3/19/2025,3/19/2025,,,,Intel::DOMAIN,
blog.c.mega.nz,MegaUploadSites,0,3/19/2025,3/19/2025,,,,Intel::DOMAIN,
blog.dev01.mega.nz,MegaUploadSites,0,3/19/2025,3/19/2025,,,,Intel::DOMAIN,
blog.iam.mega.nz,MegaUploadSites,0,3/19/2025,3/19/2025,,,,Intel::DOMAIN,
blog.m.mega.nz,MegaUploadSites,0,3/19/2025,3/19/2025,,,,Intel::DOMAIN,
blog.mega.nz,MegaUploadSites,0,3/19/2025,3/19/2025,,,,Intel::DOMAIN,
blog.mg6.mega.nz,MegaUploadSites,0,3/19/2025,3/19/2025,,,,Intel::DOMAIN,
blog.oembed.mega.nz,MegaUploadSites,0,3/19/2025,3/19/2025,,,,Intel::DOMAIN,
blog.p2.mega.nz,MegaUploadSites,0,3/19/2025,3/19/2025,,,,Intel::DOMAIN,
blog.tr.mega.nz,MegaUploadSites,0,3/19/2025,3/19/2025,,,,Intel::DOMAIN,
bloga31.mega.nz,MegaUploadSites,0,3/19/2025,3/19/2025,,,,Intel::DOMAIN,
bloga45.2.mega.nz,MegaUploadSites,0,3/19/2025,3/19/2025,,,,Intel::DOMAIN,
bloga45.mega.nz,MegaUploadSites,0,3/19/2025,3/19/2025,,,,Intel::DOMAIN,
bloga82.mega.nz,MegaUploadSites,0,3/19/2025,3/19/2025,,,,Intel::DOMAIN,
blogase.p.mega.nz,MegaUploadSites,0,3/19/2025,3/19/2025,,,,Intel::DOMAIN,
blogbl.mega.nz,MegaUploadSites,0,3/19/2025,3/19/2025,,,,Intel::DOMAIN,
blogcatolicovirgenmaria.mega.nz,MegaUploadSites,0,3/19/2025,3/19/2025,,,,Intel::DOMAIN,
blogcert01.mega.nz,MegaUploadSites,0,3/19/2025,3/19/2025,,,,Intel::DOMAIN,
blogchi.mega.nz,MegaUploadSites,0,3/19/2025,3/19/2025,,,,Intel::DOMAIN,
blogdb3.mega.nz,MegaUploadSites,0,3/19/2025,3/19/2025,,,,Intel::DOMAIN,
blogdca1.mega.nz,MegaUploadSites,0,3/19/2025,3/19/2025,,,,Intel::DOMAIN,
bloghe.mega.nz,MegaUploadSites,0,3/19/2025,3/19/2025,,,,Intel::DOMAIN,
blogmysqlmonitor01.mega.nz,MegaUploadSites,0,3/19/2025,3/19/2025,,,,Intel::DOMAIN,
blogny1.mega.nz,MegaUploadSites,0,3/19/2025,3/19/2025,,,,Intel::DOMAIN,
blogs.m.mega.nz,MegaUploadSites,0,3/19/2025,3/19/2025,,,,Intel::DOMAIN,
blogs.mega.nz,MegaUploadSites,0,3/19/2025,3/19/2025,,,,Intel::DOMAIN,
bloguionistas.mega.nz,MegaUploadSites,0,3/19/2025,3/19/2025,,,,Intel::DOMAIN,
blogyard.net.mega.nz,MegaUploadSites,0,3/19/2025,3/19/2025,,,,Intel::DOMAIN,
bm2.mega.nz,MegaUploadSites,0,3/19/2025,3/19/2025,,,,Intel::DOMAIN,
bmbfy.cn.mega.nz,MegaUploadSites,0,3/19/2025,3/19/2025,,,,Intel::DOMAIN,
bmbhz.cn.mega.nz,MegaUploadSites,0,3/19/2025,3/19/2025,,,,Intel::DOMAIN,
bmbky.cn.mega.nz,MegaUploadSites,0,3/19/2025,3/19/2025,,,,Intel::DOMAIN,
bmbxx.cn.mega.nz,MegaUploadSites,0,3/19/2025,3/19/2025,,,,Intel::DOMAIN,
bmbzj.cn.mega.nz,MegaUploadSites,0,3/19/2025,3/19/2025,,,,Intel::DOMAIN,
bmcdf.cn.mega.nz,MegaUploadSites,0,3/19/2025,3/19/2025,,,,Intel::DOMAIN,
bmcfh.cn.mega.nz,MegaUploadSites,0,3/19/2025,3/19/2025,,,,Intel::DOMAIN,
bmcgx.cn.mega.nz,MegaUploadSites,0,3/19/2025,3/19/2025,,,,Intel::DOMAIN,
bmcgy.cn.mega.nz,MegaUploadSites,0,3/19/2025,3/19/2025,,,,Intel::DOMAIN,
bmcmh.cn.mega.nz,MegaUploadSites,0,3/19/2025,3/19/2025,,,,Intel::DOMAIN,
bmcsd.cn.mega.nz,MegaUploadSites,0,3/19/2025,3/19/2025,,,,Intel::DOMAIN,
bmcwg.cn.mega.nz,MegaUploadSites,0,3/19/2025,3/19/2025,,,,Intel::DOMAIN,
bmcxz.cn.mega.nz,MegaUploadSites,0,3/19/2025,3/19/2025,,,,Intel::DOMAIN,
bmczg.cn.mega.nz,MegaUploadSites,0,3/19/2025,3/19/2025,,,,Intel::DOMAIN,
bmczz.cn.mega.nz,MegaUploadSites,0,3/19/2025,3/19/2025,,,,Intel::DOMAIN,
bmdbf.cn.mega.nz,MegaUploadSites,0,3/19/2025,3/19/2025,,,,Intel::DOMAIN,
bmdbs.cn.mega.nz,MegaUploadSites,0,3/19/2025,3/19/2025,,,,Intel::DOMAIN,
bmdbt.cn.mega.nz,MegaUploadSites,0,3/19/2025,3/19/2025,,,,Intel::DOMAIN,
bmddf.cn.mega.nz,MegaUploadSites,0,3/19/2025,3/19/2025,,,,Intel::DOMAIN,
bmddt.cn.mega.nz,MegaUploadSites,0,3/19/2025,3/19/2025,,,,Intel::DOMAIN,
bmdfj.cn.mega.nz,MegaUploadSites,0,3/19/2025,3/19/2025,,,,Intel::DOMAIN,
bmdgd.cn.mega.nz,MegaUploadSites,0,3/19/2025,3/19/2025,,,,Intel::DOMAIN,
bmdgh.cn.mega.nz,MegaUploadSites,0,3/19/2025,3/19/2025,,,,Intel::DOMAIN,
bmdhs.cn.mega.nz,MegaUploadSites,0,3/19/2025,3/19/2025,,,,Intel::DOMAIN,
bmdjf.cn.mega.nz,MegaUploadSites,0,3/19/2025,3/19/2025,,,,Intel::DOMAIN,
bmdmg.cn.mega.nz,MegaUploadSites,0,3/19/2025,3/19/2025,,,,Intel::DOMAIN,
bmdxd.cn.mega.nz,MegaUploadSites,0,3/19/2025,3/19/2025,,,,Intel::DOMAIN,
bmdxf.cn.mega.nz,MegaUploadSites,0,3/19/2025,3/19/2025,,,,Intel::DOMAIN,
bmdyk.cn.mega.nz,MegaUploadSites,0,3/19/2025,3/19/2025,,,,Intel::DOMAIN,
bmdzf.cn.mega.nz,MegaUploadSites,0,3/19/2025,3/19/2025,,,,Intel::DOMAIN,
bmfcd.cn.mega.nz,MegaUploadSites,0,3/19/2025,3/19/2025,,,,Intel::DOMAIN,
bmfdm.cn.mega.nz,MegaUploadSites,0,3/19/2025,3/19/2025,,,,Intel::DOMAIN,
bmfdy.cn.mega.nz,MegaUploadSites,0,3/19/2025,3/19/2025,,,,Intel::DOMAIN,
bmffd.cn.mega.nz,MegaUploadSites,0,3/19/2025,3/19/2025,,,,Intel::DOMAIN,
bmfjz.cn.mega.nz,MegaUploadSites,0,3/19/2025,3/19/2025,,,,Intel::DOMAIN,
bmfkd.cn.mega.nz,MegaUploadSites,0,3/19/2025,3/19/2025,,,,Intel::DOMAIN,
bmfkh.cn.mega.nz,MegaUploadSites,0,3/19/2025,3/19/2025,,,,Intel::DOMAIN,
bmfmg.cn.mega.nz,MegaUploadSites,0,3/19/2025,3/19/2025,,,,Intel::DOMAIN,
bmgbm.cn.mega.nz,MegaUploadSites,0,3/19/2025,3/19/2025,,,,Intel::DOMAIN,
bmgcg.cn.mega.nz,MegaUploadSites,0,3/19/2025,3/19/2025,,,,Intel::DOMAIN,
bmgfg.cn.mega.nz,MegaUploadSites,0,3/19/2025,3/19/2025,,,,Intel::DOMAIN,
bmgkf.cn.mega.nz,MegaUploadSites,0,3/19/2025,3/19/2025,,,,Intel::DOMAIN,
bmgkk.cn.mega.nz,MegaUploadSites,0,3/19/2025,3/19/2025,,,,Intel::DOMAIN,
bmgkm.cn.mega.nz,MegaUploadSites,0,3/19/2025,3/19/2025,,,,Intel::DOMAIN,
bmgts.cn.mega.nz,MegaUploadSites,0,3/19/2025,3/19/2025,,,,Intel::DOMAIN,
bmgwh.cn.mega.nz,MegaUploadSites,0,3/19/2025,3/19/2025,,,,Intel::DOMAIN,
bmgws.cn.mega.nz,MegaUploadSites,0,3/19/2025,3/19/2025,,,,Intel::DOMAIN,
bmgxj.cn.mega.nz,MegaUploadSites,0,3/19/2025,3/19/2025,,,,Intel::DOMAIN,
bmgxs.cn.mega.nz,MegaUploadSites,0,3/19/2025,3/19/2025,,,,Intel::DOMAIN,
bmgyd.cn.mega.nz,MegaUploadSites,0,3/19/2025,3/19/2025,,,,Intel::DOMAIN,
bmhbf.cn.mega.nz,MegaUploadSites,0,3/19/2025,3/19/2025,,,,Intel::DOMAIN,
bmhhx.cn.mega.nz,MegaUploadSites,0,3/19/2025,3/19/2025,,,,Intel::DOMAIN,
bmhjy.cn.mega.nz,MegaUploadSites,0,3/19/2025,3/19/2025,,,,Intel::DOMAIN,
bmhkx.cn.mega.nz,MegaUploadSites,0,3/19/2025,3/19/2025,,,,Intel::DOMAIN,
bmhky.cn.mega.nz,MegaUploadSites,0,3/19/2025,3/19/2025,,,,Intel::DOMAIN,
bmhmt.cn.mega.nz,MegaUploadSites,0,3/19/2025,3/19/2025,,,,Intel::DOMAIN,
bmhsd.cn.mega.nz,MegaUploadSites,0,3/19/2025,3/19/2025,,,,Intel::DOMAIN,
bmhst.cn.mega.nz,MegaUploadSites,0,3/19/2025,3/19/2025,,,,Intel::DOMAIN,
bmhty.cn.mega.nz,MegaUploadSites,0,3/19/2025,3/19/2025,,,,Intel::DOMAIN,
bmhws.cn.mega.nz,MegaUploadSites,0,3/19/2025,3/19/2025,,,,Intel::DOMAIN,
bmhxy.cn.mega.nz,MegaUploadSites,0,3/19/2025,3/19/2025,,,,Intel::DOMAIN,
bmhzg.cn.mega.nz,MegaUploadSites,0,3/19/2025,3/19/2025,,,,Intel::DOMAIN,
bmhzz.cn.mega.nz,MegaUploadSites,0,3/19/2025,3/19/2025,,,,Intel::DOMAIN,
bmjcd.cn.mega.nz,MegaUploadSites,0,3/19/2025,3/19/2025,,,,Intel::DOMAIN,
bmjcj.cn.mega.nz,MegaUploadSites,0,3/19/2025,3/19/2025,,,,Intel::DOMAIN,
bmjdh.cn.mega.nz,MegaUploadSites,0,3/19/2025,3/19/2025,,,,Intel::DOMAIN,
bmjdj.cn.mega.nz,MegaUploadSites,0,3/19/2025,3/19/2025,,,,Intel::DOMAIN,
bmjgy.cn.mega.nz,MegaUploadSites,0,3/19/2025,3/19/2025,,,,Intel::DOMAIN,
bmjgz.cn.mega.nz,MegaUploadSites,0,3/19/2025,3/19/2025,,,,Intel::DOMAIN,
bmjhh.cn.mega.nz,MegaUploadSites,0,3/19/2025,3/19/2025,,,,Intel::DOMAIN,
bmjjf.cn.mega.nz,MegaUploadSites,0,3/19/2025,3/19/2025,,,,Intel::DOMAIN,
bmjwm.cn.mega.nz,MegaUploadSites,0,3/19/2025,3/19/2025,,,,Intel::DOMAIN,
bmjws.cn.mega.nz,MegaUploadSites,0,3/19/2025,3/19/2025,,,,Intel::DOMAIN,
bmjxz.cn.mega.nz,MegaUploadSites,0,3/19/2025,3/19/2025,,,,Intel::DOMAIN,
bmjzg.cn.mega.nz,MegaUploadSites,0,3/19/2025,3/19/2025,,,,Intel::DOMAIN,
bmsgd.cn.mega.nz,MegaUploadSites,0,3/19/2025,3/19/2025,,,,Intel::DOMAIN,
bmu.mega.nz,MegaUploadSites,0,3/19/2025,3/19/2025,,,,Intel::DOMAIN,
bmw5111.com.mega.nz,MegaUploadSites,0,3/19/2025,3/19/2025,,,,Intel::DOMAIN,
bn1gvhvqkqmwkaun5xs01dfqyd.mega.nz,MegaUploadSites,0,3/19/2025,3/19/2025,,,,Intel::DOMAIN,
bngde.cn.mega.nz,MegaUploadSites,0,3/19/2025,3/19/2025,,,,Intel::DOMAIN,
bnsnz1.mega.nz,MegaUploadSites,0,3/19/2025,3/19/2025,,,,Intel::DOMAIN,
bnsnz2.mega.nz,MegaUploadSites,0,3/19/2025,3/19/2025,,,,Intel::DOMAIN,
boise.mega.nz,MegaUploadSites,0,3/19/2025,3/19/2025,,,,Intel::DOMAIN,
bombboutique.conslu1.mega.nz,MegaUploadSites,0,3/19/2025,3/19/2025,,,,Intel::DOMAIN,
bonsnz2.mega.nz,MegaUploadSites,0,3/19/2025,3/19/2025,,,,Intel::DOMAIN,
bound.cms.mega.nz,MegaUploadSites,0,3/19/2025,3/19/2025,,,,Intel::DOMAIN,
box.mega.nz,MegaUploadSites,0,3/19/2025,3/19/2025,,,,Intel::DOMAIN,
boxinjixie.cn.mega.nz,MegaUploadSites,0,3/19/2025,3/19/2025,,,,Intel::DOMAIN,
boy-sex-video.mega.nz,MegaUploadSites,0,3/19/2025,3/19/2025,,,,Intel::DOMAIN,
boyindaili.cms.mega.nz,MegaUploadSites,0,3/19/2025,3/19/2025,,,,Intel::DOMAIN,
br.mega.nz,MegaUploadSites,0,3/19/2025,3/19/2025,,,,Intel::DOMAIN,
brand.gslb.mega.nz,MegaUploadSites,0,3/19/2025,3/19/2025,,,,Intel::DOMAIN,
brasnthings.1.mega.nz,MegaUploadSites,0,3/19/2025,3/19/2025,,,,Intel::DOMAIN,
bravefighter.mega.nz,MegaUploadSites,0,3/19/2025,3/19/2025,,,,Intel::DOMAIN,
brazilsouthdeveloper.4.mega.nz,MegaUploadSites,0,3/19/2025,3/19/2025,,,,Intel::DOMAIN,
brazilsouthstage.m.mega.nz,MegaUploadSites,0,3/19/2025,3/19/2025,,,,Intel::DOMAIN,
brazilsouthstage.mega.nz,MegaUploadSites,0,3/19/2025,3/19/2025,,,,Intel::DOMAIN,
bread.m.mega.nz,MegaUploadSites,0,3/19/2025,3/19/2025,,,,Intel::DOMAIN,
bread.mega.nz,MegaUploadSites,0,3/19/2025,3/19/2025,,,,Intel::DOMAIN,
breakalegbootcamp.mega.nz,MegaUploadSites,0,3/19/2025,3/19/2025,,,,Intel::DOMAIN,
brianm.mega.nz,MegaUploadSites,0,3/19/2025,3/19/2025,,,,Intel::DOMAIN,
bricklin.mega.nz,MegaUploadSites,0,3/19/2025,3/19/2025,,,,Intel::DOMAIN,
brie.mega.nz,MegaUploadSites,0,3/19/2025,3/19/2025,,,,Intel::DOMAIN,
broker.cms.mega.nz,MegaUploadSites,0,3/19/2025,3/19/2025,,,,Intel::DOMAIN,
broker.mega.nz,MegaUploadSites,0,3/19/2025,3/19/2025,,,,Intel::DOMAIN,
brownthomas.a.mega.nz,MegaUploadSites,0,3/19/2025,3/19/2025,,,,Intel::DOMAIN,
browserstats.mega.nz,MegaUploadSites,0,3/19/2025,3/19/2025,,,,Intel::DOMAIN,
brucelee.mega.nz,MegaUploadSites,0,3/19/2025,3/19/2025,,,,Intel::DOMAIN,
bryanmurphylawnsde1.mega.nz,MegaUploadSites,0,3/19/2025,3/19/2025,,,,Intel::DOMAIN,
bsb99.com.mega.nz,MegaUploadSites,0,3/19/2025,3/19/2025,,,,Intel::DOMAIN,
bsc.mega.nz,MegaUploadSites,0,3/19/2025,3/19/2025,,,,Intel::DOMAIN,
bsd01.mega.nz,MegaUploadSites,0,3/19/2025,3/19/2025,,,,Intel::DOMAIN,
btc.mega.nz,MegaUploadSites,0,3/19/2025,3/19/2025,,,,Intel::DOMAIN,
btcms.mega.nz,MegaUploadSites,0,3/19/2025,3/19/2025,,,,Intel::DOMAIN,
btoken-uk.p.a.mega.nz,MegaUploadSites,0,3/19/2025,3/19/2025,,,,Intel::DOMAIN,
btszld.com.mega.nz,MegaUploadSites,0,3/19/2025,3/19/2025,,,,Intel::DOMAIN,
btwts.cn.mega.nz,MegaUploadSites,0,3/19/2025,3/19/2025,,,,Intel::DOMAIN,
buatmaskerwajah.mega.nz,MegaUploadSites,0,3/19/2025,3/19/2025,,,,Intel::DOMAIN,
build.a.mega.nz,MegaUploadSites,0,3/19/2025,3/19/2025,,,,Intel::DOMAIN,
bukanblogbb.mega.nz,MegaUploadSites,0,3/19/2025,3/19/2025,,,,Intel::DOMAIN,
bunbun.mega.nz,MegaUploadSites,0,3/19/2025,3/19/2025,,,,Intel::DOMAIN,
bupaanz-pub-ase-01.p.mega.nz,MegaUploadSites,0,3/19/2025,3/19/2025,,,,Intel::DOMAIN,
bupaanz-pub-test-ase-01.p.mega.nz,MegaUploadSites,0,3/19/2025,3/19/2025,,,,Intel::DOMAIN,
burden.mega.nz,MegaUploadSites,0,3/19/2025,3/19/2025,,,,Intel::DOMAIN,
burntriveroffroad.m.mega.nz,MegaUploadSites,0,3/19/2025,3/19/2025,,,,Intel::DOMAIN,
burntriveroffroad.mega.nz,MegaUploadSites,0,3/19/2025,3/19/2025,,,,Intel::DOMAIN,
bvbv.org.cn.mega.nz,MegaUploadSites,0,3/19/2025,3/19/2025,,,,Intel::DOMAIN,
bw.mega.nz,MegaUploadSites,0,3/19/2025,3/19/2025,,,,Intel::DOMAIN,
bwdgm.cn.mega.nz,MegaUploadSites,0,3/19/2025,3/19/2025,,,,Intel::DOMAIN,
bwfmh.cn.mega.nz,MegaUploadSites,0,3/19/2025,3/19/2025,,,,Intel::DOMAIN,
bwocb.cn.mega.nz,MegaUploadSites,0,3/19/2025,3/19/2025,,,,Intel::DOMAIN,
bxxoi.cn.mega.nz,MegaUploadSites,0,3/19/2025,3/19/2025,,,,Intel::DOMAIN,
by.mega.nz,MegaUploadSites,0,3/19/2025,3/19/2025,,,,Intel::DOMAIN,
c-0.mega.nz,MegaUploadSites,0,3/19/2025,3/19/2025,,,,Intel::DOMAIN,
c.7.mega.nz,MegaUploadSites,0,3/19/2025,3/19/2025,,,,Intel::DOMAIN,
c.csngok.ok.mega.nz,MegaUploadSites,0,3/19/2025,3/19/2025,,,,Intel::DOMAIN,
c.m.mega.nz,MegaUploadSites,0,3/19/2025,3/19/2025,,,,Intel::DOMAIN,
c.mega.nz,MegaUploadSites,0,3/19/2025,3/19/2025,,,,Intel::DOMAIN,
c0.mega.nz,MegaUploadSites,0,3/19/2025,3/19/2025,,,,Intel::DOMAIN,
c0qop0cfzvo.adm.mega.nz,MegaUploadSites,0,3/19/2025,3/19/2025,,,,Intel::DOMAIN,
c1.cp.mega.nz,MegaUploadSites,0,3/19/2025,3/19/2025,,,,Intel::DOMAIN,
c2c78os3.cit.mega.nz,MegaUploadSites,0,3/19/2025,3/19/2025,,,,Intel::DOMAIN,
c5210lintongl.com.mega.nz,MegaUploadSites,0,3/19/2025,3/19/2025,,,,Intel::DOMAIN,
c8.mega.nz,MegaUploadSites,0,3/19/2025,3/19/2025,,,,Intel::DOMAIN,
c86642420.c.mega.nz,MegaUploadSites,0,3/19/2025,3/19/2025,,,,Intel::DOMAIN,
ca-blog.mega.nz,MegaUploadSites,0,3/19/2025,3/19/2025,,,,Intel::DOMAIN,
ca.mega.nz,MegaUploadSites,0,3/19/2025,3/19/2025,,,,Intel::DOMAIN,
cache-0.mega.nz,MegaUploadSites,0,3/19/2025,3/19/2025,,,,Intel::DOMAIN,
cache-1.mega.nz,MegaUploadSites,0,3/19/2025,3/19/2025,,,,Intel::DOMAIN,
cache-10-drop.mega.nz,MegaUploadSites,0,3/19/2025,3/19/2025,,,,Intel::DOMAIN,
cache-10-sv.mega.nz,MegaUploadSites,0,3/19/2025,3/19/2025,,,,Intel::DOMAIN,
cache-10.mega.nz,MegaUploadSites,0,3/19/2025,3/19/2025,,,,Intel::DOMAIN,
cache-10accounts.mega.nz,MegaUploadSites,0,3/19/2025,3/19/2025,,,,Intel::DOMAIN,
cache-10images.mega.nz,MegaUploadSites,0,3/19/2025,3/19/2025,,,,Intel::DOMAIN,
cache-10qa2.m.mega.nz,MegaUploadSites,0,3/19/2025,3/19/2025,,,,Intel::DOMAIN,
cache-10qa2.mega.nz,MegaUploadSites,0,3/19/2025,3/19/2025,,,,Intel::DOMAIN,
cache-10stg2.8.mega.nz,MegaUploadSites,0,3/19/2025,3/19/2025,,,,Intel::DOMAIN,
cache-10vendor.mega.nz,MegaUploadSites,0,3/19/2025,3/19/2025,,,,Intel::DOMAIN,
cache-2-2013.m.mega.nz,MegaUploadSites,0,3/19/2025,3/19/2025,,,,Intel::DOMAIN,
cache-2-2013.mega.nz,MegaUploadSites,0,3/19/2025,3/19/2025,,,,Intel::DOMAIN,
cache-2-az.m.mega.nz,MegaUploadSites,0,3/19/2025,3/19/2025,,,,Intel::DOMAIN,
cache-2-az.mega.nz,MegaUploadSites,0,3/19/2025,3/19/2025,,,,Intel::DOMAIN,
cache-2.mega.nz,MegaUploadSites,0,3/19/2025,3/19/2025,,,,Intel::DOMAIN,
cache-2dashboard.mega.nz,MegaUploadSites,0,3/19/2025,3/19/2025,,,,Intel::DOMAIN,
cache-2f.m.mega.nz,MegaUploadSites,0,3/19/2025,3/19/2025,,,,Intel::DOMAIN,
cache-2f.mega.nz,MegaUploadSites,0,3/19/2025,3/19/2025,,,,Intel::DOMAIN,
cache-3.mega.nz,MegaUploadSites,0,3/19/2025,3/19/2025,,,,Intel::DOMAIN,
cache-4-31.m.mega.nz,MegaUploadSites,0,3/19/2025,3/19/2025,,,,Intel::DOMAIN,
cache-4-31.mega.nz,MegaUploadSites,0,3/19/2025,3/19/2025,,,,Intel::DOMAIN,
cache-4-ema.mega.nz,MegaUploadSites,0,3/19/2025,3/19/2025,,,,Intel::DOMAIN,
cache-4-xml.m.mega.nz,MegaUploadSites,0,3/19/2025,3/19/2025,,,,Intel::DOMAIN,
cache-4-xml.mega.nz,MegaUploadSites,0,3/19/2025,3/19/2025,,,,Intel::DOMAIN,
cache-4.m.mega.nz,MegaUploadSites,0,3/19/2025,3/19/2025,,,,Intel::DOMAIN,
cache-4.mega.nz,MegaUploadSites,0,3/19/2025,3/19/2025,,,,Intel::DOMAIN,
cache-4login.m.mega.nz,MegaUploadSites,0,3/19/2025,3/19/2025,,,,Intel::DOMAIN,
cache-4login.mega.nz,MegaUploadSites,0,3/19/2025,3/19/2025,,,,Intel::DOMAIN,
cache-5-portal.m.mega.nz,MegaUploadSites,0,3/19/2025,3/19/2025,,,,Intel::DOMAIN,
cache-5-portal.mega.nz,MegaUploadSites,0,3/19/2025,3/19/2025,,,,Intel::DOMAIN,
cache-5-qa2.mega.nz,MegaUploadSites,0,3/19/2025,3/19/2025,,,,Intel::DOMAIN,
cache-5-san.mega.nz,MegaUploadSites,0,3/19/2025,3/19/2025,,,,Intel::DOMAIN,
cache-5-system.mega.nz,MegaUploadSites,0,3/19/2025,3/19/2025,,,,Intel::DOMAIN,
cache-5.mega.nz,MegaUploadSites,0,3/19/2025,3/19/2025,,,,Intel::DOMAIN,
cache-5chef.m.mega.nz,MegaUploadSites,0,3/19/2025,3/19/2025,,,,Intel::DOMAIN,
cache-5chef.mega.nz,MegaUploadSites,0,3/19/2025,3/19/2025,,,,Intel::DOMAIN,
cache-5fo.mega.nz,MegaUploadSites,0,3/19/2025,3/19/2025,,,,Intel::DOMAIN,
cache-5iphone.mega.nz,MegaUploadSites,0,3/19/2025,3/19/2025,,,,Intel::DOMAIN,
cache-5w3.m.mega.nz,MegaUploadSites,0,3/19/2025,3/19/2025,,,,Intel::DOMAIN,
cache-5w3.mega.nz,MegaUploadSites,0,3/19/2025,3/19/2025,,,,Intel::DOMAIN,
cache-6.mega.nz,MegaUploadSites,0,3/19/2025,3/19/2025,,,,Intel::DOMAIN,
cache-7.mega.nz,MegaUploadSites,0,3/19/2025,3/19/2025,,,,Intel::DOMAIN,
cache-8-127.mega.nz,MegaUploadSites,0,3/19/2025,3/19/2025,,,,Intel::DOMAIN,
cache-8-198.mega.nz,MegaUploadSites,0,3/19/2025,3/19/2025,,,,Intel::DOMAIN,
cache-8-cn.m.mega.nz,MegaUploadSites,0,3/19/2025,3/19/2025,,,,Intel::DOMAIN,
cache-8-cn.mega.nz,MegaUploadSites,0,3/19/2025,3/19/2025,,,,Intel::DOMAIN,
cache-8-loadbalancer.m.mega.nz,MegaUploadSites,0,3/19/2025,3/19/2025,,,,Intel::DOMAIN,
cache-8-loadbalancer.mega.nz,MegaUploadSites,0,3/19/2025,3/19/2025,,,,Intel::DOMAIN,
cache-8-secure.mega.nz,MegaUploadSites,0,3/19/2025,3/19/2025,,,,Intel::DOMAIN,
cache-8.m.mega.nz,MegaUploadSites,0,3/19/2025,3/19/2025,,,,Intel::DOMAIN,
cache-8.mega.nz,MegaUploadSites,0,3/19/2025,3/19/2025,,,,Intel::DOMAIN,
cache-8app.m.mega.nz,MegaUploadSites,0,3/19/2025,3/19/2025,,,,Intel::DOMAIN,
cache-8app.mega.nz,MegaUploadSites,0,3/19/2025,3/19/2025,,,,Intel::DOMAIN,
cache-8community.mega.nz,MegaUploadSites,0,3/19/2025,3/19/2025,,,,Intel::DOMAIN,
cache-8my.m.mega.nz,MegaUploadSites,0,3/19/2025,3/19/2025,,,,Intel::DOMAIN,
cache-8my.mega.nz,MegaUploadSites,0,3/19/2025,3/19/2025,,,,Intel::DOMAIN,
cache-8portal.mega.nz,MegaUploadSites,0,3/19/2025,3/19/2025,,,,Intel::DOMAIN,
cache-9-199.mega.nz,MegaUploadSites,0,3/19/2025,3/19/2025,,,,Intel::DOMAIN,
cache-9-243.mega.nz,MegaUploadSites,0,3/19/2025,3/19/2025,,,,Intel::DOMAIN,
cache-9-dr.m.mega.nz,MegaUploadSites,0,3/19/2025,3/19/2025,,,,Intel::DOMAIN,
cache-9-dr.mega.nz,MegaUploadSites,0,3/19/2025,3/19/2025,,,,Intel::DOMAIN,
cache-9.mega.nz,MegaUploadSites,0,3/19/2025,3/19/2025,,,,Intel::DOMAIN,
cache-921.mega.nz,MegaUploadSites,0,3/19/2025,3/19/2025,,,,Intel::DOMAIN,
cache-9au.mega.nz,MegaUploadSites,0,3/19/2025,3/19/2025,,,,Intel::DOMAIN,
cache-9shared.m.mega.nz,MegaUploadSites,0,3/19/2025,3/19/2025,,,,Intel::DOMAIN,
cache-9shared.mega.nz,MegaUploadSites,0,3/19/2025,3/19/2025,,,,Intel::DOMAIN,
cache-9sin.mega.nz,MegaUploadSites,0,3/19/2025,3/19/2025,,,,Intel::DOMAIN,
caesar.mega.nz,MegaUploadSites,0,3/19/2025,3/19/2025,,,,Intel::DOMAIN,
cafe24nslu1.mega.nz,MegaUploadSites,0,3/19/2025,3/19/2025,,,,Intel::DOMAIN,
caimeiyue.cn.mega.nz,MegaUploadSites,0,3/19/2025,3/19/2025,,,,Intel::DOMAIN,
cakewrecks.mega.nz,MegaUploadSites,0,3/19/2025,3/19/2025,,,,Intel::DOMAIN,
calendar.p.mega.nz,MegaUploadSites,0,3/19/2025,3/19/2025,,,,Intel::DOMAIN,
camel.mega.nz,MegaUploadSites,0,3/19/2025,3/19/2025,,,,Intel::DOMAIN,
campainsde2.mega.nz,MegaUploadSites,0,3/19/2025,3/19/2025,,,,Intel::DOMAIN,
canslu1.mega.nz,MegaUploadSites,0,3/19/2025,3/19/2025,,,,Intel::DOMAIN,
cansnz1.m.mega.nz,MegaUploadSites,0,3/19/2025,3/19/2025,,,,Intel::DOMAIN,
cansnz1.mega.nz,MegaUploadSites,0,3/19/2025,3/19/2025,,,,Intel::DOMAIN,
caobiya.com.mega.nz,MegaUploadSites,0,3/19/2025,3/19/2025,,,,Intel::DOMAIN,
caoyouxi.com.mega.nz,MegaUploadSites,0,3/19/2025,3/19/2025,,,,Intel::DOMAIN,
carbonmade.cn.mega.nz,MegaUploadSites,0,3/19/2025,3/19/2025,,,,Intel::DOMAIN,
carchooser.m.mega.nz,MegaUploadSites,0,3/19/2025,3/19/2025,,,,Intel::DOMAIN,
card.mega.nz,MegaUploadSites,0,3/19/2025,3/19/2025,,,,Intel::DOMAIN,
careers.mega.nz,MegaUploadSites,0,3/19/2025,3/19/2025,,,,Intel::DOMAIN,
carincese.com.mega.nz,MegaUploadSites,0,3/19/2025,3/19/2025,,,,Intel::DOMAIN,
carl.mega.nz,MegaUploadSites,0,3/19/2025,3/19/2025,,,,Intel::DOMAIN,
carroll.mega.nz,MegaUploadSites,0,3/19/2025,3/19/2025,,,,Intel::DOMAIN,
cars2.mega.nz,MegaUploadSites,0,3/19/2025,3/19/2025,,,,Intel::DOMAIN,
castlebridge.s.mega.nz,MegaUploadSites,0,3/19/2025,3/19/2025,,,,Intel::DOMAIN,
caucus.mega.nz,MegaUploadSites,0,3/19/2025,3/19/2025,,,,Intel::DOMAIN,
cay.mega.nz,MegaUploadSites,0,3/19/2025,3/19/2025,,,,Intel::DOMAIN,
cb.mega.nz,MegaUploadSites,0,3/19/2025,3/19/2025,,,,Intel::DOMAIN,
cbrj.ca.mega.nz,MegaUploadSites,0,3/19/2025,3/19/2025,,,,Intel::DOMAIN,
cc.mega.nz,MegaUploadSites,0,3/19/2025,3/19/2025,,,,Intel::DOMAIN,
cc5.mega.nz,MegaUploadSites,0,3/19/2025,3/19/2025,,,,Intel::DOMAIN,
ccc.mega.nz,MegaUploadSites,0,3/19/2025,3/19/2025,,,,Intel::DOMAIN,
cccwto.org.mega.nz,MegaUploadSites,0,3/19/2025,3/19/2025,,,,Intel::DOMAIN,
ccole.mega.nz,MegaUploadSites,0,3/19/2025,3/19/2025,,,,Intel::DOMAIN,
cctv08.net.mega.nz,MegaUploadSites,0,3/19/2025,3/19/2025,,,,Intel::DOMAIN,
cde.2.mega.nz,MegaUploadSites,0,3/19/2025,3/19/2025,,,,Intel::DOMAIN,
cdn-ak2.f.mega.nz,MegaUploadSites,0,3/19/2025,3/19/2025,,,,Intel::DOMAIN,
cdn.3.mega.nz,MegaUploadSites,0,3/19/2025,3/19/2025,,,,Intel::DOMAIN,
cdn.dev3-crm-cs.arg.x.mega.nz,MegaUploadSites,0,3/19/2025,3/19/2025,,,,Intel::DOMAIN,
cdn.mega.nz,MegaUploadSites,0,3/19/2025,3/19/2025,,,,Intel::DOMAIN,
cdn1.m.mega.nz,MegaUploadSites,0,3/19/2025,3/19/2025,,,,Intel::DOMAIN,
cdn1.mega.nz,MegaUploadSites,0,3/19/2025,3/19/2025,,,,Intel::DOMAIN,
ce.mega.nz,MegaUploadSites,0,3/19/2025,3/19/2025,,,,Intel::DOMAIN,
cedar.mega.nz,MegaUploadSites,0,3/19/2025,3/19/2025,,,,Intel::DOMAIN,
cekvirus.mega.nz,MegaUploadSites,0,3/19/2025,3/19/2025,,,,Intel::DOMAIN,
centrocorona.mega.nz,MegaUploadSites,0,3/19/2025,3/19/2025,,,,Intel::DOMAIN,
cermensnz2.m.mega.nz,MegaUploadSites,0,3/19/2025,3/19/2025,,,,Intel::DOMAIN,
cermensnz2.mega.nz,MegaUploadSites,0,3/19/2025,3/19/2025,,,,Intel::DOMAIN,
cert-ca.m.mega.nz,MegaUploadSites,0,3/19/2025,3/19/2025,,,,Intel::DOMAIN,
cert-de-eu.m.mega.nz,MegaUploadSites,0,3/19/2025,3/19/2025,,,,Intel::DOMAIN,
cert.cms.mega.nz,MegaUploadSites,0,3/19/2025,3/19/2025,,,,Intel::DOMAIN,
certserv.mega.nz,MegaUploadSites,0,3/19/2025,3/19/2025,,,,Intel::DOMAIN,
cf-docs.mega.nz,MegaUploadSites,0,3/19/2025,3/19/2025,,,,Intel::DOMAIN,
cf3.mega.nz,MegaUploadSites,0,3/19/2025,3/19/2025,,,,Intel::DOMAIN,
cfimg.b0.mega.nz,MegaUploadSites,0,3/19/2025,3/19/2025,,,,Intel::DOMAIN,
cg.mega.nz,MegaUploadSites,0,3/19/2025,3/19/2025,,,,Intel::DOMAIN,
ch-01.v.mega.nz,MegaUploadSites,0,3/19/2025,3/19/2025,,,,Intel::DOMAIN,
ch.mega.nz,MegaUploadSites,0,3/19/2025,3/19/2025,,,,Intel::DOMAIN,
chappy.i.mega.nz,MegaUploadSites,0,3/19/2025,3/19/2025,,,,Intel::DOMAIN,
chatbot.x.mega.nz,MegaUploadSites,0,3/19/2025,3/19/2025,,,,Intel::DOMAIN,
chatserver.mega.nz,MegaUploadSites,0,3/19/2025,3/19/2025,,,,Intel::DOMAIN,
chedidai.m.mega.nz,MegaUploadSites,0,3/19/2025,3/19/2025,,,,Intel::DOMAIN,
cheirnsnz2.mega.nz,MegaUploadSites,0,3/19/2025,3/19/2025,,,,Intel::DOMAIN,
cheirodemusinsnz2.mega.nz,MegaUploadSites,0,3/19/2025,3/19/2025,,,,Intel::DOMAIN,
chel.mega.nz,MegaUploadSites,0,3/19/2025,3/19/2025,,,,Intel::DOMAIN,
chelnsnz1.m.mega.nz,MegaUploadSites,0,3/19/2025,3/19/2025,,,,Intel::DOMAIN,
chelnsnz1.mega.nz,MegaUploadSites,0,3/19/2025,3/19/2025,,,,Intel::DOMAIN,
chengheying88.cn.mega.nz,MegaUploadSites,0,3/19/2025,3/19/2025,,,,Intel::DOMAIN,
chengyong699.cn.mega.nz,MegaUploadSites,0,3/19/2025,3/19/2025,,,,Intel::DOMAIN,
chengyuan68.mega.nz,MegaUploadSites,0,3/19/2025,3/19/2025,,,,Intel::DOMAIN,
chenjifei00001.cn.mega.nz,MegaUploadSites,0,3/19/2025,3/19/2025,,,,Intel::DOMAIN,
chgray.mega.nz,MegaUploadSites,0,3/19/2025,3/19/2025,,,,Intel::DOMAIN,
chiark.mega.nz,MegaUploadSites,0,3/19/2025,3/19/2025,,,,Intel::DOMAIN,
chicago.mega.nz,MegaUploadSites,0,3/19/2025,3/19/2025,,,,Intel::DOMAIN,
chigrin.mega.nz,MegaUploadSites,0,3/19/2025,3/19/2025,,,,Intel::DOMAIN,
chilongsm.com.mega.nz,MegaUploadSites,0,3/19/2025,3/19/2025,,,,Intel::DOMAIN,
china-kaluo.com.mega.nz,MegaUploadSites,0,3/19/2025,3/19/2025,,,,Intel::DOMAIN,
chinabanknsde2.mega.nz,MegaUploadSites,0,3/19/2025,3/19/2025,,,,Intel::DOMAIN,
chinabcwh.cn.mega.nz,MegaUploadSites,0,3/19/2025,3/19/2025,,,,Intel::DOMAIN,
chinachungkin.cn.mega.nz,MegaUploadSites,0,3/19/2025,3/19/2025,,,,Intel::DOMAIN,
chinacosmeticfactory.com.mega.nz,MegaUploadSites,0,3/19/2025,3/19/2025,,,,Intel::DOMAIN,
chinacxme.cn.mega.nz,MegaUploadSites,0,3/19/2025,3/19/2025,,,,Intel::DOMAIN,
chinakingkong.cn.mega.nz,MegaUploadSites,0,3/19/2025,3/19/2025,,,,Intel::DOMAIN,
chinashanzhenwang.cn.mega.nz,MegaUploadSites,0,3/19/2025,3/19/2025,,,,Intel::DOMAIN,
chris.p.mega.nz,MegaUploadSites,0,3/19/2025,3/19/2025,,,,Intel::DOMAIN,
chronos.mega.nz,MegaUploadSites,0,3/19/2025,3/19/2025,,,,Intel::DOMAIN,
cicero.mega.nz,MegaUploadSites,0,3/19/2025,3/19/2025,,,,Intel::DOMAIN,
cidmac.mega.nz,MegaUploadSites,0,3/19/2025,3/19/2025,,,,Intel::DOMAIN,
cignium-cuy-qa-ase-west.p.mega.nz,MegaUploadSites,0,3/19/2025,3/19/2025,,,,Intel::DOMAIN,
citrix.m.mega.nz,MegaUploadSites,0,3/19/2025,3/19/2025,,,,Intel::DOMAIN,
citrix.mega.nz,MegaUploadSites,0,3/19/2025,3/19/2025,,,,Intel::DOMAIN,
citronnsde1.mega.nz,MegaUploadSites,0,3/19/2025,3/19/2025,,,,Intel::DOMAIN,
ckjyellefrictionlessvnsnz1.mega.nz,MegaUploadSites,0,3/19/2025,3/19/2025,,,,Intel::DOMAIN,
cl.mega.nz,MegaUploadSites,0,3/19/2025,3/19/2025,,,,Intel::DOMAIN,
cl4.mega.nz,MegaUploadSites,0,3/19/2025,3/19/2025,,,,Intel::DOMAIN,
clark.mega.nz,MegaUploadSites,0,3/19/2025,3/19/2025,,,,Intel::DOMAIN,
class.mega.nz,MegaUploadSites,0,3/19/2025,3/19/2025,,,,Intel::DOMAIN,
client.d.mega.nz,MegaUploadSites,0,3/19/2025,3/19/2025,,,,Intel::DOMAIN,
client128beta.mega.nz,MegaUploadSites,0,3/19/2025,3/19/2025,,,,Intel::DOMAIN,
clients.3.mega.nz,MegaUploadSites,0,3/19/2025,3/19/2025,,,,Intel::DOMAIN,
cloud.a.mega.nz,MegaUploadSites,0,3/19/2025,3/19/2025,,,,Intel::DOMAIN,
cluster.mega.nz,MegaUploadSites,0,3/19/2025,3/19/2025,,,,Intel::DOMAIN,
cm.mega.nz,MegaUploadSites,0,3/19/2025,3/19/2025,,,,Intel::DOMAIN,
cmn.4.mega.nz,MegaUploadSites,0,3/19/2025,3/19/2025,,,,Intel::DOMAIN,
cms-08.mega.nz,MegaUploadSites,0,3/19/2025,3/19/2025,,,,Intel::DOMAIN,
cms-112.mega.nz,MegaUploadSites,0,3/19/2025,3/19/2025,,,,Intel::DOMAIN,
cms-948003-1a.mega.nz,MegaUploadSites,0,3/19/2025,3/19/2025,,,,Intel::DOMAIN,
cms-948003-jinx.mega.nz,MegaUploadSites,0,3/19/2025,3/19/2025,,,,Intel::DOMAIN,
cms-948003-l.3.mega.nz,MegaUploadSites,0,3/19/2025,3/19/2025,,,,Intel::DOMAIN,
cms-948003-l.m.mega.nz,MegaUploadSites,0,3/19/2025,3/19/2025,,,,Intel::DOMAIN,
cms-948003-l.mega.nz,MegaUploadSites,0,3/19/2025,3/19/2025,,,,Intel::DOMAIN,
cms-948003-out.mega.nz,MegaUploadSites,0,3/19/2025,3/19/2025,,,,Intel::DOMAIN,
cms-948003-us-central1-c.mega.nz,MegaUploadSites,0,3/19/2025,3/19/2025,,,,Intel::DOMAIN,
cms-948003-website.m.mega.nz,MegaUploadSites,0,3/19/2025,3/19/2025,,,,Intel::DOMAIN,
cms-948003-website.mega.nz,MegaUploadSites,0,3/19/2025,3/19/2025,,,,Intel::DOMAIN,
cms-948003.mega.nz,MegaUploadSites,0,3/19/2025,3/19/2025,,,,Intel::DOMAIN,
cms-9480032014.mega.nz,MegaUploadSites,0,3/19/2025,3/19/2025,,,,Intel::DOMAIN,
cms-948003edge.mega.nz,MegaUploadSites,0,3/19/2025,3/19/2025,,,,Intel::DOMAIN,
cms-948003germany.mega.nz,MegaUploadSites,0,3/19/2025,3/19/2025,,,,Intel::DOMAIN,
cms-ad.mega.nz,MegaUploadSites,0,3/19/2025,3/19/2025,,,,Intel::DOMAIN,
cms-download02.8.mega.nz,MegaUploadSites,0,3/19/2025,3/19/2025,,,,Intel::DOMAIN,
cms-download02.m.mega.nz,MegaUploadSites,0,3/19/2025,3/19/2025,,,,Intel::DOMAIN,
cms-download02.mega.nz,MegaUploadSites,0,3/19/2025,3/19/2025,,,,Intel::DOMAIN,
cms-ext1.mega.nz,MegaUploadSites,0,3/19/2025,3/19/2025,,,,Intel::DOMAIN,
cms-int.mega.nz,MegaUploadSites,0,3/19/2025,3/19/2025,,,,Intel::DOMAIN,
cms-m.mega.nz,MegaUploadSites,0,3/19/2025,3/19/2025,,,,Intel::DOMAIN,
cms-west.mega.nz,MegaUploadSites,0,3/19/2025,3/19/2025,,,,Intel::DOMAIN,
cms.1539.mega.nz,MegaUploadSites,0,3/19/2025,3/19/2025,,,,Intel::DOMAIN,
cms.ap.mega.nz,MegaUploadSites,0,3/19/2025,3/19/2025,,,,Intel::DOMAIN,
cms.edg.mega.nz,MegaUploadSites,0,3/19/2025,3/19/2025,,,,Intel::DOMAIN,
cms.edge.mega.nz,MegaUploadSites,0,3/19/2025,3/19/2025,,,,Intel::DOMAIN,
cms.hqa.mega.nz,MegaUploadSites,0,3/19/2025,3/19/2025,,,,Intel::DOMAIN,
cms.mega.nz,MegaUploadSites,0,3/19/2025,3/19/2025,,,,Intel::DOMAIN,
cms.nodejs.mega.nz,MegaUploadSites,0,3/19/2025,3/19/2025,,,,Intel::DOMAIN,
cms.nyc3.mega.nz,MegaUploadSites,0,3/19/2025,3/19/2025,,,,Intel::DOMAIN,
cms000.mega.nz,MegaUploadSites,0,3/19/2025,3/19/2025,,,,Intel::DOMAIN,
cms123.mega.nz,MegaUploadSites,0,3/19/2025,3/19/2025,,,,Intel::DOMAIN,
cms14a.mega.nz,MegaUploadSites,0,3/19/2025,3/19/2025,,,,Intel::DOMAIN,
cms18.mega.nz,MegaUploadSites,0,3/19/2025,3/19/2025,,,,Intel::DOMAIN,
cms2-4.mega.nz,MegaUploadSites,0,3/19/2025,3/19/2025,,,,Intel::DOMAIN,
cms2-prd.mega.nz,MegaUploadSites,0,3/19/2025,3/19/2025,,,,Intel::DOMAIN,
cms2-upload.mega.nz,MegaUploadSites,0,3/19/2025,3/19/2025,,,,Intel::DOMAIN,
cms2.mega.nz,MegaUploadSites,0,3/19/2025,3/19/2025,,,,Intel::DOMAIN,
cms2110.m.mega.nz,MegaUploadSites,0,3/19/2025,3/19/2025,,,,Intel::DOMAIN,
cms2110.mega.nz,MegaUploadSites,0,3/19/2025,3/19/2025,,,,Intel::DOMAIN,
cms24.mega.nz,MegaUploadSites,0,3/19/2025,3/19/2025,,,,Intel::DOMAIN,
cms26.mega.nz,MegaUploadSites,0,3/19/2025,3/19/2025,,,,Intel::DOMAIN,
cms2login.mega.nz,MegaUploadSites,0,3/19/2025,3/19/2025,,,,Intel::DOMAIN,
cms2west2.m.mega.nz,MegaUploadSites,0,3/19/2025,3/19/2025,,,,Intel::DOMAIN,
cms2west2.mega.nz,MegaUploadSites,0,3/19/2025,3/19/2025,,,,Intel::DOMAIN,
cms6.mega.nz,MegaUploadSites,0,3/19/2025,3/19/2025,,,,Intel::DOMAIN,
cmsa17.mega.nz,MegaUploadSites,0,3/19/2025,3/19/2025,,,,Intel::DOMAIN,
cmsa47.mega.nz,MegaUploadSites,0,3/19/2025,3/19/2025,,,,Intel::DOMAIN,
cmsacq.mega.nz,MegaUploadSites,0,3/19/2025,3/19/2025,,,,Intel::DOMAIN,
cmsall.mega.nz,MegaUploadSites,0,3/19/2025,3/19/2025,,,,Intel::DOMAIN,
cmsapi.m.mega.nz,MegaUploadSites,0,3/19/2025,3/19/2025,,,,Intel::DOMAIN,
cmsapi.mega.nz,MegaUploadSites,0,3/19/2025,3/19/2025,,,,Intel::DOMAIN,
cmsbeacon01.mega.nz,MegaUploadSites,0,3/19/2025,3/19/2025,,,,Intel::DOMAIN,
cmsc7d.mega.nz,MegaUploadSites,0,3/19/2025,3/19/2025,,,,Intel::DOMAIN,
cmsclient45.m.mega.nz,MegaUploadSites,0,3/19/2025,3/19/2025,,,,Intel::DOMAIN,
cmsclient45.mega.nz,MegaUploadSites,0,3/19/2025,3/19/2025,,,,Intel::DOMAIN,
cmsd.systems.4.mega.nz,MegaUploadSites,0,3/19/2025,3/19/2025,,,,Intel::DOMAIN,
cmsde.mega.nz,MegaUploadSites,0,3/19/2025,3/19/2025,,,,Intel::DOMAIN,
cmsdev.mega.nz,MegaUploadSites,0,3/19/2025,3/19/2025,,,,Intel::DOMAIN,
cmsgrnsde2.m.mega.nz,MegaUploadSites,0,3/19/2025,3/19/2025,,,,Intel::DOMAIN,
cmsgrnsde2.mega.nz,MegaUploadSites,0,3/19/2025,3/19/2025,,,,Intel::DOMAIN,
cmsmonitor.mega.nz,MegaUploadSites,0,3/19/2025,3/19/2025,,,,Intel::DOMAIN,
cmsqt.systems.4.mega.nz,MegaUploadSites,0,3/19/2025,3/19/2025,,,,Intel::DOMAIN,
cmsrt2.mega.nz,MegaUploadSites,0,3/19/2025,3/19/2025,,,,Intel::DOMAIN,
cmsssl.mega.nz,MegaUploadSites,0,3/19/2025,3/19/2025,,,,Intel::DOMAIN,
cmstest.systems.1.mega.nz,MegaUploadSites,0,3/19/2025,3/19/2025,,,,Intel::DOMAIN,
cmstesting.systems.7.mega.nz,MegaUploadSites,0,3/19/2025,3/19/2025,,,,Intel::DOMAIN,
cmsz.mega.nz,MegaUploadSites,0,3/19/2025,3/19/2025,,,,Intel::DOMAIN,
cmt.mega.nz,MegaUploadSites,0,3/19/2025,3/19/2025,,,,Intel::DOMAIN,
cmzuw.cn.mega.nz,MegaUploadSites,0,3/19/2025,3/19/2025,,,,Intel::DOMAIN,
cnced.cn.mega.nz,MegaUploadSites,0,3/19/2025,3/19/2025,,,,Intel::DOMAIN,
cncp.mega.nz,MegaUploadSites,0,3/19/2025,3/19/2025,,,,Intel::DOMAIN,
cndlgift.cn.mega.nz,MegaUploadSites,0,3/19/2025,3/19/2025,,,,Intel::DOMAIN,
cnhongfa.cn.mega.nz,MegaUploadSites,0,3/19/2025,3/19/2025,,,,Intel::DOMAIN,
cnimis.com.mega.nz,MegaUploadSites,0,3/19/2025,3/19/2025,,,,Intel::DOMAIN,
cnjst888.cn.mega.nz,MegaUploadSites,0,3/19/2025,3/19/2025,,,,Intel::DOMAIN,
cnksv.cn.mega.nz,MegaUploadSites,0,3/19/2025,3/19/2025,,,,Intel::DOMAIN,
cnnpu.cn.mega.nz,MegaUploadSites,0,3/19/2025,3/19/2025,,,,Intel::DOMAIN,
cnsde1.m.mega.nz,MegaUploadSites,0,3/19/2025,3/19/2025,,,,Intel::DOMAIN,
cnsde1.mega.nz,MegaUploadSites,0,3/19/2025,3/19/2025,,,,Intel::DOMAIN,
cnsde2.m.mega.nz,MegaUploadSites,0,3/19/2025,3/19/2025,,,,Intel::DOMAIN,
cnsde2.mega.nz,MegaUploadSites,0,3/19/2025,3/19/2025,,,,Intel::DOMAIN,
cnslu3.mega.nz,MegaUploadSites,0,3/19/2025,3/19/2025,,,,Intel::DOMAIN,
cnsnz1.mega.nz,MegaUploadSites,0,3/19/2025,3/19/2025,,,,Intel::DOMAIN,
cnsnz2.m.mega.nz,MegaUploadSites,0,3/19/2025,3/19/2025,,,,Intel::DOMAIN,
cnsnz2.mega.nz,MegaUploadSites,0,3/19/2025,3/19/2025,,,,Intel::DOMAIN,
cnwenjun.com.mega.nz,MegaUploadSites,0,3/19/2025,3/19/2025,,,,Intel::DOMAIN,
cnyide.org.mega.nz,MegaUploadSites,0,3/19/2025,3/19/2025,,,,Intel::DOMAIN,
co.m.mega.nz,MegaUploadSites,0,3/19/2025,3/19/2025,,,,Intel::DOMAIN,
co.mega.nz,MegaUploadSites,0,3/19/2025,3/19/2025,,,,Intel::DOMAIN,
co.quarantine.mega.nz,MegaUploadSites,0,3/19/2025,3/19/2025,,,,Intel::DOMAIN,
co2neutral.mega.nz,MegaUploadSites,0,3/19/2025,3/19/2025,,,,Intel::DOMAIN,
cod-servicebyharleymassimokorona.mega.nz,MegaUploadSites,0,3/19/2025,3/19/2025,,,,Intel::DOMAIN,
cogan.mega.nz,MegaUploadSites,0,3/19/2025,3/19/2025,,,,Intel::DOMAIN,
cognos-books.mega.nz,MegaUploadSites,0,3/19/2025,3/19/2025,,,,Intel::DOMAIN,
colorful.mega.nz,MegaUploadSites,0,3/19/2025,3/19/2025,,,,Intel::DOMAIN,
colwayinsnz1.mega.nz,MegaUploadSites,0,3/19/2025,3/19/2025,,,,Intel::DOMAIN,
colwayinternatinsnz1.mega.nz,MegaUploadSites,0,3/19/2025,3/19/2025,,,,Intel::DOMAIN,
colwayinternational.cnsnz1.mega.nz,MegaUploadSites,0,3/19/2025,3/19/2025,,,,Intel::DOMAIN,
com.m.mega.nz,MegaUploadSites,0,3/19/2025,3/19/2025,,,,Intel::DOMAIN,
com.mega.nz,MegaUploadSites,0,3/19/2025,3/19/2025,,,,Intel::DOMAIN,
community.mega.nz,MegaUploadSites,0,3/19/2025,3/19/2025,,,,Intel::DOMAIN,
comnsde1.mega.nz,MegaUploadSites,0,3/19/2025,3/19/2025,,,,Intel::DOMAIN,
comnsde2.m.mega.nz,MegaUploadSites,0,3/19/2025,3/19/2025,,,,Intel::DOMAIN,
comnsde2.mega.nz,MegaUploadSites,0,3/19/2025,3/19/2025,,,,Intel::DOMAIN,
comnsnz1.m.mega.nz,MegaUploadSites,0,3/19/2025,3/19/2025,,,,Intel::DOMAIN,
comnsnz1.mega.nz,MegaUploadSites,0,3/19/2025,3/19/2025,,,,Intel::DOMAIN,
comnsnz2.mega.nz,MegaUploadSites,0,3/19/2025,3/19/2025,,,,Intel::DOMAIN,
comp18.mega.nz,MegaUploadSites,0,3/19/2025,3/19/2025,,,,Intel::DOMAIN,
complaints.mega.nz,MegaUploadSites,0,3/19/2025,3/19/2025,,,,Intel::DOMAIN,
conekt.mega.nz,MegaUploadSites,0,3/19/2025,3/19/2025,,,,Intel::DOMAIN,
congress.mega.nz,MegaUploadSites,0,3/19/2025,3/19/2025,,,,Intel::DOMAIN,
consde1.mega.nz,MegaUploadSites,0,3/19/2025,3/19/2025,,,,Intel::DOMAIN,
consde2.mega.nz,MegaUploadSites,0,3/19/2025,3/19/2025,,,,Intel::DOMAIN,
conslu1.mega.nz,MegaUploadSites,0,3/19/2025,3/19/2025,,,,Intel::DOMAIN,
consnz1.m.mega.nz,MegaUploadSites,0,3/19/2025,3/19/2025,,,,Intel::DOMAIN,
consnz1.mega.nz,MegaUploadSites,0,3/19/2025,3/19/2025,,,,Intel::DOMAIN,
consnz2.mega.nz,MegaUploadSites,0,3/19/2025,3/19/2025,,,,Intel::DOMAIN,
consola.mega.nz,MegaUploadSites,0,3/19/2025,3/19/2025,,,,Intel::DOMAIN,
constructasev2.p.mega.nz,MegaUploadSites,0,3/19/2025,3/19/2025,,,,Intel::DOMAIN,
consul.au.mega.nz,MegaUploadSites,0,3/19/2025,3/19/2025,,,,Intel::DOMAIN,
contact.m.mega.nz,MegaUploadSites,0,3/19/2025,3/19/2025,,,,Intel::DOMAIN,
contactswscms.mega.nz,MegaUploadSites,0,3/19/2025,3/19/2025,,,,Intel::DOMAIN,
container.mega.nz,MegaUploadSites,0,3/19/2025,3/19/2025,,,,Intel::DOMAIN,
content.m.mega.nz,MegaUploadSites,0,3/19/2025,3/19/2025,,,,Intel::DOMAIN,
control.m.mega.nz,MegaUploadSites,0,3/19/2025,3/19/2025,,,,Intel::DOMAIN,
control.mega.nz,MegaUploadSites,0,3/19/2025,3/19/2025,,,,Intel::DOMAIN,
coolandhipiamnot.mega.nz,MegaUploadSites,0,3/19/2025,3/19/2025,,,,Intel::DOMAIN,
coordinate-distance.dataservice.mega.nz,MegaUploadSites,0,3/19/2025,3/19/2025,,,,Intel::DOMAIN,
copley.mega.nz,MegaUploadSites,0,3/19/2025,3/19/2025,,,,Intel::DOMAIN,
copnsde1.mega.nz,MegaUploadSites,0,3/19/2025,3/19/2025,,,,Intel::DOMAIN,
corner.mega.nz,MegaUploadSites,0,3/19/2025,3/19/2025,,,,Intel::DOMAIN,
cornsnz2.m.mega.nz,MegaUploadSites,0,3/19/2025,3/19/2025,,,,Intel::DOMAIN,
cornsnz2.mega.nz,MegaUploadSites,0,3/19/2025,3/19/2025,,,,Intel::DOMAIN,
corona.cast.mega.nz,MegaUploadSites,0,3/19/2025,3/19/2025,,,,Intel::DOMAIN,
corona.mega.nz,MegaUploadSites,0,3/19/2025,3/19/2025,,,,Intel::DOMAIN,
corona88.mega.nz,MegaUploadSites,0,3/19/2025,3/19/2025,,,,Intel::DOMAIN,
coronaliu.mega.nz,MegaUploadSites,0,3/19/2025,3/19/2025,,,,Intel::DOMAIN,
coronanachrichten.mega.nz,MegaUploadSites,0,3/19/2025,3/19/2025,,,,Intel::DOMAIN,
coronarenderer.mega.nz,MegaUploadSites,0,3/19/2025,3/19/2025,,,,Intel::DOMAIN,
coronaria.mega.nz,MegaUploadSites,0,3/19/2025,3/19/2025,,,,Intel::DOMAIN,
coronasdk.mega.nz,MegaUploadSites,0,3/19/2025,3/19/2025,,,,Intel::DOMAIN,
corretagensnz2.mega.nz,MegaUploadSites,0,3/19/2025,3/19/2025,,,,Intel::DOMAIN,
costco.mega.nz,MegaUploadSites,0,3/19/2025,3/19/2025,,,,Intel::DOMAIN,
counseling.mega.nz,MegaUploadSites,0,3/19/2025,3/19/2025,,,,Intel::DOMAIN,
covidien.mega.nz,MegaUploadSites,0,3/19/2025,3/19/2025,,,,Intel::DOMAIN,
cp.m.mega.nz,MegaUploadSites,0,3/19/2025,3/19/2025,,,,Intel::DOMAIN,
cp.mega.nz,MegaUploadSites,0,3/19/2025,3/19/2025,,,,Intel::DOMAIN,
cpanel.m.mega.nz,MegaUploadSites,0,3/19/2025,3/19/2025,,,,Intel::DOMAIN,
cpanel.mega.nz,MegaUploadSites,0,3/19/2025,3/19/2025,,,,Intel::DOMAIN,
cpanel.sony.mega.nz,MegaUploadSites,0,3/19/2025,3/19/2025,,,,Intel::DOMAIN,
cpanel.x.mega.nz,MegaUploadSites,0,3/19/2025,3/19/2025,,,,Intel::DOMAIN,
cpanel18.v.mega.nz,MegaUploadSites,0,3/19/2025,3/19/2025,,,,Intel::DOMAIN,
cpcontacts.mail.mega.nz,MegaUploadSites,0,3/19/2025,3/19/2025,,,,Intel::DOMAIN,
cps6nsde2.m.mega.nz,MegaUploadSites,0,3/19/2025,3/19/2025,,,,Intel::DOMAIN,
cps6nsde2.mega.nz,MegaUploadSites,0,3/19/2025,3/19/2025,,,,Intel::DOMAIN,
cqv5.cn.mega.nz,MegaUploadSites,0,3/19/2025,3/19/2025,,,,Intel::DOMAIN,
crabitarensnz1.mega.nz,MegaUploadSites,0,3/19/2025,3/19/2025,,,,Intel::DOMAIN,
crgdiy.com.mega.nz,MegaUploadSites,0,3/19/2025,3/19/2025,,,,Intel::DOMAIN,
cron1cms.mega.nz,MegaUploadSites,0,3/19/2025,3/19/2025,,,,Intel::DOMAIN,
crosspixel-games.t.mega.nz,MegaUploadSites,0,3/19/2025,3/19/2025,,,,Intel::DOMAIN,
crownsnz2.mega.nz,MegaUploadSites,0,3/19/2025,3/19/2025,,,,Intel::DOMAIN,
crystalmiss.o.mega.nz,MegaUploadSites,0,3/19/2025,3/19/2025,,,,Intel::DOMAIN,
cs.mega.nz,MegaUploadSites,0,3/19/2025,3/19/2025,,,,Intel::DOMAIN,
cs100.mega.nz,MegaUploadSites,0,3/19/2025,3/19/2025,,,,Intel::DOMAIN,
cs4.mega.nz,MegaUploadSites,0,3/19/2025,3/19/2025,,,,Intel::DOMAIN,
csri.mega.nz,MegaUploadSites,0,3/19/2025,3/19/2025,,,,Intel::DOMAIN,
csscj.cn.mega.nz,MegaUploadSites,0,3/19/2025,3/19/2025,,,,Intel::DOMAIN,
ct.mega.nz,MegaUploadSites,0,3/19/2025,3/19/2025,,,,Intel::DOMAIN,
ct3-t1.mega.nz,MegaUploadSites,0,3/19/2025,3/19/2025,,,,Intel::DOMAIN,
ctrlc.cn.mega.nz,MegaUploadSites,0,3/19/2025,3/19/2025,,,,Intel::DOMAIN,
cu.mega.nz,MegaUploadSites,0,3/19/2025,3/19/2025,,,,Intel::DOMAIN,
cursannsde1.mega.nz,MegaUploadSites,0,3/19/2025,3/19/2025,,,,Intel::DOMAIN,
cusnsde2.2.mega.nz,MegaUploadSites,0,3/19/2025,3/19/2025,,,,Intel::DOMAIN,
cusnsde2.mega.nz,MegaUploadSites,0,3/19/2025,3/19/2025,,,,Intel::DOMAIN,
cust102.mega.nz,MegaUploadSites,0,3/19/2025,3/19/2025,,,,Intel::DOMAIN,
cust16.mega.nz,MegaUploadSites,0,3/19/2025,3/19/2025,,,,Intel::DOMAIN,
cust37.mega.nz,MegaUploadSites,0,3/19/2025,3/19/2025,,,,Intel::DOMAIN,
cust4.mega.nz,MegaUploadSites,0,3/19/2025,3/19/2025,,,,Intel::DOMAIN,
cust47.mega.nz,MegaUploadSites,0,3/19/2025,3/19/2025,,,,Intel::DOMAIN,
cust67.mega.nz,MegaUploadSites,0,3/19/2025,3/19/2025,,,,Intel::DOMAIN,
cust7.mega.nz,MegaUploadSites,0,3/19/2025,3/19/2025,,,,Intel::DOMAIN,
cust74.mega.nz,MegaUploadSites,0,3/19/2025,3/19/2025,,,,Intel::DOMAIN,
cust88.mega.nz,MegaUploadSites,0,3/19/2025,3/19/2025,,,,Intel::DOMAIN,
cust90.mega.nz,MegaUploadSites,0,3/19/2025,3/19/2025,,,,Intel::DOMAIN,
cust94.mega.nz,MegaUploadSites,0,3/19/2025,3/19/2025,,,,Intel::DOMAIN,
cwi.ok.mega.nz,MegaUploadSites,0,3/19/2025,3/19/2025,,,,Intel::DOMAIN,
cx4al.trade.mega.nz,MegaUploadSites,0,3/19/2025,3/19/2025,,,,Intel::DOMAIN,
cycad.mega.nz,MegaUploadSites,0,3/19/2025,3/19/2025,,,,Intel::DOMAIN,
cypnk.4qob0brqrszt4kpe1qsgdne4mg-control.mega.nz,MegaUploadSites,0,3/19/2025,3/19/2025,,,,Intel::DOMAIN,
cyrene.mega.nz,MegaUploadSites,0,3/19/2025,3/19/2025,,,,Intel::DOMAIN,
cznsnz2.m.mega.nz,MegaUploadSites,0,3/19/2025,3/19/2025,,,,Intel::DOMAIN,
cznsnz2.mega.nz,MegaUploadSites,0,3/19/2025,3/19/2025,,,,Intel::DOMAIN,
d.g.mega.nz,MegaUploadSites,0,3/19/2025,3/19/2025,,,,Intel::DOMAIN,
d.mega.nz,MegaUploadSites,0,3/19/2025,3/19/2025,,,,Intel::DOMAIN,
d1.mega.nz,MegaUploadSites,0,3/19/2025,3/19/2025,,,,Intel::DOMAIN,
d2696.cn.mega.nz,MegaUploadSites,0,3/19/2025,3/19/2025,,,,Intel::DOMAIN,
d3.mega.nz,MegaUploadSites,0,3/19/2025,3/19/2025,,,,Intel::DOMAIN,
d33t0xbnzka.cms.mega.nz,MegaUploadSites,0,3/19/2025,3/19/2025,,,,Intel::DOMAIN,
d61crsls3cb.cms.mega.nz,MegaUploadSites,0,3/19/2025,3/19/2025,,,,Intel::DOMAIN,
d8tzhxl9.ads.mega.nz,MegaUploadSites,0,3/19/2025,3/19/2025,,,,Intel::DOMAIN,
dabv.site.mega.nz,MegaUploadSites,0,3/19/2025,3/19/2025,,,,Intel::DOMAIN,
daeu.site.mega.nz,MegaUploadSites,0,3/19/2025,3/19/2025,,,,Intel::DOMAIN,
dafd.site.mega.nz,MegaUploadSites,0,3/19/2025,3/19/2025,,,,Intel::DOMAIN,
dafo.site.mega.nz,MegaUploadSites,0,3/19/2025,3/19/2025,,,,Intel::DOMAIN,
dagg.site.mega.nz,MegaUploadSites,0,3/19/2025,3/19/2025,,,,Intel::DOMAIN,
dagy.site.mega.nz,MegaUploadSites,0,3/19/2025,3/19/2025,,,,Intel::DOMAIN,
dahr.site.mega.nz,MegaUploadSites,0,3/19/2025,3/19/2025,,,,Intel::DOMAIN,
dajiabocailuntan.cms.mega.nz,MegaUploadSites,0,3/19/2025,3/19/2025,,,,Intel::DOMAIN,
dakd.site.mega.nz,MegaUploadSites,0,3/19/2025,3/19/2025,,,,Intel::DOMAIN,
daki.site.mega.nz,MegaUploadSites,0,3/19/2025,3/19/2025,,,,Intel::DOMAIN,
dakr.site.mega.nz,MegaUploadSites,0,3/19/2025,3/19/2025,,,,Intel::DOMAIN,
dal.mega.nz,MegaUploadSites,0,3/19/2025,3/19/2025,,,,Intel::DOMAIN,
dall.site.mega.nz,MegaUploadSites,0,3/19/2025,3/19/2025,,,,Intel::DOMAIN,
dance.mega.nz,MegaUploadSites,0,3/19/2025,3/19/2025,,,,Intel::DOMAIN,
dangle.mega.nz,MegaUploadSites,0,3/19/2025,3/19/2025,,,,Intel::DOMAIN,
danny.mega.nz,MegaUploadSites,0,3/19/2025,3/19/2025,,,,Intel::DOMAIN,
dano.site.mega.nz,MegaUploadSites,0,3/19/2025,3/19/2025,,,,Intel::DOMAIN,
dansde2.mega.nz,MegaUploadSites,0,3/19/2025,3/19/2025,,,,Intel::DOMAIN,
dapsoffice.mega.nz,MegaUploadSites,0,3/19/2025,3/19/2025,,,,Intel::DOMAIN,
daqd.site.mega.nz,MegaUploadSites,0,3/19/2025,3/19/2025,,,,Intel::DOMAIN,
daqw.site.mega.nz,MegaUploadSites,0,3/19/2025,3/19/2025,,,,Intel::DOMAIN,
darv.site.mega.nz,MegaUploadSites,0,3/19/2025,3/19/2025,,,,Intel::DOMAIN,
das.mega.nz,MegaUploadSites,0,3/19/2025,3/19/2025,,,,Intel::DOMAIN,
dashperiod.mega.nz,MegaUploadSites,0,3/19/2025,3/19/2025,,,,Intel::DOMAIN,
dat154.mega.nz,MegaUploadSites,0,3/19/2025,3/19/2025,,,,Intel::DOMAIN,
data.mega.nz,MegaUploadSites,0,3/19/2025,3/19/2025,,,,Intel::DOMAIN,
data.t.mega.nz,MegaUploadSites,0,3/19/2025,3/19/2025,,,,Intel::DOMAIN,
database.searching.net.2.mega.nz,MegaUploadSites,0,3/19/2025,3/19/2025,,,,Intel::DOMAIN,
datd.site.mega.nz,MegaUploadSites,0,3/19/2025,3/19/2025,,,,Intel::DOMAIN,
datk.site.mega.nz,MegaUploadSites,0,3/19/2025,3/19/2025,,,,Intel::DOMAIN,
dav.mega.nz,MegaUploadSites,0,3/19/2025,3/19/2025,,,,Intel::DOMAIN,
davidbirnsde2.mega.nz,MegaUploadSites,0,3/19/2025,3/19/2025,,,,Intel::DOMAIN,
daxk.site.mega.nz,MegaUploadSites,0,3/19/2025,3/19/2025,,,,Intel::DOMAIN,
dayingjiazuqiubifenwang.cms.mega.nz,MegaUploadSites,0,3/19/2025,3/19/2025,,,,Intel::DOMAIN,
dayzim.m.mega.nz,MegaUploadSites,0,3/19/2025,3/19/2025,,,,Intel::DOMAIN,
dayzim.mega.nz,MegaUploadSites,0,3/19/2025,3/19/2025,,,,Intel::DOMAIN,
dazk.site.mega.nz,MegaUploadSites,0,3/19/2025,3/19/2025,,,,Intel::DOMAIN,
dazs.site.mega.nz,MegaUploadSites,0,3/19/2025,3/19/2025,,,,Intel::DOMAIN,
db0ntv.mega.nz,MegaUploadSites,0,3/19/2025,3/19/2025,,,,Intel::DOMAIN,
dbase.mega.nz,MegaUploadSites,0,3/19/2025,3/19/2025,,,,Intel::DOMAIN,
dbeo.site.mega.nz,MegaUploadSites,0,3/19/2025,3/19/2025,,,,Intel::DOMAIN,
dbid.site.mega.nz,MegaUploadSites,0,3/19/2025,3/19/2025,,,,Intel::DOMAIN,
dbiy.site.mega.nz,MegaUploadSites,0,3/19/2025,3/19/2025,,,,Intel::DOMAIN,
dboh.site.mega.nz,MegaUploadSites,0,3/19/2025,3/19/2025,,,,Intel::DOMAIN,
dbuj.site.mega.nz,MegaUploadSites,0,3/19/2025,3/19/2025,,,,Intel::DOMAIN,
dc.mega.nz,MegaUploadSites,0,3/19/2025,3/19/2025,,,,Intel::DOMAIN,
dc02.cms.mega.nz,MegaUploadSites,0,3/19/2025,3/19/2025,,,,Intel::DOMAIN,
dc1.mega.nz,MegaUploadSites,0,3/19/2025,3/19/2025,,,,Intel::DOMAIN,
ddklajv5qqxq.urc.ac.ru.mega.nz,MegaUploadSites,0,3/19/2025,3/19/2025,,,,Intel::DOMAIN,
de.mega.nz,MegaUploadSites,0,3/19/2025,3/19/2025,,,,Intel::DOMAIN,
de.wikipedia.org.steffen.users.k.mega.nz,MegaUploadSites,0,3/19/2025,3/19/2025,,,,Intel::DOMAIN,
de2.2.mega.nz,MegaUploadSites,0,3/19/2025,3/19/2025,,,,Intel::DOMAIN,
deactinternational.d.mega.nz,MegaUploadSites,0,3/19/2025,3/19/2025,,,,Intel::DOMAIN,
dealer.cms.mega.nz,MegaUploadSites,0,3/19/2025,3/19/2025,,,,Intel::DOMAIN,
deathmaskofmauricetillet-theangel.mega.nz,MegaUploadSites,0,3/19/2025,3/19/2025,,,,Intel::DOMAIN,
debug203blog.m.mega.nz,MegaUploadSites,0,3/19/2025,3/19/2025,,,,Intel::DOMAIN,
debug203blog.mega.nz,MegaUploadSites,0,3/19/2025,3/19/2025,,,,Intel::DOMAIN,
dec24existing.p.mega.nz,MegaUploadSites,0,3/19/2025,3/19/2025,,,,Intel::DOMAIN,
default7ostats.m.mega.nz,MegaUploadSites,0,3/19/2025,3/19/2025,,,,Intel::DOMAIN,
default7ostats.mega.nz,MegaUploadSites,0,3/19/2025,3/19/2025,,,,Intel::DOMAIN,
dekalb.mega.nz,MegaUploadSites,0,3/19/2025,3/19/2025,,,,Intel::DOMAIN,
delisiyimcdn.r.mega.nz,MegaUploadSites,0,3/19/2025,3/19/2025,,,,Intel::DOMAIN,
demo.5.mega.nz,MegaUploadSites,0,3/19/2025,3/19/2025,,,,Intel::DOMAIN,
demo.t.mega.nz,MegaUploadSites,0,3/19/2025,3/19/2025,,,,Intel::DOMAIN,
demos-v2.mega.nz,MegaUploadSites,0,3/19/2025,3/19/2025,,,,Intel::DOMAIN,
densde1.mega.nz,MegaUploadSites,0,3/19/2025,3/19/2025,,,,Intel::DOMAIN,
densde2.mega.nz,MegaUploadSites,0,3/19/2025,3/19/2025,,,,Intel::DOMAIN,
densnz1-2015.mega.nz,MegaUploadSites,0,3/19/2025,3/19/2025,,,,Intel::DOMAIN,
densnz1-brasil.mega.nz,MegaUploadSites,0,3/19/2025,3/19/2025,,,,Intel::DOMAIN,
densnz1-ssh.m.mega.nz,MegaUploadSites,0,3/19/2025,3/19/2025,,,,Intel::DOMAIN,
densnz1-ssh.mega.nz,MegaUploadSites,0,3/19/2025,3/19/2025,,,,Intel::DOMAIN,
densnz1.7.mega.nz,MegaUploadSites,0,3/19/2025,3/19/2025,,,,Intel::DOMAIN,
densnz1.m.mega.nz,MegaUploadSites,0,3/19/2025,3/19/2025,,,,Intel::DOMAIN,
densnz1.mega.nz,MegaUploadSites,0,3/19/2025,3/19/2025,,,,Intel::DOMAIN,
densnz1137.mega.nz,MegaUploadSites,0,3/19/2025,3/19/2025,,,,Intel::DOMAIN,
densnz1eu.7.mega.nz,MegaUploadSites,0,3/19/2025,3/19/2025,,,,Intel::DOMAIN,
densnz1eu.mega.nz,MegaUploadSites,0,3/19/2025,3/19/2025,,,,Intel::DOMAIN,
des.mega.nz,MegaUploadSites,0,3/19/2025,3/19/2025,,,,Intel::DOMAIN,
designer.mega.nz,MegaUploadSites,0,3/19/2025,3/19/2025,,,,Intel::DOMAIN,
designerparfums.mega.nz,MegaUploadSites,0,3/19/2025,3/19/2025,,,,Intel::DOMAIN,
detenganlavacuna.mega.nz,MegaUploadSites,0,3/19/2025,3/19/2025,,,,Intel::DOMAIN,
dev-payment.mega.nz,MegaUploadSites,0,3/19/2025,3/19/2025,,,,Intel::DOMAIN,
dev.mega.nz,MegaUploadSites,0,3/19/2025,3/19/2025,,,,Intel::DOMAIN,
dev.s.mega.nz,MegaUploadSites,0,3/19/2025,3/19/2025,,,,Intel::DOMAIN,
dev01.cms.mega.nz,MegaUploadSites,0,3/19/2025,3/19/2025,,,,Intel::DOMAIN,
dev1.mega.nz,MegaUploadSites,0,3/19/2025,3/19/2025,,,,Intel::DOMAIN,
dev3.s.mega.nz,MegaUploadSites,0,3/19/2025,3/19/2025,,,,Intel::DOMAIN,
dev309.r.mega.nz,MegaUploadSites,0,3/19/2025,3/19/2025,,,,Intel::DOMAIN,
devaccinsnz1.mega.nz,MegaUploadSites,0,3/19/2025,3/19/2025,,,,Intel::DOMAIN,
developer-124.8.mega.nz,MegaUploadSites,0,3/19/2025,3/19/2025,,,,Intel::DOMAIN,
developerdb3.8.mega.nz,MegaUploadSites,0,3/19/2025,3/19/2025,,,,Intel::DOMAIN,
developerhost.0.mega.nz,MegaUploadSites,0,3/19/2025,3/19/2025,,,,Intel::DOMAIN,
development.mega.nz,MegaUploadSites,0,3/19/2025,3/19/2025,,,,Intel::DOMAIN,
dg.mega.nz,MegaUploadSites,0,3/19/2025,3/19/2025,,,,Intel::DOMAIN,
dguhb.cn.mega.nz,MegaUploadSites,0,3/19/2025,3/19/2025,,,,Intel::DOMAIN,
dhpopa.mega.nz,MegaUploadSites,0,3/19/2025,3/19/2025,,,,Intel::DOMAIN,
diabetesstop.mega.nz,MegaUploadSites,0,3/19/2025,3/19/2025,,,,Intel::DOMAIN,
dialmailer.mega.nz,MegaUploadSites,0,3/19/2025,3/19/2025,,,,Intel::DOMAIN,
dialup.mega.nz,MegaUploadSites,0,3/19/2025,3/19/2025,,,,Intel::DOMAIN,
dialupvpn-banking.mega.nz,MegaUploadSites,0,3/19/2025,3/19/2025,,,,Intel::DOMAIN,
didjnslu2.mega.nz,MegaUploadSites,0,3/19/2025,3/19/2025,,,,Intel::DOMAIN,
dielemanenschinsnz2.3.mega.nz,MegaUploadSites,0,3/19/2025,3/19/2025,,,,Intel::DOMAIN,
dielemanenschinsnz2.m.mega.nz,MegaUploadSites,0,3/19/2025,3/19/2025,,,,Intel::DOMAIN,
dielemanenschinsnz2.mega.nz,MegaUploadSites,0,3/19/2025,3/19/2025,,,,Intel::DOMAIN,
digiprimusnsde1.m.mega.nz,MegaUploadSites,0,3/19/2025,3/19/2025,,,,Intel::DOMAIN,
digiprimusnsde1.mega.nz,MegaUploadSites,0,3/19/2025,3/19/2025,,,,Intel::DOMAIN,
dignsde1.mega.nz,MegaUploadSites,0,3/19/2025,3/19/2025,,,,Intel::DOMAIN,
direcnsnz1.mega.nz,MegaUploadSites,0,3/19/2025,3/19/2025,,,,Intel::DOMAIN,
distance.sg.mega.nz,MegaUploadSites,0,3/19/2025,3/19/2025,,,,Intel::DOMAIN,
distancecalculator.mega.nz,MegaUploadSites,0,3/19/2025,3/19/2025,,,,Intel::DOMAIN,
distanceed.mega.nz,MegaUploadSites,0,3/19/2025,3/19/2025,,,,Intel::DOMAIN,
distanceeducation.mega.nz,MegaUploadSites,0,3/19/2025,3/19/2025,,,,Intel::DOMAIN,
distancelearning.mega.nz,MegaUploadSites,0,3/19/2025,3/19/2025,,,,Intel::DOMAIN,
diwangyulecheng.cms.mega.nz,MegaUploadSites,0,3/19/2025,3/19/2025,,,,Intel::DOMAIN,
diybydesign.mega.nz,MegaUploadSites,0,3/19/2025,3/19/2025,,,,Intel::DOMAIN,
dj.mega.nz,MegaUploadSites,0,3/19/2025,3/19/2025,,,,Intel::DOMAIN,
djmotwister.mega.nz,MegaUploadSites,0,3/19/2025,3/19/2025,,,,Intel::DOMAIN,
dk2yaq.cn.mega.nz,MegaUploadSites,0,3/19/2025,3/19/2025,,,,Intel::DOMAIN,
dknsde2.mega.nz,MegaUploadSites,0,3/19/2025,3/19/2025,,,,Intel::DOMAIN,
dkz04jvqfr1lbb3yerss0zi5f.7.mega.nz,MegaUploadSites,0,3/19/2025,3/19/2025,,,,Intel::DOMAIN,
dl.m.mega.nz,MegaUploadSites,0,3/19/2025,3/19/2025,,,,Intel::DOMAIN,
dl.mega.nz,MegaUploadSites,0,3/19/2025,3/19/2025,,,,Intel::DOMAIN,
dmitrov.50.mega.nz,MegaUploadSites,0,3/19/2025,3/19/2025,,,,Intel::DOMAIN,
dmnsnz1.m.mega.nz,MegaUploadSites,0,3/19/2025,3/19/2025,,,,Intel::DOMAIN,
dmnsnz1.mega.nz,MegaUploadSites,0,3/19/2025,3/19/2025,,,,Intel::DOMAIN,
dmp.v.mega.nz,MegaUploadSites,0,3/19/2025,3/19/2025,,,,Intel::DOMAIN,
dndsbond.com.mega.nz,MegaUploadSites,0,3/19/2025,3/19/2025,,,,Intel::DOMAIN,
dnm.mega.nz,MegaUploadSites,0,3/19/2025,3/19/2025,,,,Intel::DOMAIN,
dns.rx.mega.nz,MegaUploadSites,0,3/19/2025,3/19/2025,,,,Intel::DOMAIN,
dns1.9.mega.nz,MegaUploadSites,0,3/19/2025,3/19/2025,,,,Intel::DOMAIN,
dns1.c.mega.nz,MegaUploadSites,0,3/19/2025,3/19/2025,,,,Intel::DOMAIN,
dns1.e.mega.nz,MegaUploadSites,0,3/19/2025,3/19/2025,,,,Intel::DOMAIN,
dns1.m.mega.nz,MegaUploadSites,0,3/19/2025,3/19/2025,,,,Intel::DOMAIN,
dns2.a.mega.nz,MegaUploadSites,0,3/19/2025,3/19/2025,,,,Intel::DOMAIN,
dns2.c.mega.nz,MegaUploadSites,0,3/19/2025,3/19/2025,,,,Intel::DOMAIN,
dns2.e.mega.nz,MegaUploadSites,0,3/19/2025,3/19/2025,,,,Intel::DOMAIN,
dns2.m.mega.nz,MegaUploadSites,0,3/19/2025,3/19/2025,,,,Intel::DOMAIN,
dnsde1.2.mega.nz,MegaUploadSites,0,3/19/2025,3/19/2025,,,,Intel::DOMAIN,
dnsde1.m.mega.nz,MegaUploadSites,0,3/19/2025,3/19/2025,,,,Intel::DOMAIN,
dnsde1.mega.nz,MegaUploadSites,0,3/19/2025,3/19/2025,,,,Intel::DOMAIN,
dnsjl.cn.mega.nz,MegaUploadSites,0,3/19/2025,3/19/2025,,,,Intel::DOMAIN,
dnsnz2.mega.nz,MegaUploadSites,0,3/19/2025,3/19/2025,,,,Intel::DOMAIN,
doc.i.mega.nz,MegaUploadSites,0,3/19/2025,3/19/2025,,,,Intel::DOMAIN,
docker-registry.o.mega.nz,MegaUploadSites,0,3/19/2025,3/19/2025,,,,Intel::DOMAIN,
docker.m.mega.nz,MegaUploadSites,0,3/19/2025,3/19/2025,,,,Intel::DOMAIN,
docloc.mega.nz,MegaUploadSites,0,3/19/2025,3/19/2025,,,,Intel::DOMAIN,
docs-022.mega.nz,MegaUploadSites,0,3/19/2025,3/19/2025,,,,Intel::DOMAIN,
docs-analytics.mega.nz,MegaUploadSites,0,3/19/2025,3/19/2025,,,,Intel::DOMAIN,
docs-bot.mega.nz,MegaUploadSites,0,3/19/2025,3/19/2025,,,,Intel::DOMAIN,
docs-m.m.mega.nz,MegaUploadSites,0,3/19/2025,3/19/2025,,,,Intel::DOMAIN,
docs-m.mega.nz,MegaUploadSites,0,3/19/2025,3/19/2025,,,,Intel::DOMAIN,
docs-oud-vip.mega.nz,MegaUploadSites,0,3/19/2025,3/19/2025,,,,Intel::DOMAIN,
docs-personal.m.mega.nz,MegaUploadSites,0,3/19/2025,3/19/2025,,,,Intel::DOMAIN,
docs-personal.mega.nz,MegaUploadSites,0,3/19/2025,3/19/2025,,,,Intel::DOMAIN,
docs-sa-east-1.mega.nz,MegaUploadSites,0,3/19/2025,3/19/2025,,,,Intel::DOMAIN,
docs.26.mega.nz,MegaUploadSites,0,3/19/2025,3/19/2025,,,,Intel::DOMAIN,
docs.a106.mega.nz,MegaUploadSites,0,3/19/2025,3/19/2025,,,,Intel::DOMAIN,
docs.a57.mega.nz,MegaUploadSites,0,3/19/2025,3/19/2025,,,,Intel::DOMAIN,
docs.a85.mega.nz,MegaUploadSites,0,3/19/2025,3/19/2025,,,,Intel::DOMAIN,
docs.b156.mega.nz,MegaUploadSites,0,3/19/2025,3/19/2025,,,,Intel::DOMAIN,
docs.mega.nz,MegaUploadSites,0,3/19/2025,3/19/2025,,,,Intel::DOMAIN,
docs.region.mega.nz,MegaUploadSites,0,3/19/2025,3/19/2025,,,,Intel::DOMAIN,
docs.ro.mega.nz,MegaUploadSites,0,3/19/2025,3/19/2025,,,,Intel::DOMAIN,
docs.s3.mega.nz,MegaUploadSites,0,3/19/2025,3/19/2025,,,,Intel::DOMAIN,
docs.spec.mega.nz,MegaUploadSites,0,3/19/2025,3/19/2025,,,,Intel::DOMAIN,
docs.tools.mega.nz,MegaUploadSites,0,3/19/2025,3/19/2025,,,,Intel::DOMAIN,
docs.twitch.mega.nz,MegaUploadSites,0,3/19/2025,3/19/2025,,,,Intel::DOMAIN,
docs.v17.mega.nz,MegaUploadSites,0,3/19/2025,3/19/2025,,,,Intel::DOMAIN,
docs018.mega.nz,MegaUploadSites,0,3/19/2025,3/19/2025,,,,Intel::DOMAIN,
docs2a.mega.nz,MegaUploadSites,0,3/19/2025,3/19/2025,,,,Intel::DOMAIN,
docs5a.mega.nz,MegaUploadSites,0,3/19/2025,3/19/2025,,,,Intel::DOMAIN,
docsakali.m.mega.nz,MegaUploadSites,0,3/19/2025,3/19/2025,,,,Intel::DOMAIN,
docsakali.mega.nz,MegaUploadSites,0,3/19/2025,3/19/2025,,,,Intel::DOMAIN,
docsbrief.m.mega.nz,MegaUploadSites,0,3/19/2025,3/19/2025,,,,Intel::DOMAIN,
docsbrief.mega.nz,MegaUploadSites,0,3/19/2025,3/19/2025,,,,Intel::DOMAIN,
docsem.mega.nz,MegaUploadSites,0,3/19/2025,3/19/2025,,,,Intel::DOMAIN,
docsgithub.mega.nz,MegaUploadSites,0,3/19/2025,3/19/2025,,,,Intel::DOMAIN,
docsnorthcentralusstage.mega.nz,MegaUploadSites,0,3/19/2025,3/19/2025,,,,Intel::DOMAIN,
docsnorthcentralustestbed.6.mega.nz,MegaUploadSites,0,3/19/2025,3/19/2025,,,,Intel::DOMAIN,
docsverification1.mega.nz,MegaUploadSites,0,3/19/2025,3/19/2025,,,,Intel::DOMAIN,
doctorwhoenlinea.mega.nz,MegaUploadSites,0,3/19/2025,3/19/2025,,,,Intel::DOMAIN,
does-no-exist33.mega.nz,MegaUploadSites,0,3/19/2025,3/19/2025,,,,Intel::DOMAIN,
dom-gosi.w.mega.nz,MegaUploadSites,0,3/19/2025,3/19/2025,,,,Intel::DOMAIN,
doramaskpoplus.mega.nz,MegaUploadSites,0,3/19/2025,3/19/2025,,,,Intel::DOMAIN,
dorner.mega.nz,MegaUploadSites,0,3/19/2025,3/19/2025,,,,Intel::DOMAIN,
download.m.mega.nz,MegaUploadSites,0,3/19/2025,3/19/2025,,,,Intel::DOMAIN,
download.mycwa.mega.nz,MegaUploadSites,0,3/19/2025,3/19/2025,,,,Intel::DOMAIN,
downsde1.mega.nz,MegaUploadSites,0,3/19/2025,3/19/2025,,,,Intel::DOMAIN,
dozer.mega.nz,MegaUploadSites,0,3/19/2025,3/19/2025,,,,Intel::DOMAIN,
dpattnsde2.mega.nz,MegaUploadSites,0,3/19/2025,3/19/2025,,,,Intel::DOMAIN,
dr-web-anti-virus-light-free.br.mega.nz,MegaUploadSites,0,3/19/2025,3/19/2025,,,,Intel::DOMAIN,
dr-www5.mega.nz,MegaUploadSites,0,3/19/2025,3/19/2025,,,,Intel::DOMAIN,
draken.mega.nz,MegaUploadSites,0,3/19/2025,3/19/2025,,,,Intel::DOMAIN,
dramaskfan.mega.nz,MegaUploadSites,0,3/19/2025,3/19/2025,,,,Intel::DOMAIN,
ds.mega.nz,MegaUploadSites,0,3/19/2025,3/19/2025,,,,Intel::DOMAIN,
ds0183.mega.nz,MegaUploadSites,0,3/19/2025,3/19/2025,,,,Intel::DOMAIN,
dshyic.com.mega.nz,MegaUploadSites,0,3/19/2025,3/19/2025,,,,Intel::DOMAIN,
dtbgka1xha0au0cp5fri2pzqve.mega.nz,MegaUploadSites,0,3/19/2025,3/19/2025,,,,Intel::DOMAIN,
dtu.mega.nz,MegaUploadSites,0,3/19/2025,3/19/2025,,,,Intel::DOMAIN,
duec.site.mega.nz,MegaUploadSites,0,3/19/2025,3/19/2025,,,,Intel::DOMAIN,
duhs.mega.nz,MegaUploadSites,0,3/19/2025,3/19/2025,,,,Intel::DOMAIN,
duji.site.mega.nz,MegaUploadSites,0,3/19/2025,3/19/2025,,,,Intel::DOMAIN,
dulc.site.mega.nz,MegaUploadSites,0,3/19/2025,3/19/2025,,,,Intel::DOMAIN,
duplo.mega.nz,MegaUploadSites,0,3/19/2025,3/19/2025,,,,Intel::DOMAIN,
dupre.mega.nz,MegaUploadSites,0,3/19/2025,3/19/2025,,,,Intel::DOMAIN,
duut.site.mega.nz,MegaUploadSites,0,3/19/2025,3/19/2025,,,,Intel::DOMAIN,
dynamic.mega.nz,MegaUploadSites,0,3/19/2025,3/19/2025,,,,Intel::DOMAIN,
dzxlk.cn.mega.nz,MegaUploadSites,0,3/19/2025,3/19/2025,,,,Intel::DOMAIN,
e-e.mega.nz,MegaUploadSites,0,3/19/2025,3/19/2025,,,,Intel::DOMAIN,
e.adm.mega.nz,MegaUploadSites,0,3/19/2025,3/19/2025,,,,Intel::DOMAIN,
e.m.c.2.mega.nz,MegaUploadSites,0,3/19/2025,3/19/2025,,,,Intel::DOMAIN,
e.m.mega.nz,MegaUploadSites,0,3/19/2025,3/19/2025,,,,Intel::DOMAIN,
e.mega.nz,MegaUploadSites,0,3/19/2025,3/19/2025,,,,Intel::DOMAIN,
e0.mega.nz,MegaUploadSites,0,3/19/2025,3/19/2025,,,,Intel::DOMAIN,
e1.mega.nz,MegaUploadSites,0,3/19/2025,3/19/2025,,,,Intel::DOMAIN,
e1sea.com.cn.mega.nz,MegaUploadSites,0,3/19/2025,3/19/2025,,,,Intel::DOMAIN,
e3.mega.nz,MegaUploadSites,0,3/19/2025,3/19/2025,,,,Intel::DOMAIN,
e4.mega.nz,MegaUploadSites,0,3/19/2025,3/19/2025,,,,Intel::DOMAIN,
e8.mega.nz,MegaUploadSites,0,3/19/2025,3/19/2025,,,,Intel::DOMAIN,
ea.mega.nz,MegaUploadSites,0,3/19/2025,3/19/2025,,,,Intel::DOMAIN,
eaicu.cn.mega.nz,MegaUploadSites,0,3/19/2025,3/19/2025,,,,Intel::DOMAIN,
ebay.mega.nz,MegaUploadSites,0,3/19/2025,3/19/2025,,,,Intel::DOMAIN,
ebeb.org.cn.mega.nz,MegaUploadSites,0,3/19/2025,3/19/2025,,,,Intel::DOMAIN,
ebi.mega.nz,MegaUploadSites,0,3/19/2025,3/19/2025,,,,Intel::DOMAIN,
ebm.e.mega.nz,MegaUploadSites,0,3/19/2025,3/19/2025,,,,Intel::DOMAIN,
ecadmin.mega.nz,MegaUploadSites,0,3/19/2025,3/19/2025,,,,Intel::DOMAIN,
ecenter6.mega.nz,MegaUploadSites,0,3/19/2025,3/19/2025,,,,Intel::DOMAIN,
ecloud.mega.nz,MegaUploadSites,0,3/19/2025,3/19/2025,,,,Intel::DOMAIN,
ed.i.mega.nz,MegaUploadSites,0,3/19/2025,3/19/2025,,,,Intel::DOMAIN,
ed.mega.nz,MegaUploadSites,0,3/19/2025,3/19/2025,,,,Intel::DOMAIN,
eded.org.cn.mega.nz,MegaUploadSites,0,3/19/2025,3/19/2025,,,,Intel::DOMAIN,
edge-mask.mega.nz,MegaUploadSites,0,3/19/2025,3/19/2025,,,,Intel::DOMAIN,
eee.mega.nz,MegaUploadSites,0,3/19/2025,3/19/2025,,,,Intel::DOMAIN,
eeebxez9ghqqis.shop.mega.nz,MegaUploadSites,0,3/19/2025,3/19/2025,,,,Intel::DOMAIN,
efef.org.cn.mega.nz,MegaUploadSites,0,3/19/2025,3/19/2025,,,,Intel::DOMAIN,
eglobal.mega.nz,MegaUploadSites,0,3/19/2025,3/19/2025,,,,Intel::DOMAIN,
egunsde1.m.mega.nz,MegaUploadSites,0,3/19/2025,3/19/2025,,,,Intel::DOMAIN,
egunsde1.mega.nz,MegaUploadSites,0,3/19/2025,3/19/2025,,,,Intel::DOMAIN,
ehometu.cn.mega.nz,MegaUploadSites,0,3/19/2025,3/19/2025,,,,Intel::DOMAIN,
eiei.org.cn.mega.nz,MegaUploadSites,0,3/19/2025,3/19/2025,,,,Intel::DOMAIN,
eknsde2.mega.nz,MegaUploadSites,0,3/19/2025,3/19/2025,,,,Intel::DOMAIN,
eks.mega.nz,MegaUploadSites,0,3/19/2025,3/19/2025,,,,Intel::DOMAIN,
el-monte.mega.nz,MegaUploadSites,0,3/19/2025,3/19/2025,,,,Intel::DOMAIN,
elaynansde2.m.mega.nz,MegaUploadSites,0,3/19/2025,3/19/2025,,,,Intel::DOMAIN,
elaynansde2.mega.nz,MegaUploadSites,0,3/19/2025,3/19/2025,,,,Intel::DOMAIN,
elexyoben.mega.nz,MegaUploadSites,0,3/19/2025,3/19/2025,,,,Intel::DOMAIN,
elogistics-qc.mega.nz,MegaUploadSites,0,3/19/2025,3/19/2025,,,,Intel::DOMAIN,
elsevnsde2.mega.nz,MegaUploadSites,0,3/19/2025,3/19/2025,,,,Intel::DOMAIN,
elsnsde1.mega.nz,MegaUploadSites,0,3/19/2025,3/19/2025,,,,Intel::DOMAIN,
eltafk0q501lp4seofrmh3htjg.mega.nz,MegaUploadSites,0,3/19/2025,3/19/2025,,,,Intel::DOMAIN,
email.e.mega.nz,MegaUploadSites,0,3/19/2025,3/19/2025,,,,Intel::DOMAIN,
email.m.mega.nz,MegaUploadSites,0,3/19/2025,3/19/2025,,,,Intel::DOMAIN,
emerch.m.mega.nz,MegaUploadSites,0,3/19/2025,3/19/2025,,,,Intel::DOMAIN,
emerch.mega.nz,MegaUploadSites,0,3/19/2025,3/19/2025,,,,Intel::DOMAIN,
empc.mega.nz,MegaUploadSites,0,3/19/2025,3/19/2025,,,,Intel::DOMAIN,
en.3.mega.nz,MegaUploadSites,0,3/19/2025,3/19/2025,,,,Intel::DOMAIN,
en.4.mega.nz,MegaUploadSites,0,3/19/2025,3/19/2025,,,,Intel::DOMAIN,
en.7.mega.nz,MegaUploadSites,0,3/19/2025,3/19/2025,,,,Intel::DOMAIN,
en.9.mega.nz,MegaUploadSites,0,3/19/2025,3/19/2025,,,,Intel::DOMAIN,
en.m.mega.nz,MegaUploadSites,0,3/19/2025,3/19/2025,,,,Intel::DOMAIN,
en.mega.nz,MegaUploadSites,0,3/19/2025,3/19/2025,,,,Intel::DOMAIN,
enko.3.mega.nz,MegaUploadSites,0,3/19/2025,3/19/2025,,,,Intel::DOMAIN,
ensde1.mega.nz,MegaUploadSites,0,3/19/2025,3/19/2025,,,,Intel::DOMAIN,
entertainment-memorabnsde2-135.m.mega.nz,MegaUploadSites,0,3/19/2025,3/19/2025,,,,Intel::DOMAIN,
entertainment-memorabnsde2-135.mega.nz,MegaUploadSites,0,3/19/2025,3/19/2025,,,,Intel::DOMAIN,
entertainment-memorabnsde2-2013.mega.nz,MegaUploadSites,0,3/19/2025,3/19/2025,,,,Intel::DOMAIN,
entertainment-memorabnsde2-japanwest.mega.nz,MegaUploadSites,0,3/19/2025,3/19/2025,,,,Intel::DOMAIN,
entertainment-memorabnsde2-preferences.m.mega.nz,MegaUploadSites,0,3/19/2025,3/19/2025,,,,Intel::DOMAIN,
entertainment-memorabnsde2-preferences.mega.nz,MegaUploadSites,0,3/19/2025,3/19/2025,,,,Intel::DOMAIN,
entertainment-memorabnsde2-s3.mega.nz,MegaUploadSites,0,3/19/2025,3/19/2025,,,,Intel::DOMAIN,
entertainment-memorabnsde2-us-central1-a.mega.nz,MegaUploadSites,0,3/19/2025,3/19/2025,,,,Intel::DOMAIN,
entertainment-memorabnsde2.mega.nz,MegaUploadSites,0,3/19/2025,3/19/2025,,,,Intel::DOMAIN,
entertainment-memorabnsde2243.mega.nz,MegaUploadSites,0,3/19/2025,3/19/2025,,,,Intel::DOMAIN,
entertainment-memorabnsde2b.mega.nz,MegaUploadSites,0,3/19/2025,3/19/2025,,,,Intel::DOMAIN,
entertainment-memorabnsde2dev2.mega.nz,MegaUploadSites,0,3/19/2025,3/19/2025,,,,Intel::DOMAIN,
entertainment-memorabnsde2shared.m.mega.nz,MegaUploadSites,0,3/19/2025,3/19/2025,,,,Intel::DOMAIN,
entertainment-memorabnsde2shared.mega.nz,MegaUploadSites,0,3/19/2025,3/19/2025,,,,Intel::DOMAIN,
entertainment-memorabnsde2test2.0.mega.nz,MegaUploadSites,0,3/19/2025,3/19/2025,,,,Intel::DOMAIN,
entertainment-memorabnsde2west.mega.nz,MegaUploadSites,0,3/19/2025,3/19/2025,,,,Intel::DOMAIN,
entertainment-memorabnsde2westindiadeveloper.8.mega.nz,MegaUploadSites,0,3/19/2025,3/19/2025,,,,Intel::DOMAIN,
entertainment-memorabnsde2westindiastage.m.mega.nz,MegaUploadSites,0,3/19/2025,3/19/2025,,,,Intel::DOMAIN,
entertainment-memorabnsde2westindiastage.mega.nz,MegaUploadSites,0,3/19/2025,3/19/2025,,,,Intel::DOMAIN,
entrancekeys.mega.nz,MegaUploadSites,0,3/19/2025,3/19/2025,,,,Intel::DOMAIN,
eoeo.org.cn.mega.nz,MegaUploadSites,0,3/19/2025,3/19/2025,,,,Intel::DOMAIN,
eovyr.cn.mega.nz,MegaUploadSites,0,3/19/2025,3/19/2025,,,,Intel::DOMAIN,
ep.mega.nz,MegaUploadSites,0,3/19/2025,3/19/2025,,,,Intel::DOMAIN,
epay.p.mega.nz,MegaUploadSites,0,3/19/2025,3/19/2025,,,,Intel::DOMAIN,
ephx.mega.nz,MegaUploadSites,0,3/19/2025,3/19/2025,,,,Intel::DOMAIN,
epm.mega.nz,MegaUploadSites,0,3/19/2025,3/19/2025,,,,Intel::DOMAIN,
eprom.mega.nz,MegaUploadSites,0,3/19/2025,3/19/2025,,,,Intel::DOMAIN,
eq0ul6w9g5c46wyr.4qob0brqrszt4kpe1qsgdne4mgprd.mega.nz,MegaUploadSites,0,3/19/2025,3/19/2025,,,,Intel::DOMAIN,
er.mega.nz,MegaUploadSites,0,3/19/2025,3/19/2025,,,,Intel::DOMAIN,
erb.mega.nz,MegaUploadSites,0,3/19/2025,3/19/2025,,,,Intel::DOMAIN,
ercewizud5ei.ac.ru.mega.nz,MegaUploadSites,0,3/19/2025,3/19/2025,,,,Intel::DOMAIN,
ereviews.mega.nz,MegaUploadSites,0,3/19/2025,3/19/2025,,,,Intel::DOMAIN,
eroge.9.mega.nz,MegaUploadSites,0,3/19/2025,3/19/2025,,,,Intel::DOMAIN,
err.mega.nz,MegaUploadSites,0,3/19/2025,3/19/2025,,,,Intel::DOMAIN,
es.estimulos-y-respuestas.mega.nz,MegaUploadSites,0,3/19/2025,3/19/2025,,,,Intel::DOMAIN,
es.m.mega.nz,MegaUploadSites,0,3/19/2025,3/19/2025,,,,Intel::DOMAIN,
es.mega.nz,MegaUploadSites,0,3/19/2025,3/19/2025,,,,Intel::DOMAIN,
escort-nsnz2.m.mega.nz,MegaUploadSites,0,3/19/2025,3/19/2025,,,,Intel::DOMAIN,
escort-nsnz2.mega.nz,MegaUploadSites,0,3/19/2025,3/19/2025,,,,Intel::DOMAIN,
esmtpo5.mega.nz,MegaUploadSites,0,3/19/2025,3/19/2025,,,,Intel::DOMAIN,
essen.m.mega.nz,MegaUploadSites,0,3/19/2025,3/19/2025,,,,Intel::DOMAIN,
essen.mega.nz,MegaUploadSites,0,3/19/2025,3/19/2025,,,,Intel::DOMAIN,
etc.mega.nz,MegaUploadSites,0,3/19/2025,3/19/2025,,,,Intel::DOMAIN,
etnet.mega.nz,MegaUploadSites,0,3/19/2025,3/19/2025,,,,Intel::DOMAIN,
etvintnsde1.mega.nz,MegaUploadSites,0,3/19/2025,3/19/2025,,,,Intel::DOMAIN,
eu.co.mega.nz,MegaUploadSites,0,3/19/2025,3/19/2025,,,,Intel::DOMAIN,
eu.mega.nz,MegaUploadSites,0,3/19/2025,3/19/2025,,,,Intel::DOMAIN,
eu.quarantine.mega.nz,MegaUploadSites,0,3/19/2025,3/19/2025,,,,Intel::DOMAIN,
eu.stat.mega.nz,MegaUploadSites,0,3/19/2025,3/19/2025,,,,Intel::DOMAIN,
eu.static.co.mega.nz,MegaUploadSites,0,3/19/2025,3/19/2025,,,,Intel::DOMAIN,
eu.static.mega.nz,MegaUploadSites,0,3/19/2025,3/19/2025,,,,Intel::DOMAIN,
eu.static.www.mega.nz,MegaUploadSites,0,3/19/2025,3/19/2025,,,,Intel::DOMAIN,
eu1-cms.mega.nz,MegaUploadSites,0,3/19/2025,3/19/2025,,,,Intel::DOMAIN,
evan.vl.learn.mega.nz,MegaUploadSites,0,3/19/2025,3/19/2025,,,,Intel::DOMAIN,
everybody.webmail.mega.nz,MegaUploadSites,0,3/19/2025,3/19/2025,,,,Intel::DOMAIN,
everyday.mega.nz,MegaUploadSites,0,3/19/2025,3/19/2025,,,,Intel::DOMAIN,
evocop.cn.mega.nz,MegaUploadSites,0,3/19/2025,3/19/2025,,,,Intel::DOMAIN,
evrs.mega.nz,MegaUploadSites,0,3/19/2025,3/19/2025,,,,Intel::DOMAIN,
evssldemo2.mega.nz,MegaUploadSites,0,3/19/2025,3/19/2025,,,,Intel::DOMAIN,
exammodule.p.mega.nz,MegaUploadSites,0,3/19/2025,3/19/2025,,,,Intel::DOMAIN,
excaliburnsde1.mega.nz,MegaUploadSites,0,3/19/2025,3/19/2025,,,,Intel::DOMAIN,
exchange02.mega.nz,MegaUploadSites,0,3/19/2025,3/19/2025,,,,Intel::DOMAIN,
exdb7.d.mega.nz,MegaUploadSites,0,3/19/2025,3/19/2025,,,,Intel::DOMAIN,
exezhanqun.com.mega.nz,MegaUploadSites,0,3/19/2025,3/19/2025,,,,Intel::DOMAIN,
existing0930.p.mega.nz,MegaUploadSites,0,3/19/2025,3/19/2025,,,,Intel::DOMAIN,
exotic.mega.nz,MegaUploadSites,0,3/19/2025,3/19/2025,,,,Intel::DOMAIN,
expad.mega.nz,MegaUploadSites,0,3/19/2025,3/19/2025,,,,Intel::DOMAIN,
expower-cn.cn.mega.nz,MegaUploadSites,0,3/19/2025,3/19/2025,,,,Intel::DOMAIN,
ext.mega.nz,MegaUploadSites,0,3/19/2025,3/19/2025,,,,Intel::DOMAIN,
extanz.mega.nz,MegaUploadSites,0,3/19/2025,3/19/2025,,,,Intel::DOMAIN,
extranet.e.mega.nz,MegaUploadSites,0,3/19/2025,3/19/2025,,,,Intel::DOMAIN,
extrareadnsnz1.m.mega.nz,MegaUploadSites,0,3/19/2025,3/19/2025,,,,Intel::DOMAIN,
extrareadnsnz1.mega.nz,MegaUploadSites,0,3/19/2025,3/19/2025,,,,Intel::DOMAIN,
eyoonnsde2.m.mega.nz,MegaUploadSites,0,3/19/2025,3/19/2025,,,,Intel::DOMAIN,
eyoonnsde2.mega.nz,MegaUploadSites,0,3/19/2025,3/19/2025,,,,Intel::DOMAIN,
f.m.mega.nz,MegaUploadSites,0,3/19/2025,3/19/2025,,,,Intel::DOMAIN,
f.mega.nz,MegaUploadSites,0,3/19/2025,3/19/2025,,,,Intel::DOMAIN,
f0j.mega.nz,MegaUploadSites,0,3/19/2025,3/19/2025,,,,Intel::DOMAIN,
f1hd9.trade.mega.nz,MegaUploadSites,0,3/19/2025,3/19/2025,,,,Intel::DOMAIN,
f2u.mega.nz,MegaUploadSites,0,3/19/2025,3/19/2025,,,,Intel::DOMAIN,
f3.mega.nz,MegaUploadSites,0,3/19/2025,3/19/2025,,,,Intel::DOMAIN,
f4.mega.nz,MegaUploadSites,0,3/19/2025,3/19/2025,,,,Intel::DOMAIN,
f4shyextyugh.cpanel.mega.nz,MegaUploadSites,0,3/19/2025,3/19/2025,,,,Intel::DOMAIN,
fa.mega.nz,MegaUploadSites,0,3/19/2025,3/19/2025,,,,Intel::DOMAIN,
face.mega.nz,MegaUploadSites,0,3/19/2025,3/19/2025,,,,Intel::DOMAIN,
facilcastanhalnsde1.mega.nz,MegaUploadSites,0,3/19/2025,3/19/2025,,,,Intel::DOMAIN,
factsupdateprocessortest.p.mega.nz,MegaUploadSites,0,3/19/2025,3/19/2025,,,,Intel::DOMAIN,
fantasea.mega.nz,MegaUploadSites,0,3/19/2025,3/19/2025,,,,Intel::DOMAIN,
faru.mega.nz,MegaUploadSites,0,3/19/2025,3/19/2025,,,,Intel::DOMAIN,
faye.mega.nz,MegaUploadSites,0,3/19/2025,3/19/2025,,,,Intel::DOMAIN,
fbadmin.mega.nz,MegaUploadSites,0,3/19/2025,3/19/2025,,,,Intel::DOMAIN,
fbk.m.mega.nz,MegaUploadSites,0,3/19/2025,3/19/2025,,,,Intel::DOMAIN,
fbk.mega.nz,MegaUploadSites,0,3/19/2025,3/19/2025,,,,Intel::DOMAIN,
fblaw.cn.mega.nz,MegaUploadSites,0,3/19/2025,3/19/2025,,,,Intel::DOMAIN,
fbnsnz2.m.mega.nz,MegaUploadSites,0,3/19/2025,3/19/2025,,,,Intel::DOMAIN,
fbnsnz2.mega.nz,MegaUploadSites,0,3/19/2025,3/19/2025,,,,Intel::DOMAIN,
fbnxz.cn.mega.nz,MegaUploadSites,0,3/19/2025,3/19/2025,,,,Intel::DOMAIN,
fbp36qvwl5dqnyuz.tv.mega.nz,MegaUploadSites,0,3/19/2025,3/19/2025,,,,Intel::DOMAIN,
fbttt.cn.mega.nz,MegaUploadSites,0,3/19/2025,3/19/2025,,,,Intel::DOMAIN,
fc-pcc-ltp.s.a.mega.nz,MegaUploadSites,0,3/19/2025,3/19/2025,,,,Intel::DOMAIN,
fchoy.mega.nz,MegaUploadSites,0,3/19/2025,3/19/2025,,,,Intel::DOMAIN,
fe.mega.nz,MegaUploadSites,0,3/19/2025,3/19/2025,,,,Intel::DOMAIN,
fed1rmfepnsde2.mega.nz,MegaUploadSites,0,3/19/2025,3/19/2025,,,,Intel::DOMAIN,
feed-staging.mega.nz,MegaUploadSites,0,3/19/2025,3/19/2025,,,,Intel::DOMAIN,
feeds2.mega.nz,MegaUploadSites,0,3/19/2025,3/19/2025,,,,Intel::DOMAIN,
feib-ec.mega.nz,MegaUploadSites,0,3/19/2025,3/19/2025,,,,Intel::DOMAIN,
fengshi5.net.mega.nz,MegaUploadSites,0,3/19/2025,3/19/2025,,,,Intel::DOMAIN,
ferrari.fortwayne.com.mega.nz,MegaUploadSites,0,3/19/2025,3/19/2025,,,,Intel::DOMAIN,
ferry.mega.nz,MegaUploadSites,0,3/19/2025,3/19/2025,,,,Intel::DOMAIN,
fetish4.mega.nz,MegaUploadSites,0,3/19/2025,3/19/2025,,,,Intel::DOMAIN,
fg3u332tn45qhonyk1symyhagf.m.mega.nz,MegaUploadSites,0,3/19/2025,3/19/2025,,,,Intel::DOMAIN,
fg3u332tn45qhonyk1symyhagf.mega.nz,MegaUploadSites,0,3/19/2025,3/19/2025,,,,Intel::DOMAIN,
fich.mega.nz,MegaUploadSites,0,3/19/2025,3/19/2025,,,,Intel::DOMAIN,
fichier.m.mega.nz,MegaUploadSites,0,3/19/2025,3/19/2025,,,,Intel::DOMAIN,
fichier.mega.nz,MegaUploadSites,0,3/19/2025,3/19/2025,,,,Intel::DOMAIN,
file.mega.nz,MegaUploadSites,0,3/19/2025,3/19/2025,,,,Intel::DOMAIN,
filebox.cc.mega.nz,MegaUploadSites,0,3/19/2025,3/19/2025,,,,Intel::DOMAIN,
files.mega.nz,MegaUploadSites,0,3/19/2025,3/19/2025,,,,Intel::DOMAIN,
files.p.mega.nz,MegaUploadSites,0,3/19/2025,3/19/2025,,,,Intel::DOMAIN,
filez.mega.nz,MegaUploadSites,0,3/19/2025,3/19/2025,,,,Intel::DOMAIN,
fili.mega.nz,MegaUploadSites,0,3/19/2025,3/19/2025,,,,Intel::DOMAIN,
filsgjpqq2bjupj2ustsjfxalb.mega.nz,MegaUploadSites,0,3/19/2025,3/19/2025,,,,Intel::DOMAIN,
filter.mega.nz,MegaUploadSites,0,3/19/2025,3/19/2025,,,,Intel::DOMAIN,
fine.mega.nz,MegaUploadSites,0,3/19/2025,3/19/2025,,,,Intel::DOMAIN,
fissycy6s.server.mega.nz,MegaUploadSites,0,3/19/2025,3/19/2025,,,,Intel::DOMAIN,
fix.mega.nz,MegaUploadSites,0,3/19/2025,3/19/2025,,,,Intel::DOMAIN,
fjxinqixiang.cn.mega.nz,MegaUploadSites,0,3/19/2025,3/19/2025,,,,Intel::DOMAIN,
fl.mega.nz,MegaUploadSites,0,3/19/2025,3/19/2025,,,,Intel::DOMAIN,
flambo.mega.nz,MegaUploadSites,0,3/19/2025,3/19/2025,,,,Intel::DOMAIN,
flexengineer-ase.p.mega.nz,MegaUploadSites,0,3/19/2025,3/19/2025,,,,Intel::DOMAIN,
flrdv.trade.mega.nz,MegaUploadSites,0,3/19/2025,3/19/2025,,,,Intel::DOMAIN,
fluvaccines.mega.nz,MegaUploadSites,0,3/19/2025,3/19/2025,,,,Intel::DOMAIN,
fnerp.mega.nz,MegaUploadSites,0,3/19/2025,3/19/2025,,,,Intel::DOMAIN,
fnsnz2.mega.nz,MegaUploadSites,0,3/19/2025,3/19/2025,,,,Intel::DOMAIN,
foggsshuttle.1.mega.nz,MegaUploadSites,0,3/19/2025,3/19/2025,,,,Intel::DOMAIN,
forgetthedistance.mega.nz,MegaUploadSites,0,3/19/2025,3/19/2025,,,,Intel::DOMAIN,
forgetthedistance.ns6.mega.nz,MegaUploadSites,0,3/19/2025,3/19/2025,,,,Intel::DOMAIN,
formation-distance.mega.nz,MegaUploadSites,0,3/19/2025,3/19/2025,,,,Intel::DOMAIN,
fornsnz1.m.mega.nz,MegaUploadSites,0,3/19/2025,3/19/2025,,,,Intel::DOMAIN,
fornsnz1.mega.nz,MegaUploadSites,0,3/19/2025,3/19/2025,,,,Intel::DOMAIN,
fort.mega.nz,MegaUploadSites,0,3/19/2025,3/19/2025,,,,Intel::DOMAIN,
fort1.mega.nz,MegaUploadSites,0,3/19/2025,3/19/2025,,,,Intel::DOMAIN,
forum.a.mega.nz,MegaUploadSites,0,3/19/2025,3/19/2025,,,,Intel::DOMAIN,
forum.b.mega.nz,MegaUploadSites,0,3/19/2025,3/19/2025,,,,Intel::DOMAIN,
forum.c.mega.nz,MegaUploadSites,0,3/19/2025,3/19/2025,,,,Intel::DOMAIN,
forum.e.mega.nz,MegaUploadSites,0,3/19/2025,3/19/2025,,,,Intel::DOMAIN,
forum.mega.nz,MegaUploadSites,0,3/19/2025,3/19/2025,,,,Intel::DOMAIN,
fotl-ase-internal-test-01.p.mega.nz,MegaUploadSites,0,3/19/2025,3/19/2025,,,,Intel::DOMAIN,
fpbw.mega.nz,MegaUploadSites,0,3/19/2025,3/19/2025,,,,Intel::DOMAIN,
fpchlhotmail.m.mega.nz,MegaUploadSites,0,3/19/2025,3/19/2025,,,,Intel::DOMAIN,
fpchlhotmail.mega.nz,MegaUploadSites,0,3/19/2025,3/19/2025,,,,Intel::DOMAIN,
fq.mega.nz,MegaUploadSites,0,3/19/2025,3/19/2025,,,,Intel::DOMAIN,
fqhhcy.com.mega.nz,MegaUploadSites,0,3/19/2025,3/19/2025,,,,Intel::DOMAIN,
fr.2.mega.nz,MegaUploadSites,0,3/19/2025,3/19/2025,,,,Intel::DOMAIN,
fr.3.mega.nz,MegaUploadSites,0,3/19/2025,3/19/2025,,,,Intel::DOMAIN,
fr.distances-routieres.mega.nz,MegaUploadSites,0,3/19/2025,3/19/2025,,,,Intel::DOMAIN,
fr.mega.nz,MegaUploadSites,0,3/19/2025,3/19/2025,,,,Intel::DOMAIN,
fra317nsde2.mega.nz,MegaUploadSites,0,3/19/2025,3/19/2025,,,,Intel::DOMAIN,
franc.mega.nz,MegaUploadSites,0,3/19/2025,3/19/2025,,,,Intel::DOMAIN,
franck.g.mega.nz,MegaUploadSites,0,3/19/2025,3/19/2025,,,,Intel::DOMAIN,
frankmccown.mega.nz,MegaUploadSites,0,3/19/2025,3/19/2025,,,,Intel::DOMAIN,
freebsd.mega.nz,MegaUploadSites,0,3/19/2025,3/19/2025,,,,Intel::DOMAIN,
freeswitch-ws.g.mega.nz,MegaUploadSites,0,3/19/2025,3/19/2025,,,,Intel::DOMAIN,
freia.mega.nz,MegaUploadSites,0,3/19/2025,3/19/2025,,,,Intel::DOMAIN,
frensde2.mega.nz,MegaUploadSites,0,3/19/2025,3/19/2025,,,,Intel::DOMAIN,
frida.mega.nz,MegaUploadSites,0,3/19/2025,3/19/2025,,,,Intel::DOMAIN,
fritz.l.mega.nz,MegaUploadSites,0,3/19/2025,3/19/2025,,,,Intel::DOMAIN,
frog.cms.mega.nz,MegaUploadSites,0,3/19/2025,3/19/2025,,,,Intel::DOMAIN,
frontend-cms.mega.nz,MegaUploadSites,0,3/19/2025,3/19/2025,,,,Intel::DOMAIN,
frost.mega.nz,MegaUploadSites,0,3/19/2025,3/19/2025,,,,Intel::DOMAIN,
frunz.78.mega.nz,MegaUploadSites,0,3/19/2025,3/19/2025,,,,Intel::DOMAIN,
ft.mega.nz,MegaUploadSites,0,3/19/2025,3/19/2025,,,,Intel::DOMAIN,
ftp.9.mega.nz,MegaUploadSites,0,3/19/2025,3/19/2025,,,,Intel::DOMAIN,
ftp.b.mega.nz,MegaUploadSites,0,3/19/2025,3/19/2025,,,,Intel::DOMAIN,
ftp.c.mega.nz,MegaUploadSites,0,3/19/2025,3/19/2025,,,,Intel::DOMAIN,
ftp.e.mega.nz,MegaUploadSites,0,3/19/2025,3/19/2025,,,,Intel::DOMAIN,
ftp.m.mega.nz,MegaUploadSites,0,3/19/2025,3/19/2025,,,,Intel::DOMAIN,
ftp.mega.nz,MegaUploadSites,0,3/19/2025,3/19/2025,,,,Intel::DOMAIN,
functionapp.p.mega.nz,MegaUploadSites,0,3/19/2025,3/19/2025,,,,Intel::DOMAIN,
fvjqo.cn.mega.nz,MegaUploadSites,0,3/19/2025,3/19/2025,,,,Intel::DOMAIN,
fw.9.mega.nz,MegaUploadSites,0,3/19/2025,3/19/2025,,,,Intel::DOMAIN,
fw.mega.nz,MegaUploadSites,0,3/19/2025,3/19/2025,,,,Intel::DOMAIN,
fxp.mega.nz,MegaUploadSites,0,3/19/2025,3/19/2025,,,,Intel::DOMAIN,
fxu5n.uk.mega.nz,MegaUploadSites,0,3/19/2025,3/19/2025,,,,Intel::DOMAIN,
fy-cc.com.mega.nz,MegaUploadSites,0,3/19/2025,3/19/2025,,,,Intel::DOMAIN,
g.gelb.karere.m.mega.nz,MegaUploadSites,0,3/19/2025,3/19/2025,,,,Intel::DOMAIN,
g.mega.nz,MegaUploadSites,0,3/19/2025,3/19/2025,,,,Intel::DOMAIN,
g.xmpp.karere.m.mega.nz,MegaUploadSites,0,3/19/2025,3/19/2025,,,,Intel::DOMAIN,
g1.mega.nz,MegaUploadSites,0,3/19/2025,3/19/2025,,,,Intel::DOMAIN,
g2-nensde2.mega.nz,MegaUploadSites,0,3/19/2025,3/19/2025,,,,Intel::DOMAIN,
g2cnsnz2.mega.nz,MegaUploadSites,0,3/19/2025,3/19/2025,,,,Intel::DOMAIN,
g4.mega.nz,MegaUploadSites,0,3/19/2025,3/19/2025,,,,Intel::DOMAIN,
g4rz5jjrevy4kf3ivxtoubznze.mega.nz,MegaUploadSites,0,3/19/2025,3/19/2025,,,,Intel::DOMAIN,
g5vb0a.ads.mega.nz,MegaUploadSites,0,3/19/2025,3/19/2025,,,,Intel::DOMAIN,
g6.mega.nz,MegaUploadSites,0,3/19/2025,3/19/2025,,,,Intel::DOMAIN,
gailm.mega.nz,MegaUploadSites,0,3/19/2025,3/19/2025,,,,Intel::DOMAIN,
galaxygamers.1.mega.nz,MegaUploadSites,0,3/19/2025,3/19/2025,,,,Intel::DOMAIN,
games.mega.nz,MegaUploadSites,0,3/19/2025,3/19/2025,,,,Intel::DOMAIN,
garthe.mega.nz,MegaUploadSites,0,3/19/2025,3/19/2025,,,,Intel::DOMAIN,
gasmaskandrespirator.mega.nz,MegaUploadSites,0,3/19/2025,3/19/2025,,,,Intel::DOMAIN,
gateway.worldline-ms.qlf-dpsk.aw.mega.nz,MegaUploadSites,0,3/19/2025,3/19/2025,,,,Intel::DOMAIN,
gateways.p.mega.nz,MegaUploadSites,0,3/19/2025,3/19/2025,,,,Intel::DOMAIN,
gbt4vs3.4qob0brqrszt4kpe1qsgdne4mg-control.mega.nz,MegaUploadSites,0,3/19/2025,3/19/2025,,,,Intel::DOMAIN,
gcccynsde2.mega.nz,MegaUploadSites,0,3/19/2025,3/19/2025,,,,Intel::DOMAIN,
gcccynsde2asianortheast1a.mega.nz,MegaUploadSites,0,3/19/2025,3/19/2025,,,,Intel::DOMAIN,
gcccynsde2centralindia.m.mega.nz,MegaUploadSites,0,3/19/2025,3/19/2025,,,,Intel::DOMAIN,
gcccynsde2centralindia.mega.nz,MegaUploadSites,0,3/19/2025,3/19/2025,,,,Intel::DOMAIN,
gcccynsde2fo.mega.nz,MegaUploadSites,0,3/19/2025,3/19/2025,,,,Intel::DOMAIN,
gcccynsde2mail.m.mega.nz,MegaUploadSites,0,3/19/2025,3/19/2025,,,,Intel::DOMAIN,
gcccynsde2mail.mega.nz,MegaUploadSites,0,3/19/2025,3/19/2025,,,,Intel::DOMAIN,
gcccynsde2private.mega.nz,MegaUploadSites,0,3/19/2025,3/19/2025,,,,Intel::DOMAIN,
gcccynsde2project.mega.nz,MegaUploadSites,0,3/19/2025,3/19/2025,,,,Intel::DOMAIN,
gcccynsde2tomcat.mega.nz,MegaUploadSites,0,3/19/2025,3/19/2025,,,,Intel::DOMAIN,
gcdl1.keke.cn.mega.nz,MegaUploadSites,0,3/19/2025,3/19/2025,,,,Intel::DOMAIN,
gczp123.com.mega.nz,MegaUploadSites,0,3/19/2025,3/19/2025,,,,Intel::DOMAIN,
gd4a.cn.mega.nz,MegaUploadSites,0,3/19/2025,3/19/2025,,,,Intel::DOMAIN,
gdhuojia.cn.mega.nz,MegaUploadSites,0,3/19/2025,3/19/2025,,,,Intel::DOMAIN,
geek.mega.nz,MegaUploadSites,0,3/19/2025,3/19/2025,,,,Intel::DOMAIN,
gekisnsnz1.mega.nz,MegaUploadSites,0,3/19/2025,3/19/2025,,,,Intel::DOMAIN,
gelb.karere.mega.nz,MegaUploadSites,0,3/19/2025,3/19/2025,,,,Intel::DOMAIN,
gelb530n001.karere.mega.nz,MegaUploadSites,0,3/19/2025,3/19/2025,,,,Intel::DOMAIN,
genisys2api.m.mega.nz,MegaUploadSites,0,3/19/2025,3/19/2025,,,,Intel::DOMAIN,
genisys2api.mega.nz,MegaUploadSites,0,3/19/2025,3/19/2025,,,,Intel::DOMAIN,
genscape-ase-qa.p.mega.nz,MegaUploadSites,0,3/19/2025,3/19/2025,,,,Intel::DOMAIN,
georgnsnz2.m.mega.nz,MegaUploadSites,0,3/19/2025,3/19/2025,,,,Intel::DOMAIN,
georgnsnz2.mega.nz,MegaUploadSites,0,3/19/2025,3/19/2025,,,,Intel::DOMAIN,
getinnsde2.mega.nz,MegaUploadSites,0,3/19/2025,3/19/2025,,,,Intel::DOMAIN,
getnsde2-ab.mega.nz,MegaUploadSites,0,3/19/2025,3/19/2025,,,,Intel::DOMAIN,
getnsde2.m.mega.nz,MegaUploadSites,0,3/19/2025,3/19/2025,,,,Intel::DOMAIN,
getnsde2.mega.nz,MegaUploadSites,0,3/19/2025,3/19/2025,,,,Intel::DOMAIN,
getnsde2au.m.mega.nz,MegaUploadSites,0,3/19/2025,3/19/2025,,,,Intel::DOMAIN,
getnsde2au.mega.nz,MegaUploadSites,0,3/19/2025,3/19/2025,,,,Intel::DOMAIN,
getnsde2my.mega.nz,MegaUploadSites,0,3/19/2025,3/19/2025,,,,Intel::DOMAIN,
gewdv8.cn.mega.nz,MegaUploadSites,0,3/19/2025,3/19/2025,,,,Intel::DOMAIN,
gf.mega.nz,MegaUploadSites,0,3/19/2025,3/19/2025,,,,Intel::DOMAIN,
gf9981.com.mega.nz,MegaUploadSites,0,3/19/2025,3/19/2025,,,,Intel::DOMAIN,
gfs270n153.mega.nz,MegaUploadSites,0,3/19/2025,3/19/2025,,,,Intel::DOMAIN,
gfvmap.cn.mega.nz,MegaUploadSites,0,3/19/2025,3/19/2025,,,,Intel::DOMAIN,
gfx-gadvad.mega.nz,MegaUploadSites,0,3/19/2025,3/19/2025,,,,Intel::DOMAIN,
ggnet.mega.nz,MegaUploadSites,0,3/19/2025,3/19/2025,,,,Intel::DOMAIN,
ggoucnqwf0gz2tbplir4mpbcnb.mega.nz,MegaUploadSites,0,3/19/2025,3/19/2025,,,,Intel::DOMAIN,
ghostfacemask.mega.nz,MegaUploadSites,0,3/19/2025,3/19/2025,,,,Intel::DOMAIN,
gift.mega.nz,MegaUploadSites,0,3/19/2025,3/19/2025,,,,Intel::DOMAIN,
gime.mega.nz,MegaUploadSites,0,3/19/2025,3/19/2025,,,,Intel::DOMAIN,
ginkelbemmelen.nlnslu3.mega.nz,MegaUploadSites,0,3/19/2025,3/19/2025,,,,Intel::DOMAIN,
gixkleasurensde1.mega.nz,MegaUploadSites,0,3/19/2025,3/19/2025,,,,Intel::DOMAIN,
gjhfx2mrpldar0d0bxrsu23fag.mega.nz,MegaUploadSites,0,3/19/2025,3/19/2025,,,,Intel::DOMAIN,
gjxlpc.mega.nz,MegaUploadSites,0,3/19/2025,3/19/2025,,,,Intel::DOMAIN,
gk.mega.nz,MegaUploadSites,0,3/19/2025,3/19/2025,,,,Intel::DOMAIN,
gkjsbt.cn.mega.nz,MegaUploadSites,0,3/19/2025,3/19/2025,,,,Intel::DOMAIN,
gky17.net.cn.mega.nz,MegaUploadSites,0,3/19/2025,3/19/2025,,,,Intel::DOMAIN,
glitee.com.mega.nz,MegaUploadSites,0,3/19/2025,3/19/2025,,,,Intel::DOMAIN,
global.mega.nz,MegaUploadSites,0,3/19/2025,3/19/2025,,,,Intel::DOMAIN,
glonsde1-docs.m.mega.nz,MegaUploadSites,0,3/19/2025,3/19/2025,,,,Intel::DOMAIN,
glonsde1-docs.mega.nz,MegaUploadSites,0,3/19/2025,3/19/2025,,,,Intel::DOMAIN,
glonsde1-sso.mega.nz,MegaUploadSites,0,3/19/2025,3/19/2025,,,,Intel::DOMAIN,
glonsde1-vrrp.mega.nz,MegaUploadSites,0,3/19/2025,3/19/2025,,,,Intel::DOMAIN,
glonsde1.mega.nz,MegaUploadSites,0,3/19/2025,3/19/2025,,,,Intel::DOMAIN,
glonsde115.mega.nz,MegaUploadSites,0,3/19/2025,3/19/2025,,,,Intel::DOMAIN,
glonsde1emea.mega.nz,MegaUploadSites,0,3/19/2025,3/19/2025,,,,Intel::DOMAIN,
glonsde1poland.mega.nz,MegaUploadSites,0,3/19/2025,3/19/2025,,,,Intel::DOMAIN,
glonsde1search.mega.nz,MegaUploadSites,0,3/19/2025,3/19/2025,,,,Intel::DOMAIN,
gloriarand.mega.nz,MegaUploadSites,0,3/19/2025,3/19/2025,,,,Intel::DOMAIN,
gmail-smtp-in.l.mega.nz,MegaUploadSites,0,3/19/2025,3/19/2025,,,,Intel::DOMAIN,
gmatw.m.mega.nz,MegaUploadSites,0,3/19/2025,3/19/2025,,,,Intel::DOMAIN,
gmatw.mega.nz,MegaUploadSites,0,3/19/2025,3/19/2025,,,,Intel::DOMAIN,
gmhpo.cn.mega.nz,MegaUploadSites,0,3/19/2025,3/19/2025,,,,Intel::DOMAIN,
gmpw.mega.nz,MegaUploadSites,0,3/19/2025,3/19/2025,,,,Intel::DOMAIN,
gn.mega.nz,MegaUploadSites,0,3/19/2025,3/19/2025,,,,Intel::DOMAIN,
gnsde1.mega.nz,MegaUploadSites,0,3/19/2025,3/19/2025,,,,Intel::DOMAIN,
go.mega.nz,MegaUploadSites,0,3/19/2025,3/19/2025,,,,Intel::DOMAIN,
go.s.mega.nz,MegaUploadSites,0,3/19/2025,3/19/2025,,,,Intel::DOMAIN,
go5333.mega.nz,MegaUploadSites,0,3/19/2025,3/19/2025,,,,Intel::DOMAIN,
goa.mega.nz,MegaUploadSites,0,3/19/2025,3/19/2025,,,,Intel::DOMAIN,
goaralditnsde2.mega.nz,MegaUploadSites,0,3/19/2025,3/19/2025,,,,Intel::DOMAIN,
golf.contests.mega.nz,MegaUploadSites,0,3/19/2025,3/19/2025,,,,Intel::DOMAIN,
google.m.mega.nz,MegaUploadSites,0,3/19/2025,3/19/2025,,,,Intel::DOMAIN,
google.mega.nz,MegaUploadSites,0,3/19/2025,3/19/2025,,,,Intel::DOMAIN,
googleabs.g.mega.nz,MegaUploadSites,0,3/19/2025,3/19/2025,,,,Intel::DOMAIN,
googleapps.mega.nz,MegaUploadSites,0,3/19/2025,3/19/2025,,,,Intel::DOMAIN,
goseeme.cn.mega.nz,MegaUploadSites,0,3/19/2025,3/19/2025,,,,Intel::DOMAIN,
gr.mega.nz,MegaUploadSites,0,3/19/2025,3/19/2025,,,,Intel::DOMAIN,
grafana.z.mega.nz,MegaUploadSites,0,3/19/2025,3/19/2025,,,,Intel::DOMAIN,
grafolognsde1.mega.nz,MegaUploadSites,0,3/19/2025,3/19/2025,,,,Intel::DOMAIN,
grudge-pandemic.mega.nz,MegaUploadSites,0,3/19/2025,3/19/2025,,,,Intel::DOMAIN,
gs.mega.nz,MegaUploadSites,0,3/19/2025,3/19/2025,,,,Intel::DOMAIN,
gsa-online.de.mega.nz,MegaUploadSites,0,3/19/2025,3/19/2025,,,,Intel::DOMAIN,
gtljh.cn.mega.nz,MegaUploadSites,0,3/19/2025,3/19/2025,,,,Intel::DOMAIN,
gtweb.mega.nz,MegaUploadSites,0,3/19/2025,3/19/2025,,,,Intel::DOMAIN,
gtwonnsde1.mega.nz,MegaUploadSites,0,3/19/2025,3/19/2025,,,,Intel::DOMAIN,
guangdexing.cn.mega.nz,MegaUploadSites,0,3/19/2025,3/19/2025,,,,Intel::DOMAIN,
guangzhongdai.com.cn.mega.nz,MegaUploadSites,0,3/19/2025,3/19/2025,,,,Intel::DOMAIN,
guangzhoumingmei.com.mega.nz,MegaUploadSites,0,3/19/2025,3/19/2025,,,,Intel::DOMAIN,
guardsensde2.mega.nz,MegaUploadSites,0,3/19/2025,3/19/2025,,,,Intel::DOMAIN,
guardsnsde2.mega.nz,MegaUploadSites,0,3/19/2025,3/19/2025,,,,Intel::DOMAIN,
guialocal.mega.nz,MegaUploadSites,0,3/19/2025,3/19/2025,,,,Intel::DOMAIN,
guitarchords4all.m.mega.nz,MegaUploadSites,0,3/19/2025,3/19/2025,,,,Intel::DOMAIN,
guitarchords4all.mega.nz,MegaUploadSites,0,3/19/2025,3/19/2025,,,,Intel::DOMAIN,
gusubbs.cn.mega.nz,MegaUploadSites,0,3/19/2025,3/19/2025,,,,Intel::DOMAIN,
gusydn.cn.mega.nz,MegaUploadSites,0,3/19/2025,3/19/2025,,,,Intel::DOMAIN,
guys.mega.nz,MegaUploadSites,0,3/19/2025,3/19/2025,,,,Intel::DOMAIN,
gvivk.trade.mega.nz,MegaUploadSites,0,3/19/2025,3/19/2025,,,,Intel::DOMAIN,
gw.m.mega.nz,MegaUploadSites,0,3/19/2025,3/19/2025,,,,Intel::DOMAIN,
gw.mega.nz,MegaUploadSites,0,3/19/2025,3/19/2025,,,,Intel::DOMAIN,
gwq8lxarsu05udw.lib.mega.nz,MegaUploadSites,0,3/19/2025,3/19/2025,,,,Intel::DOMAIN,
gwwvr.cn.mega.nz,MegaUploadSites,0,3/19/2025,3/19/2025,,,,Intel::DOMAIN,
gxptzm.cn.mega.nz,MegaUploadSites,0,3/19/2025,3/19/2025,,,,Intel::DOMAIN,
gxzb.com.mega.nz,MegaUploadSites,0,3/19/2025,3/19/2025,,,,Intel::DOMAIN,
gylab.cn.mega.nz,MegaUploadSites,0,3/19/2025,3/19/2025,,,,Intel::DOMAIN,
gzsydk.cn.mega.nz,MegaUploadSites,0,3/19/2025,3/19/2025,,,,Intel::DOMAIN,
h-m.mega.nz,MegaUploadSites,0,3/19/2025,3/19/2025,,,,Intel::DOMAIN,
h.au.mega.nz,MegaUploadSites,0,3/19/2025,3/19/2025,,,,Intel::DOMAIN,
h.mega.nz,MegaUploadSites,0,3/19/2025,3/19/2025,,,,Intel::DOMAIN,
h061ijv.auto.mega.nz,MegaUploadSites,0,3/19/2025,3/19/2025,,,,Intel::DOMAIN,
h1.mega.nz,MegaUploadSites,0,3/19/2025,3/19/2025,,,,Intel::DOMAIN,
h1pr08.cn.mega.nz,MegaUploadSites,0,3/19/2025,3/19/2025,,,,Intel::DOMAIN,
h2.cms.mega.nz,MegaUploadSites,0,3/19/2025,3/19/2025,,,,Intel::DOMAIN,
h2.mega.nz,MegaUploadSites,0,3/19/2025,3/19/2025,,,,Intel::DOMAIN,
h5.mega.nz,MegaUploadSites,0,3/19/2025,3/19/2025,,,,Intel::DOMAIN,
h73n9vskmx.s.mega.nz,MegaUploadSites,0,3/19/2025,3/19/2025,,,,Intel::DOMAIN,
h8.mega.nz,MegaUploadSites,0,3/19/2025,3/19/2025,,,,Intel::DOMAIN,
hac.mega.nz,MegaUploadSites,0,3/19/2025,3/19/2025,,,,Intel::DOMAIN,
haeeo.faith.mega.nz,MegaUploadSites,0,3/19/2025,3/19/2025,,,,Intel::DOMAIN,
handcransnz1.m.mega.nz,MegaUploadSites,0,3/19/2025,3/19/2025,,,,Intel::DOMAIN,
handcransnz1.mega.nz,MegaUploadSites,0,3/19/2025,3/19/2025,,,,Intel::DOMAIN,
handy.mega.nz,MegaUploadSites,0,3/19/2025,3/19/2025,,,,Intel::DOMAIN,
hasya.9.mega.nz,MegaUploadSites,0,3/19/2025,3/19/2025,,,,Intel::DOMAIN,
haven.mega.nz,MegaUploadSites,0,3/19/2025,3/19/2025,,,,Intel::DOMAIN,
hd.mega.nz,MegaUploadSites,0,3/19/2025,3/19/2025,,,,Intel::DOMAIN,
healthfox.p.mega.nz,MegaUploadSites,0,3/19/2025,3/19/2025,,,,Intel::DOMAIN,
heartofthnsde1.mega.nz,MegaUploadSites,0,3/19/2025,3/19/2025,,,,Intel::DOMAIN,
hejiyule.cms.mega.nz,MegaUploadSites,0,3/19/2025,3/19/2025,,,,Intel::DOMAIN,
hekafinance.mega.nz,MegaUploadSites,0,3/19/2025,3/19/2025,,,,Intel::DOMAIN,
helavirus.mega.nz,MegaUploadSites,0,3/19/2025,3/19/2025,,,,Intel::DOMAIN,
help-readiness.m.mega.nz,MegaUploadSites,0,3/19/2025,3/19/2025,,,,Intel::DOMAIN,
help-readiness.mega.nz,MegaUploadSites,0,3/19/2025,3/19/2025,,,,Intel::DOMAIN,
help.m.mega.nz,MegaUploadSites,0,3/19/2025,3/19/2025,,,,Intel::DOMAIN,
help.mega.nz,MegaUploadSites,0,3/19/2025,3/19/2025,,,,Intel::DOMAIN,
help15.mega.nz,MegaUploadSites,0,3/19/2025,3/19/2025,,,,Intel::DOMAIN,
helpproduction.mega.nz,MegaUploadSites,0,3/19/2025,3/19/2025,,,,Intel::DOMAIN,
helpstopthevirus.mega.nz,MegaUploadSites,0,3/19/2025,3/19/2025,,,,Intel::DOMAIN,
helpw.mega.nz,MegaUploadSites,0,3/19/2025,3/19/2025,,,,Intel::DOMAIN,
henlius.cn.mega.nz,MegaUploadSites,0,3/19/2025,3/19/2025,,,,Intel::DOMAIN,
henna.mega.nz,MegaUploadSites,0,3/19/2025,3/19/2025,,,,Intel::DOMAIN,
herbertfletcheapi.mega.nz,MegaUploadSites,0,3/19/2025,3/19/2025,,,,Intel::DOMAIN,
hexzj.cn.mega.nz,MegaUploadSites,0,3/19/2025,3/19/2025,,,,Intel::DOMAIN,
hfcah.cn.mega.nz,MegaUploadSites,0,3/19/2025,3/19/2025,,,,Intel::DOMAIN,
hfchongwu.net.mega.nz,MegaUploadSites,0,3/19/2025,3/19/2025,,,,Intel::DOMAIN,
hft-ic.com.mega.nz,MegaUploadSites,0,3/19/2025,3/19/2025,,,,Intel::DOMAIN,
hg.mega.nz,MegaUploadSites,0,3/19/2025,3/19/2025,,,,Intel::DOMAIN,
hg9krddbtuf1k1b.de.mega.nz,MegaUploadSites,0,3/19/2025,3/19/2025,,,,Intel::DOMAIN,
hgbh3b7jj.ru.mega.nz,MegaUploadSites,0,3/19/2025,3/19/2025,,,,Intel::DOMAIN,
hgfqn.cn.mega.nz,MegaUploadSites,0,3/19/2025,3/19/2025,,,,Intel::DOMAIN,
hi57d.trade.mega.nz,MegaUploadSites,0,3/19/2025,3/19/2025,,,,Intel::DOMAIN,
hidden.is.a.mega.nz,MegaUploadSites,0,3/19/2025,3/19/2025,,,,Intel::DOMAIN,
hilja.mega.nz,MegaUploadSites,0,3/19/2025,3/19/2025,,,,Intel::DOMAIN,
hipstersound.r.mega.nz,MegaUploadSites,0,3/19/2025,3/19/2025,,,,Intel::DOMAIN,
hirons.mega.nz,MegaUploadSites,0,3/19/2025,3/19/2025,,,,Intel::DOMAIN,
hiwoprb1ee.cit.mega.nz,MegaUploadSites,0,3/19/2025,3/19/2025,,,,Intel::DOMAIN,
hjmayorazgo.mega.nz,MegaUploadSites,0,3/19/2025,3/19/2025,,,,Intel::DOMAIN,
hjuqr.cn.mega.nz,MegaUploadSites,0,3/19/2025,3/19/2025,,,,Intel::DOMAIN,
hk.ru.mega.nz,MegaUploadSites,0,3/19/2025,3/19/2025,,,,Intel::DOMAIN,
hkg.mega.nz,MegaUploadSites,0,3/19/2025,3/19/2025,,,,Intel::DOMAIN,
hl5pkatucefclwii4otaablvaf.mega.nz,MegaUploadSites,0,3/19/2025,3/19/2025,,,,Intel::DOMAIN,
hm456.com.mega.nz,MegaUploadSites,0,3/19/2025,3/19/2025,,,,Intel::DOMAIN,
hmvky.cn.mega.nz,MegaUploadSites,0,3/19/2025,3/19/2025,,,,Intel::DOMAIN,
hokies.mega.nz,MegaUploadSites,0,3/19/2025,3/19/2025,,,,Intel::DOMAIN,
holbrookassocnsde2.mega.nz,MegaUploadSites,0,3/19/2025,3/19/2025,,,,Intel::DOMAIN,
holisticlearners.3.mega.nz,MegaUploadSites,0,3/19/2025,3/19/2025,,,,Intel::DOMAIN,
hollandskroon.t.mega.nz,MegaUploadSites,0,3/19/2025,3/19/2025,,,,Intel::DOMAIN,
holstensnz2.mega.nz,MegaUploadSites,0,3/19/2025,3/19/2025,,,,Intel::DOMAIN,
home.canslu1.mega.nz,MegaUploadSites,0,3/19/2025,3/19/2025,,,,Intel::DOMAIN,
hoodedpo.m.mega.nz,MegaUploadSites,0,3/19/2025,3/19/2025,,,,Intel::DOMAIN,
hoodedpo.mega.nz,MegaUploadSites,0,3/19/2025,3/19/2025,,,,Intel::DOMAIN,
horror.3.mega.nz,MegaUploadSites,0,3/19/2025,3/19/2025,,,,Intel::DOMAIN,
horror.5.mega.nz,MegaUploadSites,0,3/19/2025,3/19/2025,,,,Intel::DOMAIN,
host-1.cms.mega.nz,MegaUploadSites,0,3/19/2025,3/19/2025,,,,Intel::DOMAIN,
host.b.mega.nz,MegaUploadSites,0,3/19/2025,3/19/2025,,,,Intel::DOMAIN,
host.m.mega.nz,MegaUploadSites,0,3/19/2025,3/19/2025,,,,Intel::DOMAIN,
host.mega.nz,MegaUploadSites,0,3/19/2025,3/19/2025,,,,Intel::DOMAIN,
host148.cms.mega.nz,MegaUploadSites,0,3/19/2025,3/19/2025,,,,Intel::DOMAIN,
host157.cms.mega.nz,MegaUploadSites,0,3/19/2025,3/19/2025,,,,Intel::DOMAIN,
hostmaster.mega.nz,MegaUploadSites,0,3/19/2025,3/19/2025,,,,Intel::DOMAIN,
howard.mega.nz,MegaUploadSites,0,3/19/2025,3/19/2025,,,,Intel::DOMAIN,
howliving.mega.nz,MegaUploadSites,0,3/19/2025,3/19/2025,,,,Intel::DOMAIN,
hp.mega.nz,MegaUploadSites,0,3/19/2025,3/19/2025,,,,Intel::DOMAIN,
hpktcb.mega.nz,MegaUploadSites,0,3/19/2025,3/19/2025,,,,Intel::DOMAIN,
hppete.mega.nz,MegaUploadSites,0,3/19/2025,3/19/2025,,,,Intel::DOMAIN,
hrmaskin.mega.nz,MegaUploadSites,0,3/19/2025,3/19/2025,,,,Intel::DOMAIN,
hrz.mega.nz,MegaUploadSites,0,3/19/2025,3/19/2025,,,,Intel::DOMAIN,
hs.mega.nz,MegaUploadSites,0,3/19/2025,3/19/2025,,,,Intel::DOMAIN,
hsc.mega.nz,MegaUploadSites,0,3/19/2025,3/19/2025,,,,Intel::DOMAIN,
hse.rss.mega.nz,MegaUploadSites,0,3/19/2025,3/19/2025,,,,Intel::DOMAIN,
hsenidmobilnsnz2.mega.nz,MegaUploadSites,0,3/19/2025,3/19/2025,,,,Intel::DOMAIN,
htaapps.p.mega.nz,MegaUploadSites,0,3/19/2025,3/19/2025,,,,Intel::DOMAIN,
htjjj.cn.mega.nz,MegaUploadSites,0,3/19/2025,3/19/2025,,,,Intel::DOMAIN,
htnnj.mega.nz,MegaUploadSites,0,3/19/2025,3/19/2025,,,,Intel::DOMAIN,
http-m-goal-com.0.mega.nz,MegaUploadSites,0,3/19/2025,3/19/2025,,,,Intel::DOMAIN,
http-m-wattpad-com.0.mega.nz,MegaUploadSites,0,3/19/2025,3/19/2025,,,,Intel::DOMAIN,
http.m.mega.nz,MegaUploadSites,0,3/19/2025,3/19/2025,,,,Intel::DOMAIN,
http.mega.nz,MegaUploadSites,0,3/19/2025,3/19/2025,,,,Intel::DOMAIN,
https-en-m-wikipedia-org.0.mega.nz,MegaUploadSites,0,3/19/2025,3/19/2025,,,,Intel::DOMAIN,
https.m.mega.nz,MegaUploadSites,0,3/19/2025,3/19/2025,,,,Intel::DOMAIN,
https.mega.nz,MegaUploadSites,0,3/19/2025,3/19/2025,,,,Intel::DOMAIN,
https.www.mega.nz,MegaUploadSites,0,3/19/2025,3/19/2025,,,,Intel::DOMAIN,
hu.mask.mega.nz,MegaUploadSites,0,3/19/2025,3/19/2025,,,,Intel::DOMAIN,
huaneng-cn.com.mega.nz,MegaUploadSites,0,3/19/2025,3/19/2025,,,,Intel::DOMAIN,
hubeibocaiwang.cms.mega.nz,MegaUploadSites,0,3/19/2025,3/19/2025,,,,Intel::DOMAIN,
hughie.mega.nz,MegaUploadSites,0,3/19/2025,3/19/2025,,,,Intel::DOMAIN,
hulpopafstand.mega.nz,MegaUploadSites,0,3/19/2025,3/19/2025,,,,Intel::DOMAIN,
huolong1688.com.mega.nz,MegaUploadSites,0,3/19/2025,3/19/2025,,,,Intel::DOMAIN,
hvo4u.faith.mega.nz,MegaUploadSites,0,3/19/2025,3/19/2025,,,,Intel::DOMAIN,
hw.mega.nz,MegaUploadSites,0,3/19/2025,3/19/2025,,,,Intel::DOMAIN,
hxlaw.cn.mega.nz,MegaUploadSites,0,3/19/2025,3/19/2025,,,,Intel::DOMAIN,
hz.mega.nz,MegaUploadSites,0,3/19/2025,3/19/2025,,,,Intel::DOMAIN,
hzformetal.com.mega.nz,MegaUploadSites,0,3/19/2025,3/19/2025,,,,Intel::DOMAIN,
hzjpbfs.cn.mega.nz,MegaUploadSites,0,3/19/2025,3/19/2025,,,,Intel::DOMAIN,
i-obmennsnz1.mega.nz,MegaUploadSites,0,3/19/2025,3/19/2025,,,,Intel::DOMAIN,
i.49.mega.nz,MegaUploadSites,0,3/19/2025,3/19/2025,,,,Intel::DOMAIN,
i.m.mega.nz,MegaUploadSites,0,3/19/2025,3/19/2025,,,,Intel::DOMAIN,
i.mega.nz,MegaUploadSites,0,3/19/2025,3/19/2025,,,,Intel::DOMAIN,
i07-22.mega.nz,MegaUploadSites,0,3/19/2025,3/19/2025,,,,Intel::DOMAIN,
i0j2g7c8zm.s.mega.nz,MegaUploadSites,0,3/19/2025,3/19/2025,,,,Intel::DOMAIN,
i1.mega.nz,MegaUploadSites,0,3/19/2025,3/19/2025,,,,Intel::DOMAIN,
i2.mega.nz,MegaUploadSites,0,3/19/2025,3/19/2025,,,,Intel::DOMAIN,
i3-profile-877088.c.mega.nz,MegaUploadSites,0,3/19/2025,3/19/2025,,,,Intel::DOMAIN,
i4iyajawa0pl4k1oagrimkawif.mega.nz,MegaUploadSites,0,3/19/2025,3/19/2025,,,,Intel::DOMAIN,
i5.mega.nz,MegaUploadSites,0,3/19/2025,3/19/2025,,,,Intel::DOMAIN,
i6d.tw.mega.nz,MegaUploadSites,0,3/19/2025,3/19/2025,,,,Intel::DOMAIN,
ia.mega.nz,MegaUploadSites,0,3/19/2025,3/19/2025,,,,Intel::DOMAIN,
iaszu.cn.mega.nz,MegaUploadSites,0,3/19/2025,3/19/2025,,,,Intel::DOMAIN,
ibualiya.mega.nz,MegaUploadSites,0,3/19/2025,3/19/2025,,,,Intel::DOMAIN,
ic.31.mega.nz,MegaUploadSites,0,3/19/2025,3/19/2025,,,,Intel::DOMAIN,
icehua.net.mega.nz,MegaUploadSites,0,3/19/2025,3/19/2025,,,,Intel::DOMAIN,
icemask.mega.nz,MegaUploadSites,0,3/19/2025,3/19/2025,,,,Intel::DOMAIN,
icloud.a.mega.nz,MegaUploadSites,0,3/19/2025,3/19/2025,,,,Intel::DOMAIN,
icpeprodwus2.p.mega.nz,MegaUploadSites,0,3/19/2025,3/19/2025,,,,Intel::DOMAIN,
idrnsnz2.m.mega.nz,MegaUploadSites,0,3/19/2025,3/19/2025,,,,Intel::DOMAIN,
idrnsnz2.mega.nz,MegaUploadSites,0,3/19/2025,3/19/2025,,,,Intel::DOMAIN,
ie.6.mega.nz,MegaUploadSites,0,3/19/2025,3/19/2025,,,,Intel::DOMAIN,
ieljy.cn.mega.nz,MegaUploadSites,0,3/19/2025,3/19/2025,,,,Intel::DOMAIN,
iems.p.mega.nz,MegaUploadSites,0,3/19/2025,3/19/2025,,,,Intel::DOMAIN,
iennsnz2.mega.nz,MegaUploadSites,0,3/19/2025,3/19/2025,,,,Intel::DOMAIN,
iet3.com.cn.mega.nz,MegaUploadSites,0,3/19/2025,3/19/2025,,,,Intel::DOMAIN,
ifchmj.cn.mega.nz,MegaUploadSites,0,3/19/2025,3/19/2025,,,,Intel::DOMAIN,
iggjvl.m.mega.nz,MegaUploadSites,0,3/19/2025,3/19/2025,,,,Intel::DOMAIN,
iggjvl.mega.nz,MegaUploadSites,0,3/19/2025,3/19/2025,,,,Intel::DOMAIN,
igoie.cn.mega.nz,MegaUploadSites,0,3/19/2025,3/19/2025,,,,Intel::DOMAIN,
ihecnsde2.mega.nz,MegaUploadSites,0,3/19/2025,3/19/2025,,,,Intel::DOMAIN,
iimahd.mega.nz,MegaUploadSites,0,3/19/2025,3/19/2025,,,,Intel::DOMAIN,
iksxk.cn.mega.nz,MegaUploadSites,0,3/19/2025,3/19/2025,,,,Intel::DOMAIN,
ileyf.cn.mega.nz,MegaUploadSites,0,3/19/2025,3/19/2025,,,,Intel::DOMAIN,
illicitsex.2.mega.nz,MegaUploadSites,0,3/19/2025,3/19/2025,,,,Intel::DOMAIN,
im.mega.nz,MegaUploadSites,0,3/19/2025,3/19/2025,,,,Intel::DOMAIN,
im1.mega.nz,MegaUploadSites,0,3/19/2025,3/19/2025,,,,Intel::DOMAIN,
image-cache.b0.mega.nz,MegaUploadSites,0,3/19/2025,3/19/2025,,,,Intel::DOMAIN,
imagecache.g.mega.nz,MegaUploadSites,0,3/19/2025,3/19/2025,,,,Intel::DOMAIN,
imagens.mega.nz,MegaUploadSites,0,3/19/2025,3/19/2025,,,,Intel::DOMAIN,
images.mega.nz,MegaUploadSites,0,3/19/2025,3/19/2025,,,,Intel::DOMAIN,
imap.m.mega.nz,MegaUploadSites,0,3/19/2025,3/19/2025,,,,Intel::DOMAIN,
imap.mega.nz,MegaUploadSites,0,3/19/2025,3/19/2025,,,,Intel::DOMAIN,
imaskar.mega.nz,MegaUploadSites,0,3/19/2025,3/19/2025,,,,Intel::DOMAIN,
img.m.mega.nz,MegaUploadSites,0,3/19/2025,3/19/2025,,,,Intel::DOMAIN,
img2.cms.mega.nz,MegaUploadSites,0,3/19/2025,3/19/2025,,,,Intel::DOMAIN,
img4-eccrm-1.mega.nz,MegaUploadSites,0,3/19/2025,3/19/2025,,,,Intel::DOMAIN,
immobilinsnz2.mega.nz,MegaUploadSites,0,3/19/2025,3/19/2025,,,,Intel::DOMAIN,
impactss.8.mega.nz,MegaUploadSites,0,3/19/2025,3/19/2025,,,,Intel::DOMAIN,
ind.1.mega.nz,MegaUploadSites,0,3/19/2025,3/19/2025,,,,Intel::DOMAIN,
indieberries.mega.nz,MegaUploadSites,0,3/19/2025,3/19/2025,,,,Intel::DOMAIN,
industrialperminsnz1.mega.nz,MegaUploadSites,0,3/19/2025,3/19/2025,,,,Intel::DOMAIN,
infeccionesporhongoslibro.mega.nz,MegaUploadSites,0,3/19/2025,3/19/2025,,,,Intel::DOMAIN,
infonet.mega.nz,MegaUploadSites,0,3/19/2025,3/19/2025,,,,Intel::DOMAIN,
inkubator.mega.nz,MegaUploadSites,0,3/19/2025,3/19/2025,,,,Intel::DOMAIN,
innaer-siwang.com.mega.nz,MegaUploadSites,0,3/19/2025,3/19/2025,,,,Intel::DOMAIN,
innslu3.mega.nz,MegaUploadSites,0,3/19/2025,3/19/2025,,,,Intel::DOMAIN,
insnsde2.mega.nz,MegaUploadSites,0,3/19/2025,3/19/2025,,,,Intel::DOMAIN,
intbrands.t.mega.nz,MegaUploadSites,0,3/19/2025,3/19/2025,,,,Intel::DOMAIN,
intellitunes.mega.nz,MegaUploadSites,0,3/19/2025,3/19/2025,,,,Intel::DOMAIN,
internationalwebposnsde2.mega.nz,MegaUploadSites,0,3/19/2025,3/19/2025,,,,Intel::DOMAIN,
interviewgyannsnz2.m.mega.nz,MegaUploadSites,0,3/19/2025,3/19/2025,,,,Intel::DOMAIN,
interviewgyannsnz2.mega.nz,MegaUploadSites,0,3/19/2025,3/19/2025,,,,Intel::DOMAIN,
intime.mega.nz,MegaUploadSites,0,3/19/2025,3/19/2025,,,,Intel::DOMAIN,
invjj3stkhbdltxrs2qau3nxnb.mega.nz,MegaUploadSites,0,3/19/2025,3/19/2025,,,,Intel::DOMAIN,
ip-193-nsde1.mega.nz,MegaUploadSites,0,3/19/2025,3/19/2025,,,,Intel::DOMAIN,
ip.m.mega.nz,MegaUploadSites,0,3/19/2025,3/19/2025,,,,Intel::DOMAIN,
ip.mega.nz,MegaUploadSites,0,3/19/2025,3/19/2025,,,,Intel::DOMAIN,
ip102.mega.nz,MegaUploadSites,0,3/19/2025,3/19/2025,,,,Intel::DOMAIN,
ip204.cms.mega.nz,MegaUploadSites,0,3/19/2025,3/19/2025,,,,Intel::DOMAIN,
ip233.cms.mega.nz,MegaUploadSites,0,3/19/2025,3/19/2025,,,,Intel::DOMAIN,
ip39.mega.nz,MegaUploadSites,0,3/19/2025,3/19/2025,,,,Intel::DOMAIN,
ip52.mega.nz,MegaUploadSites,0,3/19/2025,3/19/2025,,,,Intel::DOMAIN,
ip90.mega.nz,MegaUploadSites,0,3/19/2025,3/19/2025,,,,Intel::DOMAIN,
ipcaw.1.mega.nz,MegaUploadSites,0,3/19/2025,3/19/2025,,,,Intel::DOMAIN,
ipv6.mega.nz,MegaUploadSites,0,3/19/2025,3/19/2025,,,,Intel::DOMAIN,
irf.mega.nz,MegaUploadSites,0,3/19/2025,3/19/2025,,,,Intel::DOMAIN,
irk.mega.nz,MegaUploadSites,0,3/19/2025,3/19/2025,,,,Intel::DOMAIN,
irt.mega.nz,MegaUploadSites,0,3/19/2025,3/19/2025,,,,Intel::DOMAIN,
is-cdn1.c.mega.nz,MegaUploadSites,0,3/19/2025,3/19/2025,,,,Intel::DOMAIN,
is-dcs04.marin.cc.mega.nz,MegaUploadSites,0,3/19/2025,3/19/2025,,,,Intel::DOMAIN,
is.mega.nz,MegaUploadSites,0,3/19/2025,3/19/2025,,,,Intel::DOMAIN,
isteel.mega.nz,MegaUploadSites,0,3/19/2025,3/19/2025,,,,Intel::DOMAIN,
it.3.mega.nz,MegaUploadSites,0,3/19/2025,3/19/2025,,,,Intel::DOMAIN,
it.4.mega.nz,MegaUploadSites,0,3/19/2025,3/19/2025,,,,Intel::DOMAIN,
itactinternational.s.mega.nz,MegaUploadSites,0,3/19/2025,3/19/2025,,,,Intel::DOMAIN,
itsm.mega.nz,MegaUploadSites,0,3/19/2025,3/19/2025,,,,Intel::DOMAIN,
iuiu.org.cn.mega.nz,MegaUploadSites,0,3/19/2025,3/19/2025,,,,Intel::DOMAIN,
iwiw.org.cn.mega.nz,MegaUploadSites,0,3/19/2025,3/19/2025,,,,Intel::DOMAIN,
ixm14itveacf2lvpxdr0bgfgsa.mega.nz,MegaUploadSites,0,3/19/2025,3/19/2025,,,,Intel::DOMAIN,
iyrez.cn.mega.nz,MegaUploadSites,0,3/19/2025,3/19/2025,,,,Intel::DOMAIN,
j.ac.ru.mega.nz,MegaUploadSites,0,3/19/2025,3/19/2025,,,,Intel::DOMAIN,
j.mega.nz,MegaUploadSites,0,3/19/2025,3/19/2025,,,,Intel::DOMAIN,
j1.mega.nz,MegaUploadSites,0,3/19/2025,3/19/2025,,,,Intel::DOMAIN,
j2.mega.nz,MegaUploadSites,0,3/19/2025,3/19/2025,,,,Intel::DOMAIN,
j2aa2.trade.mega.nz,MegaUploadSites,0,3/19/2025,3/19/2025,,,,Intel::DOMAIN,
j3.mega.nz,MegaUploadSites,0,3/19/2025,3/19/2025,,,,Intel::DOMAIN,
j4xzk1.academyoflionnsnz2.mega.nz,MegaUploadSites,0,3/19/2025,3/19/2025,,,,Intel::DOMAIN,
ja.3.mega.nz,MegaUploadSites,0,3/19/2025,3/19/2025,,,,Intel::DOMAIN,
ja.4.mega.nz,MegaUploadSites,0,3/19/2025,3/19/2025,,,,Intel::DOMAIN,
ja.mega.nz,MegaUploadSites,0,3/19/2025,3/19/2025,,,,Intel::DOMAIN,
ja.w.mega.nz,MegaUploadSites,0,3/19/2025,3/19/2025,,,,Intel::DOMAIN,
jaguar.mega.nz,MegaUploadSites,0,3/19/2025,3/19/2025,,,,Intel::DOMAIN,
jamespond.t.mega.nz,MegaUploadSites,0,3/19/2025,3/19/2025,,,,Intel::DOMAIN,
jane.cms.mega.nz,MegaUploadSites,0,3/19/2025,3/19/2025,,,,Intel::DOMAIN,
janine.mega.nz,MegaUploadSites,0,3/19/2025,3/19/2025,,,,Intel::DOMAIN,
japanweststage.m.mega.nz,MegaUploadSites,0,3/19/2025,3/19/2025,,,,Intel::DOMAIN,
japanweststage.mega.nz,MegaUploadSites,0,3/19/2025,3/19/2025,,,,Intel::DOMAIN,
javbnsde1.mega.nz,MegaUploadSites,0,3/19/2025,3/19/2025,,,,Intel::DOMAIN,
jazz-festival-jm.s.a.mega.nz,MegaUploadSites,0,3/19/2025,3/19/2025,,,,Intel::DOMAIN,
jcinsnz2.mega.nz,MegaUploadSites,0,3/19/2025,3/19/2025,,,,Intel::DOMAIN,
jd201.cn.mega.nz,MegaUploadSites,0,3/19/2025,3/19/2025,,,,Intel::DOMAIN,
jdr-group.co.mega.nz,MegaUploadSites,0,3/19/2025,3/19/2025,,,,Intel::DOMAIN,
je8u6y7c.ac.ru.mega.nz,MegaUploadSites,0,3/19/2025,3/19/2025,,,,Intel::DOMAIN,
jedi.mega.nz,MegaUploadSites,0,3/19/2025,3/19/2025,,,,Intel::DOMAIN,
jhhir.cn.mega.nz,MegaUploadSites,0,3/19/2025,3/19/2025,,,,Intel::DOMAIN,
jimgnsde1.mega.nz,MegaUploadSites,0,3/19/2025,3/19/2025,,,,Intel::DOMAIN,
jingchengguoji.cms.mega.nz,MegaUploadSites,0,3/19/2025,3/19/2025,,,,Intel::DOMAIN,
jira.hc.mega.nz,MegaUploadSites,0,3/19/2025,3/19/2025,,,,Intel::DOMAIN,
jira.u.mega.nz,MegaUploadSites,0,3/19/2025,3/19/2025,,,,Intel::DOMAIN,
jishibifenwang.cms.mega.nz,MegaUploadSites,0,3/19/2025,3/19/2025,,,,Intel::DOMAIN,
jjgrq45reuqld5rkyiquauvr4b.mega.nz,MegaUploadSites,0,3/19/2025,3/19/2025,,,,Intel::DOMAIN,
jk.bz.mega.nz,MegaUploadSites,0,3/19/2025,3/19/2025,,,,Intel::DOMAIN,
jkofficesupplynsde2.m.mega.nz,MegaUploadSites,0,3/19/2025,3/19/2025,,,,Intel::DOMAIN,
jkofficesupplynsde2.mega.nz,MegaUploadSites,0,3/19/2025,3/19/2025,,,,Intel::DOMAIN,
jlanta.mega.nz,MegaUploadSites,0,3/19/2025,3/19/2025,,,,Intel::DOMAIN,
jlkovht2q0ytre.net.mega.nz,MegaUploadSites,0,3/19/2025,3/19/2025,,,,Intel::DOMAIN,
jmac.mega.nz,MegaUploadSites,0,3/19/2025,3/19/2025,,,,Intel::DOMAIN,
jnjxgm.com.mega.nz,MegaUploadSites,0,3/19/2025,3/19/2025,,,,Intel::DOMAIN,
jnsde1.m.mega.nz,MegaUploadSites,0,3/19/2025,3/19/2025,,,,Intel::DOMAIN,
jnsde1.mega.nz,MegaUploadSites,0,3/19/2025,3/19/2025,,,,Intel::DOMAIN,
jnsde2.mega.nz,MegaUploadSites,0,3/19/2025,3/19/2025,,,,Intel::DOMAIN,
jnsnz2.m.mega.nz,MegaUploadSites,0,3/19/2025,3/19/2025,,,,Intel::DOMAIN,
jnsnz2.mega.nz,MegaUploadSites,0,3/19/2025,3/19/2025,,,,Intel::DOMAIN,
jnydfh.com.mega.nz,MegaUploadSites,0,3/19/2025,3/19/2025,,,,Intel::DOMAIN,
jo.mega.nz,MegaUploadSites,0,3/19/2025,3/19/2025,,,,Intel::DOMAIN,
joh.users.k.mega.nz,MegaUploadSites,0,3/19/2025,3/19/2025,,,,Intel::DOMAIN,
john.cms.mega.nz,MegaUploadSites,0,3/19/2025,3/19/2025,,,,Intel::DOMAIN,
josephalnsde2.mega.nz,MegaUploadSites,0,3/19/2025,3/19/2025,,,,Intel::DOMAIN,
joy.g.mega.nz,MegaUploadSites,0,3/19/2025,3/19/2025,,,,Intel::DOMAIN,
joytimes.net.mega.nz,MegaUploadSites,0,3/19/2025,3/19/2025,,,,Intel::DOMAIN,
jp.mega.nz,MegaUploadSites,0,3/19/2025,3/19/2025,,,,Intel::DOMAIN,
jp1all4185aziyn.a.mega.nz,MegaUploadSites,0,3/19/2025,3/19/2025,,,,Intel::DOMAIN,
jpcnsnz1.m.mega.nz,MegaUploadSites,0,3/19/2025,3/19/2025,,,,Intel::DOMAIN,
jpcnsnz1.mega.nz,MegaUploadSites,0,3/19/2025,3/19/2025,,,,Intel::DOMAIN,
jqk.a.mega.nz,MegaUploadSites,0,3/19/2025,3/19/2025,,,,Intel::DOMAIN,
jrneto2247.mega.nz,MegaUploadSites,0,3/19/2025,3/19/2025,,,,Intel::DOMAIN,
jrpuw.cn.mega.nz,MegaUploadSites,0,3/19/2025,3/19/2025,,,,Intel::DOMAIN,
js1.mega.nz,MegaUploadSites,0,3/19/2025,3/19/2025,,,,Intel::DOMAIN,
jsjytz.net.mega.nz,MegaUploadSites,0,3/19/2025,3/19/2025,,,,Intel::DOMAIN,
jsk-ppd.a.mega.nz,MegaUploadSites,0,3/19/2025,3/19/2025,,,,Intel::DOMAIN,
jsk-prd.a.mega.nz,MegaUploadSites,0,3/19/2025,3/19/2025,,,,Intel::DOMAIN,
jsp.mega.nz,MegaUploadSites,0,3/19/2025,3/19/2025,,,,Intel::DOMAIN,
jssaio.com.mega.nz,MegaUploadSites,0,3/19/2025,3/19/2025,,,,Intel::DOMAIN,
ju-lu.net.mega.nz,MegaUploadSites,0,3/19/2025,3/19/2025,,,,Intel::DOMAIN,
julielindahl.m.mega.nz,MegaUploadSites,0,3/19/2025,3/19/2025,,,,Intel::DOMAIN,
julielindahl.mega.nz,MegaUploadSites,0,3/19/2025,3/19/2025,,,,Intel::DOMAIN,
junespecialstodayonnsde2.mega.nz,MegaUploadSites,0,3/19/2025,3/19/2025,,,,Intel::DOMAIN,
junkemainsde2.mega.nz,MegaUploadSites,0,3/19/2025,3/19/2025,,,,Intel::DOMAIN,
junkemansde2.mega.nz,MegaUploadSites,0,3/19/2025,3/19/2025,,,,Intel::DOMAIN,
junnsde2.mega.nz,MegaUploadSites,0,3/19/2025,3/19/2025,,,,Intel::DOMAIN,
just-fatamorgana.mega.nz,MegaUploadSites,0,3/19/2025,3/19/2025,,,,Intel::DOMAIN,
jv.mega.nz,MegaUploadSites,0,3/19/2025,3/19/2025,,,,Intel::DOMAIN,
jx.mega.nz,MegaUploadSites,0,3/19/2025,3/19/2025,,,,Intel::DOMAIN,
jx5dgb.trk.mega.nz,MegaUploadSites,0,3/19/2025,3/19/2025,,,,Intel::DOMAIN,
jxzpkx.net.mega.nz,MegaUploadSites,0,3/19/2025,3/19/2025,,,,Intel::DOMAIN,
jyghyzx12306.com.mega.nz,MegaUploadSites,0,3/19/2025,3/19/2025,,,,Intel::DOMAIN,
jyosou.5.mega.nz,MegaUploadSites,0,3/19/2025,3/19/2025,,,,Intel::DOMAIN,
jzwelcome.com.mega.nz,MegaUploadSites,0,3/19/2025,3/19/2025,,,,Intel::DOMAIN,
k.a.mega.nz,MegaUploadSites,0,3/19/2025,3/19/2025,,,,Intel::DOMAIN,
k.mega.nz,MegaUploadSites,0,3/19/2025,3/19/2025,,,,Intel::DOMAIN,
k20v02uy2.ti.mega.nz,MegaUploadSites,0,3/19/2025,3/19/2025,,,,Intel::DOMAIN,
k8.mega.nz,MegaUploadSites,0,3/19/2025,3/19/2025,,,,Intel::DOMAIN,
k8vif92e-5a803917d451868f482680cf98d1972c13f6dd27-sac.d.aa.mega.nz,MegaUploadSites,0,3/19/2025,3/19/2025,,,,Intel::DOMAIN,
ka.mega.nz,MegaUploadSites,0,3/19/2025,3/19/2025,,,,Intel::DOMAIN,
kaikaist.com.mega.nz,MegaUploadSites,0,3/19/2025,3/19/2025,,,,Intel::DOMAIN,
kalinin.64.mega.nz,MegaUploadSites,0,3/19/2025,3/19/2025,,,,Intel::DOMAIN,
kalyanamelanslu3.mega.nz,MegaUploadSites,0,3/19/2025,3/19/2025,,,,Intel::DOMAIN,
kamalmisran.mega.nz,MegaUploadSites,0,3/19/2025,3/19/2025,,,,Intel::DOMAIN,
kansde2.m.mega.nz,MegaUploadSites,0,3/19/2025,3/19/2025,,,,Intel::DOMAIN,
kansde2.mega.nz,MegaUploadSites,0,3/19/2025,3/19/2025,,,,Intel::DOMAIN,
karere-1-1-0.mega.nz,MegaUploadSites,0,3/19/2025,3/19/2025,,,,Intel::DOMAIN,
karere-cn.mega.nz,MegaUploadSites,0,3/19/2025,3/19/2025,,,,Intel::DOMAIN,
karere-in.mega.nz,MegaUploadSites,0,3/19/2025,3/19/2025,,,,Intel::DOMAIN,
karere-march.m.mega.nz,MegaUploadSites,0,3/19/2025,3/19/2025,,,,Intel::DOMAIN,
karere-march.mega.nz,MegaUploadSites,0,3/19/2025,3/19/2025,,,,Intel::DOMAIN,
karere-notify.mega.nz,MegaUploadSites,0,3/19/2025,3/19/2025,,,,Intel::DOMAIN,
karere-pantheon.mega.nz,MegaUploadSites,0,3/19/2025,3/19/2025,,,,Intel::DOMAIN,
karere.m.mega.nz,MegaUploadSites,0,3/19/2025,3/19/2025,,,,Intel::DOMAIN,
karerecms1.mega.nz,MegaUploadSites,0,3/19/2025,3/19/2025,,,,Intel::DOMAIN,
karsporcdn.r.mega.nz,MegaUploadSites,0,3/19/2025,3/19/2025,,,,Intel::DOMAIN,
kavoshfilm.mega.nz,MegaUploadSites,0,3/19/2025,3/19/2025,,,,Intel::DOMAIN,
kb.mega.nz,MegaUploadSites,0,3/19/2025,3/19/2025,,,,Intel::DOMAIN,
kcb.mega.nz,MegaUploadSites,0,3/19/2025,3/19/2025,,,,Intel::DOMAIN,
keespopinga.mega.nz,MegaUploadSites,0,3/19/2025,3/19/2025,,,,Intel::DOMAIN,
kelloggnsde1.mega.nz,MegaUploadSites,0,3/19/2025,3/19/2025,,,,Intel::DOMAIN,
kelnsde1.m.mega.nz,MegaUploadSites,0,3/19/2025,3/19/2025,,,,Intel::DOMAIN,
kelnsde1.mega.nz,MegaUploadSites,0,3/19/2025,3/19/2025,,,,Intel::DOMAIN,
kemerovo.42.mega.nz,MegaUploadSites,0,3/19/2025,3/19/2025,,,,Intel::DOMAIN,
kesum.mega.nz,MegaUploadSites,0,3/19/2025,3/19/2025,,,,Intel::DOMAIN,
kevin.mega.nz,MegaUploadSites,0,3/19/2025,3/19/2025,,,,Intel::DOMAIN,
keys.mega.nz,MegaUploadSites,0,3/19/2025,3/19/2025,,,,Intel::DOMAIN,
kfs-2.p.mega.nz,MegaUploadSites,0,3/19/2025,3/19/2025,,,,Intel::DOMAIN,
kg.mega.nz,MegaUploadSites,0,3/19/2025,3/19/2025,,,,Intel::DOMAIN,
kilvnsnz2.mega.nz,MegaUploadSites,0,3/19/2025,3/19/2025,,,,Intel::DOMAIN,
kimiafarmansde1.mega.nz,MegaUploadSites,0,3/19/2025,3/19/2025,,,,Intel::DOMAIN,
kinkyday-127.m.mega.nz,MegaUploadSites,0,3/19/2025,3/19/2025,,,,Intel::DOMAIN,
kinkyday-127.mega.nz,MegaUploadSites,0,3/19/2025,3/19/2025,,,,Intel::DOMAIN,
kinkyday-australiasoutheaststage.m.mega.nz,MegaUploadSites,0,3/19/2025,3/19/2025,,,,Intel::DOMAIN,
kinkyday-australiasoutheaststage.mega.nz,MegaUploadSites,0,3/19/2025,3/19/2025,,,,Intel::DOMAIN,
kinkyday-az.mega.nz,MegaUploadSites,0,3/19/2025,3/19/2025,,,,Intel::DOMAIN,
kinkyday-h.mega.nz,MegaUploadSites,0,3/19/2025,3/19/2025,,,,Intel::DOMAIN,
kinkyday-out.mega.nz,MegaUploadSites,0,3/19/2025,3/19/2025,,,,Intel::DOMAIN,
kinkyday-server.m.mega.nz,MegaUploadSites,0,3/19/2025,3/19/2025,,,,Intel::DOMAIN,
kinkyday-server.mega.nz,MegaUploadSites,0,3/19/2025,3/19/2025,,,,Intel::DOMAIN,
kinkyday-turkey.mega.nz,MegaUploadSites,0,3/19/2025,3/19/2025,,,,Intel::DOMAIN,
kinkyday.mega.nz,MegaUploadSites,0,3/19/2025,3/19/2025,,,,Intel::DOMAIN,
kinkydaybr.mega.nz,MegaUploadSites,0,3/19/2025,3/19/2025,,,,Intel::DOMAIN,
kirovsk.78.mega.nz,MegaUploadSites,0,3/19/2025,3/19/2025,,,,Intel::DOMAIN,
kisbrannsnz2.m.mega.nz,MegaUploadSites,0,3/19/2025,3/19/2025,,,,Intel::DOMAIN,
kisbrannsnz2.mega.nz,MegaUploadSites,0,3/19/2025,3/19/2025,,,,Intel::DOMAIN,
kissforx.1.mega.nz,MegaUploadSites,0,3/19/2025,3/19/2025,,,,Intel::DOMAIN,
kjj.mega.nz,MegaUploadSites,0,3/19/2025,3/19/2025,,,,Intel::DOMAIN,
kkkond0s0g5pcdqms5ruhuymfd.mega.nz,MegaUploadSites,0,3/19/2025,3/19/2025,,,,Intel::DOMAIN,
kkns4ag917zgtxb.joomla.mega.nz,MegaUploadSites,0,3/19/2025,3/19/2025,,,,Intel::DOMAIN,
kkowg.cn.mega.nz,MegaUploadSites,0,3/19/2025,3/19/2025,,,,Intel::DOMAIN,
kmdistance.mega.nz,MegaUploadSites,0,3/19/2025,3/19/2025,,,,Intel::DOMAIN,
knbse.cn.mega.nz,MegaUploadSites,0,3/19/2025,3/19/2025,,,,Intel::DOMAIN,
knoblauch.mega.nz,MegaUploadSites,0,3/19/2025,3/19/2025,,,,Intel::DOMAIN,
koala.cms.mega.nz,MegaUploadSites,0,3/19/2025,3/19/2025,,,,Intel::DOMAIN,
kor.mega.nz,MegaUploadSites,0,3/19/2025,3/19/2025,,,,Intel::DOMAIN,
korona-na-monetach.mega.nz,MegaUploadSites,0,3/19/2025,3/19/2025,,,,Intel::DOMAIN,
korona.mega.nz,MegaUploadSites,0,3/19/2025,3/19/2025,,,,Intel::DOMAIN,
koronaii.mega.nz,MegaUploadSites,0,3/19/2025,3/19/2025,,,,Intel::DOMAIN,
koronakrolow.vod.mega.nz,MegaUploadSites,0,3/19/2025,3/19/2025,,,,Intel::DOMAIN,
kp.mega.nz,MegaUploadSites,0,3/19/2025,3/19/2025,,,,Intel::DOMAIN,
kq.pda.mega.nz,MegaUploadSites,0,3/19/2025,3/19/2025,,,,Intel::DOMAIN,
kqlet.cn.mega.nz,MegaUploadSites,0,3/19/2025,3/19/2025,,,,Intel::DOMAIN,
kr-cms.mega.nz,MegaUploadSites,0,3/19/2025,3/19/2025,,,,Intel::DOMAIN,
krxji.cn.mega.nz,MegaUploadSites,0,3/19/2025,3/19/2025,,,,Intel::DOMAIN,
ks.mega.nz,MegaUploadSites,0,3/19/2025,3/19/2025,,,,Intel::DOMAIN,
ksipnistere.mega.nz,MegaUploadSites,0,3/19/2025,3/19/2025,,,,Intel::DOMAIN,
kumaskagitmakas.mega.nz,MegaUploadSites,0,3/19/2025,3/19/2025,,,,Intel::DOMAIN,
kunstimuuseum.mega.nz,MegaUploadSites,0,3/19/2025,3/19/2025,,,,Intel::DOMAIN,
kvquc.cn.mega.nz,MegaUploadSites,0,3/19/2025,3/19/2025,,,,Intel::DOMAIN,
kwing.mega.nz,MegaUploadSites,0,3/19/2025,3/19/2025,,,,Intel::DOMAIN,
kx0p5bzxjhu1mzn3deqizjj0da.m.mega.nz,MegaUploadSites,0,3/19/2025,3/19/2025,,,,Intel::DOMAIN,
kx0p5bzxjhu1mzn3deqizjj0da.mega.nz,MegaUploadSites,0,3/19/2025,3/19/2025,,,,Intel::DOMAIN,
kxoirvf25u3r9.m.mega.nz,MegaUploadSites,0,3/19/2025,3/19/2025,,,,Intel::DOMAIN,
kymk.co.mega.nz,MegaUploadSites,0,3/19/2025,3/19/2025,,,,Intel::DOMAIN,
kymq.co.mega.nz,MegaUploadSites,0,3/19/2025,3/19/2025,,,,Intel::DOMAIN,
kynf.co.mega.nz,MegaUploadSites,0,3/19/2025,3/19/2025,,,,Intel::DOMAIN,
kynh.co.mega.nz,MegaUploadSites,0,3/19/2025,3/19/2025,,,,Intel::DOMAIN,
kynk.co.mega.nz,MegaUploadSites,0,3/19/2025,3/19/2025,,,,Intel::DOMAIN,
kynm.co.mega.nz,MegaUploadSites,0,3/19/2025,3/19/2025,,,,Intel::DOMAIN,
kyns.co.mega.nz,MegaUploadSites,0,3/19/2025,3/19/2025,,,,Intel::DOMAIN,
kynt.co.mega.nz,MegaUploadSites,0,3/19/2025,3/19/2025,,,,Intel::DOMAIN,
kynx.co.mega.nz,MegaUploadSites,0,3/19/2025,3/19/2025,,,,Intel::DOMAIN,
kynz.co.mega.nz,MegaUploadSites,0,3/19/2025,3/19/2025,,,,Intel::DOMAIN,
kypc.co.mega.nz,MegaUploadSites,0,3/19/2025,3/19/2025,,,,Intel::DOMAIN,
kypf.co.mega.nz,MegaUploadSites,0,3/19/2025,3/19/2025,,,,Intel::DOMAIN,
kypg.co.mega.nz,MegaUploadSites,0,3/19/2025,3/19/2025,,,,Intel::DOMAIN,
kypq.co.mega.nz,MegaUploadSites,0,3/19/2025,3/19/2025,,,,Intel::DOMAIN,
kypr.co.mega.nz,MegaUploadSites,0,3/19/2025,3/19/2025,,,,Intel::DOMAIN,
kypx.co.mega.nz,MegaUploadSites,0,3/19/2025,3/19/2025,,,,Intel::DOMAIN,
kyq.ac.ru.mega.nz,MegaUploadSites,0,3/19/2025,3/19/2025,,,,Intel::DOMAIN,
kyqz.co.mega.nz,MegaUploadSites,0,3/19/2025,3/19/2025,,,,Intel::DOMAIN,
kyrd.co.mega.nz,MegaUploadSites,0,3/19/2025,3/19/2025,,,,Intel::DOMAIN,
kyrf.co.mega.nz,MegaUploadSites,0,3/19/2025,3/19/2025,,,,Intel::DOMAIN,
kyrltqhrghhodexrroqcmvqxdb-games.mega.nz,MegaUploadSites,0,3/19/2025,3/19/2025,,,,Intel::DOMAIN,
kyrltqhrghhodexrroqcmvqxdb-id.m.mega.nz,MegaUploadSites,0,3/19/2025,3/19/2025,,,,Intel::DOMAIN,
kyrltqhrghhodexrroqcmvqxdb-id.mega.nz,MegaUploadSites,0,3/19/2025,3/19/2025,,,,Intel::DOMAIN,
kyrltqhrghhodexrroqcmvqxdb-temp.mega.nz,MegaUploadSites,0,3/19/2025,3/19/2025,,,,Intel::DOMAIN,
kyrltqhrghhodexrroqcmvqxdb.mega.nz,MegaUploadSites,0,3/19/2025,3/19/2025,,,,Intel::DOMAIN,
kyrltqhrghhodexrroqcmvqxdbbc.mega.nz,MegaUploadSites,0,3/19/2025,3/19/2025,,,,Intel::DOMAIN,
kyrltqhrghhodexrroqcmvqxdbbilling.mega.nz,MegaUploadSites,0,3/19/2025,3/19/2025,,,,Intel::DOMAIN,
kysg.co.mega.nz,MegaUploadSites,0,3/19/2025,3/19/2025,,,,Intel::DOMAIN,
kysn.co.mega.nz,MegaUploadSites,0,3/19/2025,3/19/2025,,,,Intel::DOMAIN,
kysr.co.mega.nz,MegaUploadSites,0,3/19/2025,3/19/2025,,,,Intel::DOMAIN,
kzbkdl81.bacsnetnsde1mail.mega.nz,MegaUploadSites,0,3/19/2025,3/19/2025,,,,Intel::DOMAIN,
kzbook.mega.nz,MegaUploadSites,0,3/19/2025,3/19/2025,,,,Intel::DOMAIN,
l.mega.nz,MegaUploadSites,0,3/19/2025,3/19/2025,,,,Intel::DOMAIN,
l0vxs2txdri4xwtpcnqq05synb.mega.nz,MegaUploadSites,0,3/19/2025,3/19/2025,,,,Intel::DOMAIN,
l1.mega.nz,MegaUploadSites,0,3/19/2025,3/19/2025,,,,Intel::DOMAIN,
la.mega.nz,MegaUploadSites,0,3/19/2025,3/19/2025,,,,Intel::DOMAIN,
lab.mega.nz,MegaUploadSites,0,3/19/2025,3/19/2025,,,,Intel::DOMAIN,
labor.1.mega.nz,MegaUploadSites,0,3/19/2025,3/19/2025,,,,Intel::DOMAIN,
lacouronne.mega.nz,MegaUploadSites,0,3/19/2025,3/19/2025,,,,Intel::DOMAIN,
lakeride.2.mega.nz,MegaUploadSites,0,3/19/2025,3/19/2025,,,,Intel::DOMAIN,
larryf.mega.nz,MegaUploadSites,0,3/19/2025,3/19/2025,,,,Intel::DOMAIN,
larryo.mega.nz,MegaUploadSites,0,3/19/2025,3/19/2025,,,,Intel::DOMAIN,
lasertopchina.com.mega.nz,MegaUploadSites,0,3/19/2025,3/19/2025,,,,Intel::DOMAIN,
lassnsnz1.mega.nz,MegaUploadSites,0,3/19/2025,3/19/2025,,,,Intel::DOMAIN,
latinamerica.mega.nz,MegaUploadSites,0,3/19/2025,3/19/2025,,,,Intel::DOMAIN,
lbc.mega.nz,MegaUploadSites,0,3/19/2025,3/19/2025,,,,Intel::DOMAIN,
lc.mega.nz,MegaUploadSites,0,3/19/2025,3/19/2025,,,,Intel::DOMAIN,
leanne.mega.nz,MegaUploadSites,0,3/19/2025,3/19/2025,,,,Intel::DOMAIN,
lebpjesuhwtadm14qxqikzo0rc.mega.nz,MegaUploadSites,0,3/19/2025,3/19/2025,,,,Intel::DOMAIN,
ledroitcriminel.mega.nz,MegaUploadSites,0,3/19/2025,3/19/2025,,,,Intel::DOMAIN,
leeminho.cn.mega.nz,MegaUploadSites,0,3/19/2025,3/19/2025,,,,Intel::DOMAIN,
leenss.cn.mega.nz,MegaUploadSites,0,3/19/2025,3/19/2025,,,,Intel::DOMAIN,
legacy.mega.nz,MegaUploadSites,0,3/19/2025,3/19/2025,,,,Intel::DOMAIN,
letaodaigou.com.mega.nz,MegaUploadSites,0,3/19/2025,3/19/2025,,,,Intel::DOMAIN,
letsencrypt.22.mega.nz,MegaUploadSites,0,3/19/2025,3/19/2025,,,,Intel::DOMAIN,
lexiangquancheng.com.mega.nz,MegaUploadSites,0,3/19/2025,3/19/2025,,,,Intel::DOMAIN,
lexus.mega.nz,MegaUploadSites,0,3/19/2025,3/19/2025,,,,Intel::DOMAIN,
lfrgy.cn.mega.nz,MegaUploadSites,0,3/19/2025,3/19/2025,,,,Intel::DOMAIN,
lhc08.com.mega.nz,MegaUploadSites,0,3/19/2025,3/19/2025,,,,Intel::DOMAIN,
libra.mega.nz,MegaUploadSites,0,3/19/2025,3/19/2025,,,,Intel::DOMAIN,
liddlepeansnz2.mega.nz,MegaUploadSites,0,3/19/2025,3/19/2025,,,,Intel::DOMAIN,
lifeeditor.mega.nz,MegaUploadSites,0,3/19/2025,3/19/2025,,,,Intel::DOMAIN,
lifencooking.a0.mega.nz,MegaUploadSites,0,3/19/2025,3/19/2025,,,,Intel::DOMAIN,
lifestyle.cms.mega.nz,MegaUploadSites,0,3/19/2025,3/19/2025,,,,Intel::DOMAIN,
lijiatsg.com.mega.nz,MegaUploadSites,0,3/19/2025,3/19/2025,,,,Intel::DOMAIN,
lims.mega.nz,MegaUploadSites,0,3/19/2025,3/19/2025,,,,Intel::DOMAIN,
lincoln.mega.nz,MegaUploadSites,0,3/19/2025,3/19/2025,,,,Intel::DOMAIN,
link.sg.mega.nz,MegaUploadSites,0,3/19/2025,3/19/2025,,,,Intel::DOMAIN,
linsde2.mega.nz,MegaUploadSites,0,3/19/2025,3/19/2025,,,,Intel::DOMAIN,
linsnz2.mega.nz,MegaUploadSites,0,3/19/2025,3/19/2025,,,,Intel::DOMAIN,
linuxkionsde2.mega.nz,MegaUploadSites,0,3/19/2025,3/19/2025,,,,Intel::DOMAIN,
linuxkiosnsde2.mega.nz,MegaUploadSites,0,3/19/2025,3/19/2025,,,,Intel::DOMAIN,
liofm.cn.mega.nz,MegaUploadSites,0,3/19/2025,3/19/2025,,,,Intel::DOMAIN,
lipmanhearne.mega.nz,MegaUploadSites,0,3/19/2025,3/19/2025,,,,Intel::DOMAIN,
lisaj.mega.nz,MegaUploadSites,0,3/19/2025,3/19/2025,,,,Intel::DOMAIN,
litruknsnz2.mega.nz,MegaUploadSites,0,3/19/2025,3/19/2025,,,,Intel::DOMAIN,
littlewonsnz1.m.mega.nz,MegaUploadSites,0,3/19/2025,3/19/2025,,,,Intel::DOMAIN,
littlewonsnz1.mega.nz,MegaUploadSites,0,3/19/2025,3/19/2025,,,,Intel::DOMAIN,
liuli.mega.nz,MegaUploadSites,0,3/19/2025,3/19/2025,,,,Intel::DOMAIN,
ljrrth.cn.mega.nz,MegaUploadSites,0,3/19/2025,3/19/2025,,,,Intel::DOMAIN,
lk.mega.nz,MegaUploadSites,0,3/19/2025,3/19/2025,,,,Intel::DOMAIN,
lljaf.cn.mega.nz,MegaUploadSites,0,3/19/2025,3/19/2025,,,,Intel::DOMAIN,
lmig.mega.nz,MegaUploadSites,0,3/19/2025,3/19/2025,,,,Intel::DOMAIN,
lmoslliikifubnsde1.mega.nz,MegaUploadSites,0,3/19/2025,3/19/2025,,,,Intel::DOMAIN,
lngvu4swuuoltzm2x0twip1r3e.mega.nz,MegaUploadSites,0,3/19/2025,3/19/2025,,,,Intel::DOMAIN,
lnsde1.mega.nz,MegaUploadSites,0,3/19/2025,3/19/2025,,,,Intel::DOMAIN,
lnsde2.mega.nz,MegaUploadSites,0,3/19/2025,3/19/2025,,,,Intel::DOMAIN,
lo0-1.dl-core2.mega.nz,MegaUploadSites,0,3/19/2025,3/19/2025,,,,Intel::DOMAIN,
localhost.megasyncloopback.mega.nz,MegaUploadSites,0,3/19/2025,3/19/2025,,,,Intel::DOMAIN,
localhost.save-file.mega.nz,MegaUploadSites,0,3/19/2025,3/19/2025,,,,Intel::DOMAIN,
lockdownteam.mega.nz,MegaUploadSites,0,3/19/2025,3/19/2025,,,,Intel::DOMAIN,
logger-docs.mega.nz,MegaUploadSites,0,3/19/2025,3/19/2025,,,,Intel::DOMAIN,
login.m.mega.nz,MegaUploadSites,0,3/19/2025,3/19/2025,,,,Intel::DOMAIN,
login.mega.nz,MegaUploadSites,0,3/19/2025,3/19/2025,,,,Intel::DOMAIN,
logs-stats.mega.nz,MegaUploadSites,0,3/19/2025,3/19/2025,,,,Intel::DOMAIN,
logs.j.mega.nz,MegaUploadSites,0,3/19/2025,3/19/2025,,,,Intel::DOMAIN,
longhudouyouxi.cms.mega.nz,MegaUploadSites,0,3/19/2025,3/19/2025,,,,Intel::DOMAIN,
lonsde1.mega.nz,MegaUploadSites,0,3/19/2025,3/19/2025,,,,Intel::DOMAIN,
lotus-n-peacocks.mega.nz,MegaUploadSites,0,3/19/2025,3/19/2025,,,,Intel::DOMAIN,
lp-senatnsnz1.mega.nz,MegaUploadSites,0,3/19/2025,3/19/2025,,,,Intel::DOMAIN,
lp.mega.nz,MegaUploadSites,0,3/19/2025,3/19/2025,,,,Intel::DOMAIN,
lr.mega.nz,MegaUploadSites,0,3/19/2025,3/19/2025,,,,Intel::DOMAIN,
lr3fe.faith.mega.nz,MegaUploadSites,0,3/19/2025,3/19/2025,,,,Intel::DOMAIN,
lslgawfn9av66.app.mega.nz,MegaUploadSites,0,3/19/2025,3/19/2025,,,,Intel::DOMAIN,
ltzg001.com.mega.nz,MegaUploadSites,0,3/19/2025,3/19/2025,,,,Intel::DOMAIN,
lu.mega.nz,MegaUploadSites,0,3/19/2025,3/19/2025,,,,Intel::DOMAIN,
lu0.api.mega.nz,MegaUploadSites,0,3/19/2025,3/19/2025,,,,Intel::DOMAIN,
lu1.api.mega.nz,MegaUploadSites,0,3/19/2025,3/19/2025,,,,Intel::DOMAIN,
lu2.api.m.mega.nz,MegaUploadSites,0,3/19/2025,3/19/2025,,,,Intel::DOMAIN,
lu2.api.mega.nz,MegaUploadSites,0,3/19/2025,3/19/2025,,,,Intel::DOMAIN,
lu3.api.mega.nz,MegaUploadSites,0,3/19/2025,3/19/2025,,,,Intel::DOMAIN,
lu4.api.m.mega.nz,MegaUploadSites,0,3/19/2025,3/19/2025,,,,Intel::DOMAIN,
lu4.api.mega.nz,MegaUploadSites,0,3/19/2025,3/19/2025,,,,Intel::DOMAIN,
lu5.api.m.mega.nz,MegaUploadSites,0,3/19/2025,3/19/2025,,,,Intel::DOMAIN,
lu5.api.mega.nz,MegaUploadSites,0,3/19/2025,3/19/2025,,,,Intel::DOMAIN,
lu6.api.m.mega.nz,MegaUploadSites,0,3/19/2025,3/19/2025,,,,Intel::DOMAIN,
lu6.api.mega.nz,MegaUploadSites,0,3/19/2025,3/19/2025,,,,Intel::DOMAIN,
lu7.api.mega.nz,MegaUploadSites,0,3/19/2025,3/19/2025,,,,Intel::DOMAIN,
lulu456.com.mega.nz,MegaUploadSites,0,3/19/2025,3/19/2025,,,,Intel::DOMAIN,
lumiconsde1.mega.nz,MegaUploadSites,0,3/19/2025,3/19/2025,,,,Intel::DOMAIN,
lunaasocinsnz2.mega.nz,MegaUploadSites,0,3/19/2025,3/19/2025,,,,Intel::DOMAIN,
lvh.mega.nz,MegaUploadSites,0,3/19/2025,3/19/2025,,,,Intel::DOMAIN,
lxuafv.cn.mega.nz,MegaUploadSites,0,3/19/2025,3/19/2025,,,,Intel::DOMAIN,
lynccnac.mega.nz,MegaUploadSites,0,3/19/2025,3/19/2025,,,,Intel::DOMAIN,
lyncdiscover.be.mega.nz,MegaUploadSites,0,3/19/2025,3/19/2025,,,,Intel::DOMAIN,
lyncdiscover.ca.mega.nz,MegaUploadSites,0,3/19/2025,3/19/2025,,,,Intel::DOMAIN,
lz.cms.mega.nz,MegaUploadSites,0,3/19/2025,3/19/2025,,,,Intel::DOMAIN,
lz5lded71xn.z.mega.nz,MegaUploadSites,0,3/19/2025,3/19/2025,,,,Intel::DOMAIN,
lzins.cn.mega.nz,MegaUploadSites,0,3/19/2025,3/19/2025,,,,Intel::DOMAIN,
lzshucai.com.mega.nz,MegaUploadSites,0,3/19/2025,3/19/2025,,,,Intel::DOMAIN,
m.0.mega.nz,MegaUploadSites,0,3/19/2025,3/19/2025,,,,Intel::DOMAIN,
m.9.mega.nz,MegaUploadSites,0,3/19/2025,3/19/2025,,,,Intel::DOMAIN,
m.cod-servicebyharleymassimokorona.mega.nz,MegaUploadSites,0,3/19/2025,3/19/2025,,,,Intel::DOMAIN,
m.distance.mega.nz,MegaUploadSites,0,3/19/2025,3/19/2025,,,,Intel::DOMAIN,
m.e.mega.nz,MegaUploadSites,0,3/19/2025,3/19/2025,,,,Intel::DOMAIN,
m.ladistance.mega.nz,MegaUploadSites,0,3/19/2025,3/19/2025,,,,Intel::DOMAIN,
m.m.mega.nz,MegaUploadSites,0,3/19/2025,3/19/2025,,,,Intel::DOMAIN,
m.mega.nz,MegaUploadSites,0,3/19/2025,3/19/2025,,,,Intel::DOMAIN,
m.o.mega.nz,MegaUploadSites,0,3/19/2025,3/19/2025,,,,Intel::DOMAIN,
m.sapporovaccine.mega.nz,MegaUploadSites,0,3/19/2025,3/19/2025,,,,Intel::DOMAIN,
m.tutor.mega.nz,MegaUploadSites,0,3/19/2025,3/19/2025,,,,Intel::DOMAIN,
m.tv.mega.nz,MegaUploadSites,0,3/19/2025,3/19/2025,,,,Intel::DOMAIN,
m3.mega.nz,MegaUploadSites,0,3/19/2025,3/19/2025,,,,Intel::DOMAIN,
m3intra.mega.nz,MegaUploadSites,0,3/19/2025,3/19/2025,,,,Intel::DOMAIN,
m9.mega.nz,MegaUploadSites,0,3/19/2025,3/19/2025,,,,Intel::DOMAIN,
ma-video5.mega.nz,MegaUploadSites,0,3/19/2025,3/19/2025,,,,Intel::DOMAIN,
ma.mega.nz,MegaUploadSites,0,3/19/2025,3/19/2025,,,,Intel::DOMAIN,
macostarnsnz1.mega.nz,MegaUploadSites,0,3/19/2025,3/19/2025,,,,Intel::DOMAIN,
madatansde1.mega.nz,MegaUploadSites,0,3/19/2025,3/19/2025,,,,Intel::DOMAIN,
mag.mega.nz,MegaUploadSites,0,3/19/2025,3/19/2025,,,,Intel::DOMAIN,
magneticmemorymethodcom.r.mega.nz,MegaUploadSites,0,3/19/2025,3/19/2025,,,,Intel::DOMAIN,
maianquan.com.mega.nz,MegaUploadSites,0,3/19/2025,3/19/2025,,,,Intel::DOMAIN,
mail-218.215.mega.nz,MegaUploadSites,0,3/19/2025,3/19/2025,,,,Intel::DOMAIN,
mail-oi1-f179.mega.nz,MegaUploadSites,0,3/19/2025,3/19/2025,,,,Intel::DOMAIN,
mail.0.mega.nz,MegaUploadSites,0,3/19/2025,3/19/2025,,,,Intel::DOMAIN,
mail.53.mega.nz,MegaUploadSites,0,3/19/2025,3/19/2025,,,,Intel::DOMAIN,
mail.77.mega.nz,MegaUploadSites,0,3/19/2025,3/19/2025,,,,Intel::DOMAIN,
mail.a.mega.nz,MegaUploadSites,0,3/19/2025,3/19/2025,,,,Intel::DOMAIN,
mail.api.mega.nz,MegaUploadSites,0,3/19/2025,3/19/2025,,,,Intel::DOMAIN,
mail.c.mega.nz,MegaUploadSites,0,3/19/2025,3/19/2025,,,,Intel::DOMAIN,
mail.mega.nz,MegaUploadSites,0,3/19/2025,3/19/2025,,,,Intel::DOMAIN,
mail.metronews.mega.nz,MegaUploadSites,0,3/19/2025,3/19/2025,,,,Intel::DOMAIN,
mail.xn--2lwp1y.mega.nz,MegaUploadSites,0,3/19/2025,3/19/2025,,,,Intel::DOMAIN,
mail01.mega.nz,MegaUploadSites,0,3/19/2025,3/19/2025,,,,Intel::DOMAIN,
mail1.m.mega.nz,MegaUploadSites,0,3/19/2025,3/19/2025,,,,Intel::DOMAIN,
mail18.mega.nz,MegaUploadSites,0,3/19/2025,3/19/2025,,,,Intel::DOMAIN,
mail2.9.mega.nz,MegaUploadSites,0,3/19/2025,3/19/2025,,,,Intel::DOMAIN,
mail2.b.mega.nz,MegaUploadSites,0,3/19/2025,3/19/2025,,,,Intel::DOMAIN,
mail6.mail.mega.nz,MegaUploadSites,0,3/19/2025,3/19/2025,,,,Intel::DOMAIN,
mailin1.a.mega.nz,MegaUploadSites,0,3/19/2025,3/19/2025,,,,Intel::DOMAIN,
mailin1.b.mega.nz,MegaUploadSites,0,3/19/2025,3/19/2025,,,,Intel::DOMAIN,
mailin1.e.mega.nz,MegaUploadSites,0,3/19/2025,3/19/2025,,,,Intel::DOMAIN,
mailin2.0.mega.nz,MegaUploadSites,0,3/19/2025,3/19/2025,,,,Intel::DOMAIN,
mailin2.a.mega.nz,MegaUploadSites,0,3/19/2025,3/19/2025,,,,Intel::DOMAIN,
mailin2.b.mega.nz,MegaUploadSites,0,3/19/2025,3/19/2025,,,,Intel::DOMAIN,
mailin2.m.mega.nz,MegaUploadSites,0,3/19/2025,3/19/2025,,,,Intel::DOMAIN,
mailserv01.mega.nz,MegaUploadSites,0,3/19/2025,3/19/2025,,,,Intel::DOMAIN,
mailserver.0.mega.nz,MegaUploadSites,0,3/19/2025,3/19/2025,,,,Intel::DOMAIN,
mailserver.a.mega.nz,MegaUploadSites,0,3/19/2025,3/19/2025,,,,Intel::DOMAIN,
mailserver.e.mega.nz,MegaUploadSites,0,3/19/2025,3/19/2025,,,,Intel::DOMAIN,
mailserver.m.mega.nz,MegaUploadSites,0,3/19/2025,3/19/2025,,,,Intel::DOMAIN,
malayalamscinema.mega.nz,MegaUploadSites,0,3/19/2025,3/19/2025,,,,Intel::DOMAIN,
mamaskruemel.mega.nz,MegaUploadSites,0,3/19/2025,3/19/2025,,,,Intel::DOMAIN,
mammon.mega.nz,MegaUploadSites,0,3/19/2025,3/19/2025,,,,Intel::DOMAIN,
manage.o.mega.nz,MegaUploadSites,0,3/19/2025,3/19/2025,,,,Intel::DOMAIN,
manansnz2.mega.nz,MegaUploadSites,0,3/19/2025,3/19/2025,,,,Intel::DOMAIN,
mansnz1.mega.nz,MegaUploadSites,0,3/19/2025,3/19/2025,,,,Intel::DOMAIN,
maps.google.com.place.63.64545n45n45-62.n567755.1z.mega.nz,MegaUploadSites,0,3/19/2025,3/19/2025,,,,Intel::DOMAIN,
marinebiotechdus.mega.nz,MegaUploadSites,0,3/19/2025,3/19/2025,,,,Intel::DOMAIN,
mark6.mega.nz,MegaUploadSites,0,3/19/2025,3/19/2025,,,,Intel::DOMAIN,
marte.cms.mega.nz,MegaUploadSites,0,3/19/2025,3/19/2025,,,,Intel::DOMAIN,
mascara-tutankhamon-microsite.mega.nz,MegaUploadSites,0,3/19/2025,3/19/2025,,,,Intel::DOMAIN,
mascara.mega.nz,MegaUploadSites,0,3/19/2025,3/19/2025,,,,Intel::DOMAIN,
mask11.mega.nz,MegaUploadSites,0,3/19/2025,3/19/2025,,,,Intel::DOMAIN,
mask5.mega.nz,MegaUploadSites,0,3/19/2025,3/19/2025,,,,Intel::DOMAIN,
maska.mega.nz,MegaUploadSites,0,3/19/2025,3/19/2025,,,,Intel::DOMAIN,
maskdelily.blog.mega.nz,MegaUploadSites,0,3/19/2025,3/19/2025,,,,Intel::DOMAIN,
maskdorei.blog66.mega.nz,MegaUploadSites,0,3/19/2025,3/19/2025,,,,Intel::DOMAIN,
masked-tk.mega.nz,MegaUploadSites,0,3/19/2025,3/19/2025,,,,Intel::DOMAIN,
maskedcoder.mega.nz,MegaUploadSites,0,3/19/2025,3/19/2025,,,,Intel::DOMAIN,
maskedrider.mega.nz,MegaUploadSites,0,3/19/2025,3/19/2025,,,,Intel::DOMAIN,
maskeko.mega.nz,MegaUploadSites,0,3/19/2025,3/19/2025,,,,Intel::DOMAIN,
maskepphajhosszabbitas.mega.nz,MegaUploadSites,0,3/19/2025,3/19/2025,,,,Intel::DOMAIN,
maskerkulit.mega.nz,MegaUploadSites,0,3/19/2025,3/19/2025,,,,Intel::DOMAIN,
maskfishing.blog73.mega.nz,MegaUploadSites,0,3/19/2025,3/19/2025,,,,Intel::DOMAIN,
maskil.mega.nz,MegaUploadSites,0,3/19/2025,3/19/2025,,,,Intel::DOMAIN,
maskingbodysuits.mega.nz,MegaUploadSites,0,3/19/2025,3/19/2025,,,,Intel::DOMAIN,
maskingdom.mega.nz,MegaUploadSites,0,3/19/2025,3/19/2025,,,,Intel::DOMAIN,
maskkwon.mega.nz,MegaUploadSites,0,3/19/2025,3/19/2025,,,,Intel::DOMAIN,
maskman626.mega.nz,MegaUploadSites,0,3/19/2025,3/19/2025,,,,Intel::DOMAIN,
maskofgoblin.mega.nz,MegaUploadSites,0,3/19/2025,3/19/2025,,,,Intel::DOMAIN,
maskofreason.mega.nz,MegaUploadSites,0,3/19/2025,3/19/2025,,,,Intel::DOMAIN,
maskomobilya.mega.nz,MegaUploadSites,0,3/19/2025,3/19/2025,,,,Intel::DOMAIN,
maskomuter.mega.nz,MegaUploadSites,0,3/19/2025,3/19/2025,,,,Intel::DOMAIN,
maskpoke.mega.nz,MegaUploadSites,0,3/19/2025,3/19/2025,,,,Intel::DOMAIN,
maskrtnici.mega.nz,MegaUploadSites,0,3/19/2025,3/19/2025,,,,Intel::DOMAIN,
maskurmuslim.mega.nz,MegaUploadSites,0,3/19/2025,3/19/2025,,,,Intel::DOMAIN,
matriculas.mega.nz,MegaUploadSites,0,3/19/2025,3/19/2025,,,,Intel::DOMAIN,
mavis.mega.nz,MegaUploadSites,0,3/19/2025,3/19/2025,,,,Intel::DOMAIN,
mc.mega.nz,MegaUploadSites,0,3/19/2025,3/19/2025,,,,Intel::DOMAIN,
mc.s.mega.nz,MegaUploadSites,0,3/19/2025,3/19/2025,,,,Intel::DOMAIN,
mc3vkl1phpc7j.adminlg.mega.nz,MegaUploadSites,0,3/19/2025,3/19/2025,,,,Intel::DOMAIN,
mcd270n310.karere.mega.nz,MegaUploadSites,0,3/19/2025,3/19/2025,,,,Intel::DOMAIN,
mcd270n313.karere.mega.nz,MegaUploadSites,0,3/19/2025,3/19/2025,,,,Intel::DOMAIN,
mcd270n327.karere.mega.nz,MegaUploadSites,0,3/19/2025,3/19/2025,,,,Intel::DOMAIN,
mcd270n420.karere.mega.nz,MegaUploadSites,0,3/19/2025,3/19/2025,,,,Intel::DOMAIN,
mcdonaldnsde2.mega.nz,MegaUploadSites,0,3/19/2025,3/19/2025,,,,Intel::DOMAIN,
mcgaryandassocnsnz1.mega.nz,MegaUploadSites,0,3/19/2025,3/19/2025,,,,Intel::DOMAIN,
mcnair.mega.nz,MegaUploadSites,0,3/19/2025,3/19/2025,,,,Intel::DOMAIN,
mdfunds.cn.mega.nz,MegaUploadSites,0,3/19/2025,3/19/2025,,,,Intel::DOMAIN,
mefromchina.com.mega.nz,MegaUploadSites,0,3/19/2025,3/19/2025,,,,Intel::DOMAIN,
mega-efactoring.gtm.mega.nz,MegaUploadSites,0,3/19/2025,3/19/2025,,,,Intel::DOMAIN,
mega.mega.nz,MegaUploadSites,0,3/19/2025,3/19/2025,,,,Intel::DOMAIN,
mega.nz,MegaUploadSites,0,3/19/2025,3/19/2025,,,,Intel::DOMAIN,
megansnz1.m.mega.nz,MegaUploadSites,0,3/19/2025,3/19/2025,,,,Intel::DOMAIN,
megansnz1.mega.nz,MegaUploadSites,0,3/19/2025,3/19/2025,,,,Intel::DOMAIN,
megasyncloopback-001.mega.nz,MegaUploadSites,0,3/19/2025,3/19/2025,,,,Intel::DOMAIN,
megasyncloopback-region.m.mega.nz,MegaUploadSites,0,3/19/2025,3/19/2025,,,,Intel::DOMAIN,
megasyncloopback-region.mega.nz,MegaUploadSites,0,3/19/2025,3/19/2025,,,,Intel::DOMAIN,
megasyncloopback.m.mega.nz,MegaUploadSites,0,3/19/2025,3/19/2025,,,,Intel::DOMAIN,
megasyncloopbackla.m.mega.nz,MegaUploadSites,0,3/19/2025,3/19/2025,,,,Intel::DOMAIN,
megasyncloopbackla.mega.nz,MegaUploadSites,0,3/19/2025,3/19/2025,,,,Intel::DOMAIN,
megasyncloopbackpc.mega.nz,MegaUploadSites,0,3/19/2025,3/19/2025,,,,Intel::DOMAIN,
megasyncloopbacktomcat.mega.nz,MegaUploadSites,0,3/19/2025,3/19/2025,,,,Intel::DOMAIN,
megasyncloopbackwww.mega.nz,MegaUploadSites,0,3/19/2025,3/19/2025,,,,Intel::DOMAIN,
megasynqloopback.mega.nz,MegaUploadSites,0,3/19/2025,3/19/2025,,,,Intel::DOMAIN,
meinv3.com.mega.nz,MegaUploadSites,0,3/19/2025,3/19/2025,,,,Intel::DOMAIN,
meinv88.com.mega.nz,MegaUploadSites,0,3/19/2025,3/19/2025,,,,Intel::DOMAIN,
meinvi.com.mega.nz,MegaUploadSites,0,3/19/2025,3/19/2025,,,,Intel::DOMAIN,
mejjg.trade.mega.nz,MegaUploadSites,0,3/19/2025,3/19/2025,,,,Intel::DOMAIN,
melbourne.cms.mega.nz,MegaUploadSites,0,3/19/2025,3/19/2025,,,,Intel::DOMAIN,
member.t.mega.nz,MegaUploadSites,0,3/19/2025,3/19/2025,,,,Intel::DOMAIN,
meridian.mega.nz,MegaUploadSites,0,3/19/2025,3/19/2025,,,,Intel::DOMAIN,
metamask.mega.nz,MegaUploadSites,0,3/19/2025,3/19/2025,,,,Intel::DOMAIN,
methnsnz1.mega.nz,MegaUploadSites,0,3/19/2025,3/19/2025,,,,Intel::DOMAIN,
metlifetest.m.mega.nz,MegaUploadSites,0,3/19/2025,3/19/2025,,,,Intel::DOMAIN,
metro.77.mega.nz,MegaUploadSites,0,3/19/2025,3/19/2025,,,,Intel::DOMAIN,
meuhyundai.r.mega.nz,MegaUploadSites,0,3/19/2025,3/19/2025,,,,Intel::DOMAIN,
mf.cms.mega.nz,MegaUploadSites,0,3/19/2025,3/19/2025,,,,Intel::DOMAIN,
mfaroz.mega.nz,MegaUploadSites,0,3/19/2025,3/19/2025,,,,Intel::DOMAIN,
mfh83.7.mega.nz,MegaUploadSites,0,3/19/2025,3/19/2025,,,,Intel::DOMAIN,
mg87.com.mega.nz,MegaUploadSites,0,3/19/2025,3/19/2025,,,,Intel::DOMAIN,
mgfunds.cn.mega.nz,MegaUploadSites,0,3/19/2025,3/19/2025,,,,Intel::DOMAIN,
mh.mega.nz,MegaUploadSites,0,3/19/2025,3/19/2025,,,,Intel::DOMAIN,
mhd.mega.nz,MegaUploadSites,0,3/19/2025,3/19/2025,,,,Intel::DOMAIN,
mi.mega.nz,MegaUploadSites,0,3/19/2025,3/19/2025,,,,Intel::DOMAIN,
mi3oukiefxzs.travel.mega.nz,MegaUploadSites,0,3/19/2025,3/19/2025,,,,Intel::DOMAIN,
miaoxiaoguodu.net.mega.nz,MegaUploadSites,0,3/19/2025,3/19/2025,,,,Intel::DOMAIN,
micropanda.net.mega.nz,MegaUploadSites,0,3/19/2025,3/19/2025,,,,Intel::DOMAIN,
milkice.mega.nz,MegaUploadSites,0,3/19/2025,3/19/2025,,,,Intel::DOMAIN,
milky.4.mega.nz,MegaUploadSites,0,3/19/2025,3/19/2025,,,,Intel::DOMAIN,
min-economnsnz2.mega.nz,MegaUploadSites,0,3/19/2025,3/19/2025,,,,Intel::DOMAIN,
mindenkimaskeppegyforma.mega.nz,MegaUploadSites,0,3/19/2025,3/19/2025,,,,Intel::DOMAIN,
minensnz2.mega.nz,MegaUploadSites,0,3/19/2025,3/19/2025,,,,Intel::DOMAIN,
minsnz1.mega.nz,MegaUploadSites,0,3/19/2025,3/19/2025,,,,Intel::DOMAIN,
mixini.cn.mega.nz,MegaUploadSites,0,3/19/2025,3/19/2025,,,,Intel::DOMAIN,
miyihotel.mega.nz,MegaUploadSites,0,3/19/2025,3/19/2025,,,,Intel::DOMAIN,
mk.mega.nz,MegaUploadSites,0,3/19/2025,3/19/2025,,,,Intel::DOMAIN,
mks-91.mega.nz,MegaUploadSites,0,3/19/2025,3/19/2025,,,,Intel::DOMAIN,
mks-devops.m.mega.nz,MegaUploadSites,0,3/19/2025,3/19/2025,,,,Intel::DOMAIN,
mks-devops.mega.nz,MegaUploadSites,0,3/19/2025,3/19/2025,,,,Intel::DOMAIN,
mks-stage.m.mega.nz,MegaUploadSites,0,3/19/2025,3/19/2025,,,,Intel::DOMAIN,
mks-stage.mega.nz,MegaUploadSites,0,3/19/2025,3/19/2025,,,,Intel::DOMAIN,
mks.m.mega.nz,MegaUploadSites,0,3/19/2025,3/19/2025,,,,Intel::DOMAIN,
mks.mega.nz,MegaUploadSites,0,3/19/2025,3/19/2025,,,,Intel::DOMAIN,
mksda.mega.nz,MegaUploadSites,0,3/19/2025,3/19/2025,,,,Intel::DOMAIN,
mkssecurity.mega.nz,MegaUploadSites,0,3/19/2025,3/19/2025,,,,Intel::DOMAIN,
mksshared.mega.nz,MegaUploadSites,0,3/19/2025,3/19/2025,,,,Intel::DOMAIN,
mkssp1.m.mega.nz,MegaUploadSites,0,3/19/2025,3/19/2025,,,,Intel::DOMAIN,
mkssp1.mega.nz,MegaUploadSites,0,3/19/2025,3/19/2025,,,,Intel::DOMAIN,
ml.mega.nz,MegaUploadSites,0,3/19/2025,3/19/2025,,,,Intel::DOMAIN,
ml3nsnz2.m.mega.nz,MegaUploadSites,0,3/19/2025,3/19/2025,,,,Intel::DOMAIN,
ml3nsnz2.mega.nz,MegaUploadSites,0,3/19/2025,3/19/2025,,,,Intel::DOMAIN,
mlill.mega.nz,MegaUploadSites,0,3/19/2025,3/19/2025,,,,Intel::DOMAIN,
mm.mega.nz,MegaUploadSites,0,3/19/2025,3/19/2025,,,,Intel::DOMAIN,
mmaa.org.cn.mega.nz,MegaUploadSites,0,3/19/2025,3/19/2025,,,,Intel::DOMAIN,
mmggqq.com.mega.nz,MegaUploadSites,0,3/19/2025,3/19/2025,,,,Intel::DOMAIN,
mn2.0.mega.nz,MegaUploadSites,0,3/19/2025,3/19/2025,,,,Intel::DOMAIN,
mnc1.bp.mega.nz,MegaUploadSites,0,3/19/2025,3/19/2025,,,,Intel::DOMAIN,
mnet1m3ij408m.ca.mega.nz,MegaUploadSites,0,3/19/2025,3/19/2025,,,,Intel::DOMAIN,
mnsde1.m.mega.nz,MegaUploadSites,0,3/19/2025,3/19/2025,,,,Intel::DOMAIN,
mnsde1.mega.nz,MegaUploadSites,0,3/19/2025,3/19/2025,,,,Intel::DOMAIN,
mo.mega.nz,MegaUploadSites,0,3/19/2025,3/19/2025,,,,Intel::DOMAIN,
moaoo.cn.mega.nz,MegaUploadSites,0,3/19/2025,3/19/2025,,,,Intel::DOMAIN,
mobil-primetel.mega.nz,MegaUploadSites,0,3/19/2025,3/19/2025,,,,Intel::DOMAIN,
mobile.mega.nz,MegaUploadSites,0,3/19/2025,3/19/2025,,,,Intel::DOMAIN,
mobilestoresit.extra.mega.nz,MegaUploadSites,0,3/19/2025,3/19/2025,,,,Intel::DOMAIN,
moderncontractorsolunsde2.mega.nz,MegaUploadSites,0,3/19/2025,3/19/2025,,,,Intel::DOMAIN,
mofvo.cn.mega.nz,MegaUploadSites,0,3/19/2025,3/19/2025,,,,Intel::DOMAIN,
monsnz1.mega.nz,MegaUploadSites,0,3/19/2025,3/19/2025,,,,Intel::DOMAIN,
monyhan.cn.mega.nz,MegaUploadSites,0,3/19/2025,3/19/2025,,,,Intel::DOMAIN,
moomin.m.mega.nz,MegaUploadSites,0,3/19/2025,3/19/2025,,,,Intel::DOMAIN,
moomin.mega.nz,MegaUploadSites,0,3/19/2025,3/19/2025,,,,Intel::DOMAIN,
moonpi.mega.nz,MegaUploadSites,0,3/19/2025,3/19/2025,,,,Intel::DOMAIN,
mopoke.mega.nz,MegaUploadSites,0,3/19/2025,3/19/2025,,,,Intel::DOMAIN,
mp.mega.nz,MegaUploadSites,0,3/19/2025,3/19/2025,,,,Intel::DOMAIN,
mp0yzllt0dti2bct0it2td3dpb.m.mega.nz,MegaUploadSites,0,3/19/2025,3/19/2025,,,,Intel::DOMAIN,
mp0yzllt0dti2bct0it2td3dpb.mega.nz,MegaUploadSites,0,3/19/2025,3/19/2025,,,,Intel::DOMAIN,
mp3.mega.nz,MegaUploadSites,0,3/19/2025,3/19/2025,,,,Intel::DOMAIN,
mpp-ts.mega.nz,MegaUploadSites,0,3/19/2025,3/19/2025,,,,Intel::DOMAIN,
mpr.mega.nz,MegaUploadSites,0,3/19/2025,3/19/2025,,,,Intel::DOMAIN,
mpxrfuovdshkics5drr0ugz4pb.mega.nz,MegaUploadSites,0,3/19/2025,3/19/2025,,,,Intel::DOMAIN,
mq4ggjmm4dy8y.ac.ru.mega.nz,MegaUploadSites,0,3/19/2025,3/19/2025,,,,Intel::DOMAIN,
mrbackup.mega.nz,MegaUploadSites,0,3/19/2025,3/19/2025,,,,Intel::DOMAIN,
mrwtorensnz1.mega.nz,MegaUploadSites,0,3/19/2025,3/19/2025,,,,Intel::DOMAIN,
msc082.com.mega.nz,MegaUploadSites,0,3/19/2025,3/19/2025,,,,Intel::DOMAIN,
msc170.com.mega.nz,MegaUploadSites,0,3/19/2025,3/19/2025,,,,Intel::DOMAIN,
msc240.com.mega.nz,MegaUploadSites,0,3/19/2025,3/19/2025,,,,Intel::DOMAIN,
msc340.com.mega.nz,MegaUploadSites,0,3/19/2025,3/19/2025,,,,Intel::DOMAIN,
msc349.com.mega.nz,MegaUploadSites,0,3/19/2025,3/19/2025,,,,Intel::DOMAIN,
msc371.com.mega.nz,MegaUploadSites,0,3/19/2025,3/19/2025,,,,Intel::DOMAIN,
msc406.com.mega.nz,MegaUploadSites,0,3/19/2025,3/19/2025,,,,Intel::DOMAIN,
msc5454.com.mega.nz,MegaUploadSites,0,3/19/2025,3/19/2025,,,,Intel::DOMAIN,
msc8844.com.mega.nz,MegaUploadSites,0,3/19/2025,3/19/2025,,,,Intel::DOMAIN,
msc961.com.mega.nz,MegaUploadSites,0,3/19/2025,3/19/2025,,,,Intel::DOMAIN,
msch.07.mega.nz,MegaUploadSites,0,3/19/2025,3/19/2025,,,,Intel::DOMAIN,
msch.62.mega.nz,MegaUploadSites,0,3/19/2025,3/19/2025,,,,Intel::DOMAIN,
msdn-westus-ase-prod1.p.mega.nz,MegaUploadSites,0,3/19/2025,3/19/2025,,,,Intel::DOMAIN,
msp1.mega.nz,MegaUploadSites,0,3/19/2025,3/19/2025,,,,Intel::DOMAIN,
msqr.mega.nz,MegaUploadSites,0,3/19/2025,3/19/2025,,,,Intel::DOMAIN,
mssql1.m.mega.nz,MegaUploadSites,0,3/19/2025,3/19/2025,,,,Intel::DOMAIN,
mssql1.mega.nz,MegaUploadSites,0,3/19/2025,3/19/2025,,,,Intel::DOMAIN,
mta-sts.m.mega.nz,MegaUploadSites,0,3/19/2025,3/19/2025,,,,Intel::DOMAIN,
mta.api.mega.nz,MegaUploadSites,0,3/19/2025,3/19/2025,,,,Intel::DOMAIN,
mta1.m.mega.nz,MegaUploadSites,0,3/19/2025,3/19/2025,,,,Intel::DOMAIN,
mta1012.ns6.m.mega.nz,MegaUploadSites,0,3/19/2025,3/19/2025,,,,Intel::DOMAIN,
mta1014.ns6.m.mega.nz,MegaUploadSites,0,3/19/2025,3/19/2025,,,,Intel::DOMAIN,
mta1016.ns6.m.mega.nz,MegaUploadSites,0,3/19/2025,3/19/2025,,,,Intel::DOMAIN,
mta1017.ns6.m.mega.nz,MegaUploadSites,0,3/19/2025,3/19/2025,,,,Intel::DOMAIN,
mta1021.ns6.m.mega.nz,MegaUploadSites,0,3/19/2025,3/19/2025,,,,Intel::DOMAIN,
mta1022.ns6.m.mega.nz,MegaUploadSites,0,3/19/2025,3/19/2025,,,,Intel::DOMAIN,
mta1023.ns6.m.mega.nz,MegaUploadSites,0,3/19/2025,3/19/2025,,,,Intel::DOMAIN,
mta1024.ns6.m.mega.nz,MegaUploadSites,0,3/19/2025,3/19/2025,,,,Intel::DOMAIN,
mta1025.ns6.m.mega.nz,MegaUploadSites,0,3/19/2025,3/19/2025,,,,Intel::DOMAIN,
mta1026.ns6.m.mega.nz,MegaUploadSites,0,3/19/2025,3/19/2025,,,,Intel::DOMAIN,
mta1028.ns6.m.mega.nz,MegaUploadSites,0,3/19/2025,3/19/2025,,,,Intel::DOMAIN,
mta1033.ns6.m.mega.nz,MegaUploadSites,0,3/19/2025,3/19/2025,,,,Intel::DOMAIN,
mta1035.ns6.m.mega.nz,MegaUploadSites,0,3/19/2025,3/19/2025,,,,Intel::DOMAIN,
mta1036.ns6.m.mega.nz,MegaUploadSites,0,3/19/2025,3/19/2025,,,,Intel::DOMAIN,
mta107.ns6.m.mega.nz,MegaUploadSites,0,3/19/2025,3/19/2025,,,,Intel::DOMAIN,
mta108.ns6.m.mega.nz,MegaUploadSites,0,3/19/2025,3/19/2025,,,,Intel::DOMAIN,
mta11.m.mega.nz,MegaUploadSites,0,3/19/2025,3/19/2025,,,,Intel::DOMAIN,
mta13.m.mega.nz,MegaUploadSites,0,3/19/2025,3/19/2025,,,,Intel::DOMAIN,
mta15.m.mega.nz,MegaUploadSites,0,3/19/2025,3/19/2025,,,,Intel::DOMAIN,
mta16.m.mega.nz,MegaUploadSites,0,3/19/2025,3/19/2025,,,,Intel::DOMAIN,
mta18.m.mega.nz,MegaUploadSites,0,3/19/2025,3/19/2025,,,,Intel::DOMAIN,
mta20.m.mega.nz,MegaUploadSites,0,3/19/2025,3/19/2025,,,,Intel::DOMAIN,
mta21.m.mega.nz,MegaUploadSites,0,3/19/2025,3/19/2025,,,,Intel::DOMAIN,
mta22.m.mega.nz,MegaUploadSites,0,3/19/2025,3/19/2025,,,,Intel::DOMAIN,
mta26.m.mega.nz,MegaUploadSites,0,3/19/2025,3/19/2025,,,,Intel::DOMAIN,
mta5.m.mega.nz,MegaUploadSites,0,3/19/2025,3/19/2025,,,,Intel::DOMAIN,
mta6.m.mega.nz,MegaUploadSites,0,3/19/2025,3/19/2025,,,,Intel::DOMAIN,
mta7.m.mega.nz,MegaUploadSites,0,3/19/2025,3/19/2025,,,,Intel::DOMAIN,
mta8.m.mega.nz,MegaUploadSites,0,3/19/2025,3/19/2025,,,,Intel::DOMAIN,
mta9.m.mega.nz,MegaUploadSites,0,3/19/2025,3/19/2025,,,,Intel::DOMAIN,
mtfbvkkfq6iip.ca.mega.nz,MegaUploadSites,0,3/19/2025,3/19/2025,,,,Intel::DOMAIN,
mtudd.cn.mega.nz,MegaUploadSites,0,3/19/2025,3/19/2025,,,,Intel::DOMAIN,
mu168.cn.mega.nz,MegaUploadSites,0,3/19/2025,3/19/2025,,,,Intel::DOMAIN,
muleappservc.p.mega.nz,MegaUploadSites,0,3/19/2025,3/19/2025,,,,Intel::DOMAIN,
mumble.cms.mega.nz,MegaUploadSites,0,3/19/2025,3/19/2025,,,,Intel::DOMAIN,
murg.mega.nz,MegaUploadSites,0,3/19/2025,3/19/2025,,,,Intel::DOMAIN,
mv.mega.nz,MegaUploadSites,0,3/19/2025,3/19/2025,,,,Intel::DOMAIN,
mvgw73.mega.nz,MegaUploadSites,0,3/19/2025,3/19/2025,,,,Intel::DOMAIN,
mwbvvhnwi3onsrwdtds2gwfalc.mega.nz,MegaUploadSites,0,3/19/2025,3/19/2025,,,,Intel::DOMAIN,
mwdrh.com.mega.nz,MegaUploadSites,0,3/19/2025,3/19/2025,,,,Intel::DOMAIN,
mwwjqno7.accounnsnz1.mega.nz,MegaUploadSites,0,3/19/2025,3/19/2025,,,,Intel::DOMAIN,
mwww.mega.nz,MegaUploadSites,0,3/19/2025,3/19/2025,,,,Intel::DOMAIN,
mx.9.mega.nz,MegaUploadSites,0,3/19/2025,3/19/2025,,,,Intel::DOMAIN,
mx.a.mega.nz,MegaUploadSites,0,3/19/2025,3/19/2025,,,,Intel::DOMAIN,
mx.b.mega.nz,MegaUploadSites,0,3/19/2025,3/19/2025,,,,Intel::DOMAIN,
mx.e.mega.nz,MegaUploadSites,0,3/19/2025,3/19/2025,,,,Intel::DOMAIN,
mx.mega.nz,MegaUploadSites,0,3/19/2025,3/19/2025,,,,Intel::DOMAIN,
mx0.c.mega.nz,MegaUploadSites,0,3/19/2025,3/19/2025,,,,Intel::DOMAIN,
mx0.mega.nz,MegaUploadSites,0,3/19/2025,3/19/2025,,,,Intel::DOMAIN,
mx01.0.mega.nz,MegaUploadSites,0,3/19/2025,3/19/2025,,,,Intel::DOMAIN,
mx01.9.mega.nz,MegaUploadSites,0,3/19/2025,3/19/2025,,,,Intel::DOMAIN,
mx01.e.mega.nz,MegaUploadSites,0,3/19/2025,3/19/2025,,,,Intel::DOMAIN,
mx01.m.mega.nz,MegaUploadSites,0,3/19/2025,3/19/2025,,,,Intel::DOMAIN,
mx1.0.mega.nz,MegaUploadSites,0,3/19/2025,3/19/2025,,,,Intel::DOMAIN,
mx1.9.mega.nz,MegaUploadSites,0,3/19/2025,3/19/2025,,,,Intel::DOMAIN,
mx1.a.mega.nz,MegaUploadSites,0,3/19/2025,3/19/2025,,,,Intel::DOMAIN,
mx1.b.mega.nz,MegaUploadSites,0,3/19/2025,3/19/2025,,,,Intel::DOMAIN,
mx1.m.mega.nz,MegaUploadSites,0,3/19/2025,3/19/2025,,,,Intel::DOMAIN,
mx2.0.mega.nz,MegaUploadSites,0,3/19/2025,3/19/2025,,,,Intel::DOMAIN,
mx2.a.mega.nz,MegaUploadSites,0,3/19/2025,3/19/2025,,,,Intel::DOMAIN,
mx2.b.mega.nz,MegaUploadSites,0,3/19/2025,3/19/2025,,,,Intel::DOMAIN,
mx2.e.mega.nz,MegaUploadSites,0,3/19/2025,3/19/2025,,,,Intel::DOMAIN,
mx239.mega.nz,MegaUploadSites,0,3/19/2025,3/19/2025,,,,Intel::DOMAIN,
mx243.cms.mega.nz,MegaUploadSites,0,3/19/2025,3/19/2025,,,,Intel::DOMAIN,
mx3.mega.nz,MegaUploadSites,0,3/19/2025,3/19/2025,,,,Intel::DOMAIN,
mx4.mega.nz,MegaUploadSites,0,3/19/2025,3/19/2025,,,,Intel::DOMAIN,
mx7.a.mega.nz,MegaUploadSites,0,3/19/2025,3/19/2025,,,,Intel::DOMAIN,
mx7.b.mega.nz,MegaUploadSites,0,3/19/2025,3/19/2025,,,,Intel::DOMAIN,
mx7.mega.nz,MegaUploadSites,0,3/19/2025,3/19/2025,,,,Intel::DOMAIN,
mx8.mega.nz,MegaUploadSites,0,3/19/2025,3/19/2025,,,,Intel::DOMAIN,
mx84.mega.nz,MegaUploadSites,0,3/19/2025,3/19/2025,,,,Intel::DOMAIN,
mxpez29397.i.mega.nz,MegaUploadSites,0,3/19/2025,3/19/2025,,,,Intel::DOMAIN,
myapeapeaje.mega.nz,MegaUploadSites,0,3/19/2025,3/19/2025,,,,Intel::DOMAIN,
mykino.mega.nz,MegaUploadSites,0,3/19/2025,3/19/2025,,,,Intel::DOMAIN,
myname.mega.nz,MegaUploadSites,0,3/19/2025,3/19/2025,,,,Intel::DOMAIN,
mywac.mega.nz,MegaUploadSites,0,3/19/2025,3/19/2025,,,,Intel::DOMAIN,
myx4.travel.mega.nz,MegaUploadSites,0,3/19/2025,3/19/2025,,,,Intel::DOMAIN,
n.mega.nz,MegaUploadSites,0,3/19/2025,3/19/2025,,,,Intel::DOMAIN,
n091.mega.nz,MegaUploadSites,0,3/19/2025,3/19/2025,,,,Intel::DOMAIN,
n0hiidkv.domain.mega.nz,MegaUploadSites,0,3/19/2025,3/19/2025,,,,Intel::DOMAIN,
n2b.mega.nz,MegaUploadSites,0,3/19/2025,3/19/2025,,,,Intel::DOMAIN,
n3.mega.nz,MegaUploadSites,0,3/19/2025,3/19/2025,,,,Intel::DOMAIN,
n7brt.cms.mega.nz,MegaUploadSites,0,3/19/2025,3/19/2025,,,,Intel::DOMAIN,
namebnsde1.mega.nz,MegaUploadSites,0,3/19/2025,3/19/2025,,,,Intel::DOMAIN,
namebrignsde1-175.mega.nz,MegaUploadSites,0,3/19/2025,3/19/2025,,,,Intel::DOMAIN,
namebrignsde1-ap-northeast-1.m.mega.nz,MegaUploadSites,0,3/19/2025,3/19/2025,,,,Intel::DOMAIN,
namebrignsde1-ap-northeast-1.mega.nz,MegaUploadSites,0,3/19/2025,3/19/2025,,,,Intel::DOMAIN,
namebrignsde1-eu-west-1.m.mega.nz,MegaUploadSites,0,3/19/2025,3/19/2025,,,,Intel::DOMAIN,
namebrignsde1-eu-west-1.mega.nz,MegaUploadSites,0,3/19/2025,3/19/2025,,,,Intel::DOMAIN,
namebrignsde1-sv.mega.nz,MegaUploadSites,0,3/19/2025,3/19/2025,,,,Intel::DOMAIN,
namebrignsde1.mega.nz,MegaUploadSites,0,3/19/2025,3/19/2025,,,,Intel::DOMAIN,
namebrignsde1003.mega.nz,MegaUploadSites,0,3/19/2025,3/19/2025,,,,Intel::DOMAIN,
namebrignsde1external.mega.nz,MegaUploadSites,0,3/19/2025,3/19/2025,,,,Intel::DOMAIN,
namebrignsde1jp.mega.nz,MegaUploadSites,0,3/19/2025,3/19/2025,,,,Intel::DOMAIN,
namouchigroubone.mega.nz,MegaUploadSites,0,3/19/2025,3/19/2025,,,,Intel::DOMAIN,
natbr.mega.nz,MegaUploadSites,0,3/19/2025,3/19/2025,,,,Intel::DOMAIN,
nathda.4.mega.nz,MegaUploadSites,0,3/19/2025,3/19/2025,,,,Intel::DOMAIN,
nbjinhao.com.mega.nz,MegaUploadSites,0,3/19/2025,3/19/2025,,,,Intel::DOMAIN,
nbjinhe.com.mega.nz,MegaUploadSites,0,3/19/2025,3/19/2025,,,,Intel::DOMAIN,
nc.mega.nz,MegaUploadSites,0,3/19/2025,3/19/2025,,,,Intel::DOMAIN,
ndtzr.cn.mega.nz,MegaUploadSites,0,3/19/2025,3/19/2025,,,,Intel::DOMAIN,
ndxtest.mega.nz,MegaUploadSites,0,3/19/2025,3/19/2025,,,,Intel::DOMAIN,
neevit.net.mega.nz,MegaUploadSites,0,3/19/2025,3/19/2025,,,,Intel::DOMAIN,
nem3e0cswffuvzslzorojmdkge.mega.nz,MegaUploadSites,0,3/19/2025,3/19/2025,,,,Intel::DOMAIN,
nensde1.mega.nz,MegaUploadSites,0,3/19/2025,3/19/2025,,,,Intel::DOMAIN,
nensnz1.mega.nz,MegaUploadSites,0,3/19/2025,3/19/2025,,,,Intel::DOMAIN,
netassensnz2.m.mega.nz,MegaUploadSites,0,3/19/2025,3/19/2025,,,,Intel::DOMAIN,
netassensnz2.mega.nz,MegaUploadSites,0,3/19/2025,3/19/2025,,,,Intel::DOMAIN,
netflixstreaming.mega.nz,MegaUploadSites,0,3/19/2025,3/19/2025,,,,Intel::DOMAIN,
netmadame.mega.nz,MegaUploadSites,0,3/19/2025,3/19/2025,,,,Intel::DOMAIN,
neto.mega.nz,MegaUploadSites,0,3/19/2025,3/19/2025,,,,Intel::DOMAIN,
news-86.mega.nz,MegaUploadSites,0,3/19/2025,3/19/2025,,,,Intel::DOMAIN,
news-frontpage.mega.nz,MegaUploadSites,0,3/19/2025,3/19/2025,,,,Intel::DOMAIN,
news-us-east1-d.mega.nz,MegaUploadSites,0,3/19/2025,3/19/2025,,,,Intel::DOMAIN,
news.mega.nz,MegaUploadSites,0,3/19/2025,3/19/2025,,,,Intel::DOMAIN,
newsacc.mega.nz,MegaUploadSites,0,3/19/2025,3/19/2025,,,,Intel::DOMAIN,
newsadmin1.mega.nz,MegaUploadSites,0,3/19/2025,3/19/2025,,,,Intel::DOMAIN,
newsbackend.mega.nz,MegaUploadSites,0,3/19/2025,3/19/2025,,,,Intel::DOMAIN,
newsbrasil.mega.nz,MegaUploadSites,0,3/19/2025,3/19/2025,,,,Intel::DOMAIN,
newseastasia.m.mega.nz,MegaUploadSites,0,3/19/2025,3/19/2025,,,,Intel::DOMAIN,
newseastasia.mega.nz,MegaUploadSites,0,3/19/2025,3/19/2025,,,,Intel::DOMAIN,
newsix.mega.nz,MegaUploadSites,0,3/19/2025,3/19/2025,,,,Intel::DOMAIN,
newsspring.mega.nz,MegaUploadSites,0,3/19/2025,3/19/2025,,,,Intel::DOMAIN,
newyorkcity.mega.nz,MegaUploadSites,0,3/19/2025,3/19/2025,,,,Intel::DOMAIN,
neziro.5.mega.nz,MegaUploadSites,0,3/19/2025,3/19/2025,,,,Intel::DOMAIN,
nfkqs.cn.mega.nz,MegaUploadSites,0,3/19/2025,3/19/2025,,,,Intel::DOMAIN,
nfswshow.mega.nz,MegaUploadSites,0,3/19/2025,3/19/2025,,,,Intel::DOMAIN,
nfuse.cms.mega.nz,MegaUploadSites,0,3/19/2025,3/19/2025,,,,Intel::DOMAIN,
ng.mega.nz,MegaUploadSites,0,3/19/2025,3/19/2025,,,,Intel::DOMAIN,
ng0.mega.nz,MegaUploadSites,0,3/19/2025,3/19/2025,,,,Intel::DOMAIN,
ng5.mega.nz,MegaUploadSites,0,3/19/2025,3/19/2025,,,,Intel::DOMAIN,
nginx.m.mega.nz,MegaUploadSites,0,3/19/2025,3/19/2025,,,,Intel::DOMAIN,
nginx.mega.nz,MegaUploadSites,0,3/19/2025,3/19/2025,,,,Intel::DOMAIN,
ngjard.cn.mega.nz,MegaUploadSites,0,3/19/2025,3/19/2025,,,,Intel::DOMAIN,
ngwnameserver.mega.nz,MegaUploadSites,0,3/19/2025,3/19/2025,,,,Intel::DOMAIN,
nico.mega.nz,MegaUploadSites,0,3/19/2025,3/19/2025,,,,Intel::DOMAIN,
nidnsnz2.m.mega.nz,MegaUploadSites,0,3/19/2025,3/19/2025,,,,Intel::DOMAIN,
nidnsnz2.mega.nz,MegaUploadSites,0,3/19/2025,3/19/2025,,,,Intel::DOMAIN,
nin.mega.nz,MegaUploadSites,0,3/19/2025,3/19/2025,,,,Intel::DOMAIN,
nina.mega.nz,MegaUploadSites,0,3/19/2025,3/19/2025,,,,Intel::DOMAIN,
nita.mega.nz,MegaUploadSites,0,3/19/2025,3/19/2025,,,,Intel::DOMAIN,
niwfy.cn.mega.nz,MegaUploadSites,0,3/19/2025,3/19/2025,,,,Intel::DOMAIN,
nl.4.mega.nz,MegaUploadSites,0,3/19/2025,3/19/2025,,,,Intel::DOMAIN,
nl.afstand-meten.mega.nz,MegaUploadSites,0,3/19/2025,3/19/2025,,,,Intel::DOMAIN,
nl.mega.nz,MegaUploadSites,0,3/19/2025,3/19/2025,,,,Intel::DOMAIN,
nlb.mega.nz,MegaUploadSites,0,3/19/2025,3/19/2025,,,,Intel::DOMAIN,
nlnslu3.mega.nz,MegaUploadSites,0,3/19/2025,3/19/2025,,,,Intel::DOMAIN,
nlzoq.cn.mega.nz,MegaUploadSites,0,3/19/2025,3/19/2025,,,,Intel::DOMAIN,
nmgxww.cn.mega.nz,MegaUploadSites,0,3/19/2025,3/19/2025,,,,Intel::DOMAIN,
nnsnz1.mega.nz,MegaUploadSites,0,3/19/2025,3/19/2025,,,,Intel::DOMAIN,
nnsnz2.m.mega.nz,MegaUploadSites,0,3/19/2025,3/19/2025,,,,Intel::DOMAIN,
nnsnz2.mega.nz,MegaUploadSites,0,3/19/2025,3/19/2025,,,,Intel::DOMAIN,
no.mega.nz,MegaUploadSites,0,3/19/2025,3/19/2025,,,,Intel::DOMAIN,
no235.mega.nz,MegaUploadSites,0,3/19/2025,3/19/2025,,,,Intel::DOMAIN,
nonmaskableinterrupt.mega.nz,MegaUploadSites,0,3/19/2025,3/19/2025,,,,Intel::DOMAIN,
northgingko.mega.nz,MegaUploadSites,0,3/19/2025,3/19/2025,,,,Intel::DOMAIN,
norway.mega.nz,MegaUploadSites,0,3/19/2025,3/19/2025,,,,Intel::DOMAIN,
nouw-com.c.mega.nz,MegaUploadSites,0,3/19/2025,3/19/2025,,,,Intel::DOMAIN,
nov16different.p.mega.nz,MegaUploadSites,0,3/19/2025,3/19/2025,,,,Intel::DOMAIN,
novannsde.0.mega.nz,MegaUploadSites,0,3/19/2025,3/19/2025,,,,Intel::DOMAIN,
novannsde2.m.mega.nz,MegaUploadSites,0,3/19/2025,3/19/2025,,,,Intel::DOMAIN,
novannsde2.mega.nz,MegaUploadSites,0,3/19/2025,3/19/2025,,,,Intel::DOMAIN,
novedadesalejansde2.mega.nz,MegaUploadSites,0,3/19/2025,3/19/2025,,,,Intel::DOMAIN,
np.mega.nz,MegaUploadSites,0,3/19/2025,3/19/2025,,,,Intel::DOMAIN,
nr96qw9r3zxewn.ca.mega.nz,MegaUploadSites,0,3/19/2025,3/19/2025,,,,Intel::DOMAIN,
ns.a.mega.nz,MegaUploadSites,0,3/19/2025,3/19/2025,,,,Intel::DOMAIN,
ns.b.mega.nz,MegaUploadSites,0,3/19/2025,3/19/2025,,,,Intel::DOMAIN,
ns.mega.nz,MegaUploadSites,0,3/19/2025,3/19/2025,,,,Intel::DOMAIN,
ns1.0.mega.nz,MegaUploadSites,0,3/19/2025,3/19/2025,,,,Intel::DOMAIN,
ns1.b.mega.nz,MegaUploadSites,0,3/19/2025,3/19/2025,,,,Intel::DOMAIN,
ns1.c.mega.nz,MegaUploadSites,0,3/19/2025,3/19/2025,,,,Intel::DOMAIN,
ns1.e.mega.nz,MegaUploadSites,0,3/19/2025,3/19/2025,,,,Intel::DOMAIN,
ns1.mega.nz,MegaUploadSites,0,3/19/2025,3/19/2025,,,,Intel::DOMAIN,
ns2.0.mega.nz,MegaUploadSites,0,3/19/2025,3/19/2025,,,,Intel::DOMAIN,
ns2.9.mega.nz,MegaUploadSites,0,3/19/2025,3/19/2025,,,,Intel::DOMAIN,
ns2.c.mega.nz,MegaUploadSites,0,3/19/2025,3/19/2025,,,,Intel::DOMAIN,
ns2.cafe24nslu1.mega.nz,MegaUploadSites,0,3/19/2025,3/19/2025,,,,Intel::DOMAIN,
ns2.e.mega.nz,MegaUploadSites,0,3/19/2025,3/19/2025,,,,Intel::DOMAIN,
ns2.mega.nz,MegaUploadSites,0,3/19/2025,3/19/2025,,,,Intel::DOMAIN,
ns3.9.mega.nz,MegaUploadSites,0,3/19/2025,3/19/2025,,,,Intel::DOMAIN,
ns3.a.mega.nz,MegaUploadSites,0,3/19/2025,3/19/2025,,,,Intel::DOMAIN,
ns3.b.mega.nz,MegaUploadSites,0,3/19/2025,3/19/2025,,,,Intel::DOMAIN,
ns3.c.mega.nz,MegaUploadSites,0,3/19/2025,3/19/2025,,,,Intel::DOMAIN,
ns3.e.mega.nz,MegaUploadSites,0,3/19/2025,3/19/2025,,,,Intel::DOMAIN,
ns3.m.mega.nz,MegaUploadSites,0,3/19/2025,3/19/2025,,,,Intel::DOMAIN,
ns4.a.mega.nz,MegaUploadSites,0,3/19/2025,3/19/2025,,,,Intel::DOMAIN,
ns4.c.mega.nz,MegaUploadSites,0,3/19/2025,3/19/2025,,,,Intel::DOMAIN,
nsde1.m.mega.nz,MegaUploadSites,0,3/19/2025,3/19/2025,,,,Intel::DOMAIN,
nsde1.mega.nz,MegaUploadSites,0,3/19/2025,3/19/2025,,,,Intel::DOMAIN,
nsde1japanwestadministrator.5.mega.nz,MegaUploadSites,0,3/19/2025,3/19/2025,,,,Intel::DOMAIN,
nsde1japanweststage.6.mega.nz,MegaUploadSites,0,3/19/2025,3/19/2025,,,,Intel::DOMAIN,
nsde1japanweststage.mega.nz,MegaUploadSites,0,3/19/2025,3/19/2025,,,,Intel::DOMAIN,
nsde1reports.mega.nz,MegaUploadSites,0,3/19/2025,3/19/2025,,,,Intel::DOMAIN,
nsde1sha1.m.mega.nz,MegaUploadSites,0,3/19/2025,3/19/2025,,,,Intel::DOMAIN,
nsde1sha1.mega.nz,MegaUploadSites,0,3/19/2025,3/19/2025,,,,Intel::DOMAIN,
nsde2-pp.mega.nz,MegaUploadSites,0,3/19/2025,3/19/2025,,,,Intel::DOMAIN,
nsde2.m.mega.nz,MegaUploadSites,0,3/19/2025,3/19/2025,,,,Intel::DOMAIN,
nsde2.mega.nz,MegaUploadSites,0,3/19/2025,3/19/2025,,,,Intel::DOMAIN,
nsde2accounts.m.mega.nz,MegaUploadSites,0,3/19/2025,3/19/2025,,,,Intel::DOMAIN,
nsde2accounts.mega.nz,MegaUploadSites,0,3/19/2025,3/19/2025,,,,Intel::DOMAIN,
nsde2edge.m.mega.nz,MegaUploadSites,0,3/19/2025,3/19/2025,,,,Intel::DOMAIN,
nsde2edge.mega.nz,MegaUploadSites,0,3/19/2025,3/19/2025,,,,Intel::DOMAIN,
nsde2singed.mega.nz,MegaUploadSites,0,3/19/2025,3/19/2025,,,,Intel::DOMAIN,
nsde2ssl04.mega.nz,MegaUploadSites,0,3/19/2025,3/19/2025,,,,Intel::DOMAIN,
nslu1.mega.nz,MegaUploadSites,0,3/19/2025,3/19/2025,,,,Intel::DOMAIN,
nslu17.mega.nz,MegaUploadSites,0,3/19/2025,3/19/2025,,,,Intel::DOMAIN,
nslu2-0.mega.nz,MegaUploadSites,0,3/19/2025,3/19/2025,,,,Intel::DOMAIN,
nslu2.mega.nz,MegaUploadSites,0,3/19/2025,3/19/2025,,,,Intel::DOMAIN,
nslu3.mega.nz,MegaUploadSites,0,3/19/2025,3/19/2025,,,,Intel::DOMAIN,
nsnz1-18.mega.nz,MegaUploadSites,0,3/19/2025,3/19/2025,,,,Intel::DOMAIN,
nsnz1-nginx.mega.nz,MegaUploadSites,0,3/19/2025,3/19/2025,,,,Intel::DOMAIN,
nsnz1-sjc.mega.nz,MegaUploadSites,0,3/19/2025,3/19/2025,,,,Intel::DOMAIN,
nsnz1.mega.nz,MegaUploadSites,0,3/19/2025,3/19/2025,,,,Intel::DOMAIN,
nsnz1cacentral1.m.mega.nz,MegaUploadSites,0,3/19/2025,3/19/2025,,,,Intel::DOMAIN,
nsnz1cacentral1.mega.nz,MegaUploadSites,0,3/19/2025,3/19/2025,,,,Intel::DOMAIN,
nsnz1emach.m.mega.nz,MegaUploadSites,0,3/19/2025,3/19/2025,,,,Intel::DOMAIN,
nsnz1emach.mega.nz,MegaUploadSites,0,3/19/2025,3/19/2025,,,,Intel::DOMAIN,
nsnz1shared.mega.nz,MegaUploadSites,0,3/19/2025,3/19/2025,,,,Intel::DOMAIN,
nsnz1tomcat.mega.nz,MegaUploadSites,0,3/19/2025,3/19/2025,,,,Intel::DOMAIN,
nsnz2-chef.mega.nz,MegaUploadSites,0,3/19/2025,3/19/2025,,,,Intel::DOMAIN,
nsnz2-oauth.mega.nz,MegaUploadSites,0,3/19/2025,3/19/2025,,,,Intel::DOMAIN,
nsnz2-prod.m.mega.nz,MegaUploadSites,0,3/19/2025,3/19/2025,,,,Intel::DOMAIN,
nsnz2-prod.mega.nz,MegaUploadSites,0,3/19/2025,3/19/2025,,,,Intel::DOMAIN,
nsnz2-services.8.mega.nz,MegaUploadSites,0,3/19/2025,3/19/2025,,,,Intel::DOMAIN,
nsnz2-services.mega.nz,MegaUploadSites,0,3/19/2025,3/19/2025,,,,Intel::DOMAIN,
nsnz2-vpc.mega.nz,MegaUploadSites,0,3/19/2025,3/19/2025,,,,Intel::DOMAIN,
nsnz2.m.mega.nz,MegaUploadSites,0,3/19/2025,3/19/2025,,,,Intel::DOMAIN,
nsnz2.mega.nz,MegaUploadSites,0,3/19/2025,3/19/2025,,,,Intel::DOMAIN,
nsnz296.mega.nz,MegaUploadSites,0,3/19/2025,3/19/2025,,,,Intel::DOMAIN,
nsnz2chef.mega.nz,MegaUploadSites,0,3/19/2025,3/19/2025,,,,Intel::DOMAIN,
nt.mega.nz,MegaUploadSites,0,3/19/2025,3/19/2025,,,,Intel::DOMAIN,
ntn03.mega.nz,MegaUploadSites,0,3/19/2025,3/19/2025,,,,Intel::DOMAIN,
nugent.mega.nz,MegaUploadSites,0,3/19/2025,3/19/2025,,,,Intel::DOMAIN,
nutransde2.0.mega.nz,MegaUploadSites,0,3/19/2025,3/19/2025,,,,Intel::DOMAIN,
nutransde2.mega.nz,MegaUploadSites,0,3/19/2025,3/19/2025,,,,Intel::DOMAIN,
nv8o128f.uy.mega.nz,MegaUploadSites,0,3/19/2025,3/19/2025,,,,Intel::DOMAIN,
nvdnsnz2.mega.nz,MegaUploadSites,0,3/19/2025,3/19/2025,,,,Intel::DOMAIN,
nviso.cn.mega.nz,MegaUploadSites,0,3/19/2025,3/19/2025,,,,Intel::DOMAIN,
nw.cms.mega.nz,MegaUploadSites,0,3/19/2025,3/19/2025,,,,Intel::DOMAIN,
nwrmoh.mega.nz,MegaUploadSites,0,3/19/2025,3/19/2025,,,,Intel::DOMAIN,
nxkob93.ru.mega.nz,MegaUploadSites,0,3/19/2025,3/19/2025,,,,Intel::DOMAIN,
nxshe9ut.ok.mega.nz,MegaUploadSites,0,3/19/2025,3/19/2025,,,,Intel::DOMAIN,
o.mega.nz,MegaUploadSites,0,3/19/2025,3/19/2025,,,,Intel::DOMAIN,
o02ij85do.urc.ac.ru.mega.nz,MegaUploadSites,0,3/19/2025,3/19/2025,,,,Intel::DOMAIN,
o1.mega.nz,MegaUploadSites,0,3/19/2025,3/19/2025,,,,Intel::DOMAIN,
o2rhggbct7k70.server.mega.nz,MegaUploadSites,0,3/19/2025,3/19/2025,,,,Intel::DOMAIN,
o8.mega.nz,MegaUploadSites,0,3/19/2025,3/19/2025,,,,Intel::DOMAIN,
o9.mail.mega.nz,MegaUploadSites,0,3/19/2025,3/19/2025,,,,Intel::DOMAIN,
oa.mega.nz,MegaUploadSites,0,3/19/2025,3/19/2025,,,,Intel::DOMAIN,
oaktree.cert.cloud.mega.nz,MegaUploadSites,0,3/19/2025,3/19/2025,,,,Intel::DOMAIN,
oasys.mega.nz,MegaUploadSites,0,3/19/2025,3/19/2025,,,,Intel::DOMAIN,
oaviewas32.mega.nz,MegaUploadSites,0,3/19/2025,3/19/2025,,,,Intel::DOMAIN,
obemm.mega.nz,MegaUploadSites,0,3/19/2025,3/19/2025,,,,Intel::DOMAIN,
obi2h.auto.mega.nz,MegaUploadSites,0,3/19/2025,3/19/2025,,,,Intel::DOMAIN,
obiaobai.com.mega.nz,MegaUploadSites,0,3/19/2025,3/19/2025,,,,Intel::DOMAIN,
objectlockdown.mega.nz,MegaUploadSites,0,3/19/2025,3/19/2025,,,,Intel::DOMAIN,
occ-0-304-306.1.mega.nz,MegaUploadSites,0,3/19/2025,3/19/2025,,,,Intel::DOMAIN,
occ-2-360-358.1.mega.nz,MegaUploadSites,0,3/19/2025,3/19/2025,,,,Intel::DOMAIN,
ocvax.mega.nz,MegaUploadSites,0,3/19/2025,3/19/2025,,,,Intel::DOMAIN,
odod.org.cn.mega.nz,MegaUploadSites,0,3/19/2025,3/19/2025,,,,Intel::DOMAIN,
oestpl1tby2om5xr1otin0wyvd.mega.nz,MegaUploadSites,0,3/19/2025,3/19/2025,,,,Intel::DOMAIN,
offeransnz1.mega.nz,MegaUploadSites,0,3/19/2025,3/19/2025,,,,Intel::DOMAIN,
offfbynight.s.a.mega.nz,MegaUploadSites,0,3/19/2025,3/19/2025,,,,Intel::DOMAIN,
office.m.mega.nz,MegaUploadSites,0,3/19/2025,3/19/2025,,,,Intel::DOMAIN,
office2.mega.nz,MegaUploadSites,0,3/19/2025,3/19/2025,,,,Intel::DOMAIN,
ojanen.mega.nz,MegaUploadSites,0,3/19/2025,3/19/2025,,,,Intel::DOMAIN,
okaram.mega.nz,MegaUploadSites,0,3/19/2025,3/19/2025,,,,Intel::DOMAIN,
oklahomacity.mega.nz,MegaUploadSites,0,3/19/2025,3/19/2025,,,,Intel::DOMAIN,
old.m.mega.nz,MegaUploadSites,0,3/19/2025,3/19/2025,,,,Intel::DOMAIN,
old.mega.nz,MegaUploadSites,0,3/19/2025,3/19/2025,,,,Intel::DOMAIN,
oldsite.mega.nz,MegaUploadSites,0,3/19/2025,3/19/2025,,,,Intel::DOMAIN,
olgwu.cn.mega.nz,MegaUploadSites,0,3/19/2025,3/19/2025,,,,Intel::DOMAIN,
olmeca.mega.nz,MegaUploadSites,0,3/19/2025,3/19/2025,,,,Intel::DOMAIN,
olnsde2.mega.nz,MegaUploadSites,0,3/19/2025,3/19/2025,,,,Intel::DOMAIN,
olnsnz2.m.mega.nz,MegaUploadSites,0,3/19/2025,3/19/2025,,,,Intel::DOMAIN,
olnsnz2.mega.nz,MegaUploadSites,0,3/19/2025,3/19/2025,,,,Intel::DOMAIN,
olqbmm.cn.mega.nz,MegaUploadSites,0,3/19/2025,3/19/2025,,,,Intel::DOMAIN,
olslh.cn.mega.nz,MegaUploadSites,0,3/19/2025,3/19/2025,,,,Intel::DOMAIN,
oma.mega.nz,MegaUploadSites,0,3/19/2025,3/19/2025,,,,Intel::DOMAIN,
omnssf.com.mega.nz,MegaUploadSites,0,3/19/2025,3/19/2025,,,,Intel::DOMAIN,
omutninsk.43.mega.nz,MegaUploadSites,0,3/19/2025,3/19/2025,,,,Intel::DOMAIN,
onahxynsnz2.mega.nz,MegaUploadSites,0,3/19/2025,3/19/2025,,,,Intel::DOMAIN,
onehub-ase-dev.p.mega.nz,MegaUploadSites,0,3/19/2025,3/19/2025,,,,Intel::DOMAIN,
online-distance.mega.nz,MegaUploadSites,0,3/19/2025,3/19/2025,,,,Intel::DOMAIN,
onlinegames.mega.nz,MegaUploadSites,0,3/19/2025,3/19/2025,,,,Intel::DOMAIN,
onsendz.com.mega.nz,MegaUploadSites,0,3/19/2025,3/19/2025,,,,Intel::DOMAIN,
ooo.m.mega.nz,MegaUploadSites,0,3/19/2025,3/19/2025,,,,Intel::DOMAIN,
ooo.mega.nz,MegaUploadSites,0,3/19/2025,3/19/2025,,,,Intel::DOMAIN,
oosaka.3.mega.nz,MegaUploadSites,0,3/19/2025,3/19/2025,,,,Intel::DOMAIN,
openpgpkey.mega.nz,MegaUploadSites,0,3/19/2025,3/19/2025,,,,Intel::DOMAIN,
openxvideo114183407631.s.mega.nz,MegaUploadSites,0,3/19/2025,3/19/2025,,,,Intel::DOMAIN,
opmmtrzu4whmettcohseofh3hd.mega.nz,MegaUploadSites,0,3/19/2025,3/19/2025,,,,Intel::DOMAIN,
optimumcarensnz1.mega.nz,MegaUploadSites,0,3/19/2025,3/19/2025,,,,Intel::DOMAIN,
ordineavvonsnz1.mega.nz,MegaUploadSites,0,3/19/2025,3/19/2025,,,,Intel::DOMAIN,
ornsnz1.mega.nz,MegaUploadSites,0,3/19/2025,3/19/2025,,,,Intel::DOMAIN,
ornsnz2.mega.nz,MegaUploadSites,0,3/19/2025,3/19/2025,,,,Intel::DOMAIN,
orz86.cn.mega.nz,MegaUploadSites,0,3/19/2025,3/19/2025,,,,Intel::DOMAIN,
osar.s.a.mega.nz,MegaUploadSites,0,3/19/2025,3/19/2025,,,,Intel::DOMAIN,
osi3.mega.nz,MegaUploadSites,0,3/19/2025,3/19/2025,,,,Intel::DOMAIN,
ossenu.mega.nz,MegaUploadSites,0,3/19/2025,3/19/2025,,,,Intel::DOMAIN,
outengchuangzao.com.mega.nz,MegaUploadSites,0,3/19/2025,3/19/2025,,,,Intel::DOMAIN,
outlook.m.mega.nz,MegaUploadSites,0,3/19/2025,3/19/2025,,,,Intel::DOMAIN,
ov.mega.nz,MegaUploadSites,0,3/19/2025,3/19/2025,,,,Intel::DOMAIN,
ovh.mega.nz,MegaUploadSites,0,3/19/2025,3/19/2025,,,,Intel::DOMAIN,
owa.9.mega.nz,MegaUploadSites,0,3/19/2025,3/19/2025,,,,Intel::DOMAIN,
owa.c.mega.nz,MegaUploadSites,0,3/19/2025,3/19/2025,,,,Intel::DOMAIN,
owa.t.mega.nz,MegaUploadSites,0,3/19/2025,3/19/2025,,,,Intel::DOMAIN,
owjqg.cn.mega.nz,MegaUploadSites,0,3/19/2025,3/19/2025,,,,Intel::DOMAIN,
oynuezgruz0fyblw4rqo5osmrc-server.mega.nz,MegaUploadSites,0,3/19/2025,3/19/2025,,,,Intel::DOMAIN,
oynuezgruz0fyblw4rqo5osmrc-website.m.mega.nz,MegaUploadSites,0,3/19/2025,3/19/2025,,,,Intel::DOMAIN,
oynuezgruz0fyblw4rqo5osmrc-website.mega.nz,MegaUploadSites,0,3/19/2025,3/19/2025,,,,Intel::DOMAIN,
oynuezgruz0fyblw4rqo5osmrc.m.mega.nz,MegaUploadSites,0,3/19/2025,3/19/2025,,,,Intel::DOMAIN,
oynuezgruz0fyblw4rqo5osmrc.mega.nz,MegaUploadSites,0,3/19/2025,3/19/2025,,,,Intel::DOMAIN,
oynuezgruz0fyblw4rqo5osmrccontainer.mega.nz,MegaUploadSites,0,3/19/2025,3/19/2025,,,,Intel::DOMAIN,
oynuezgruz0fyblw4rqo5osmrcforum.m.mega.nz,MegaUploadSites,0,3/19/2025,3/19/2025,,,,Intel::DOMAIN,
oynuezgruz0fyblw4rqo5osmrcforum.mega.nz,MegaUploadSites,0,3/19/2025,3/19/2025,,,,Intel::DOMAIN,
oynuezgruz0fyblw4rqo5osmrcsearch.mega.nz,MegaUploadSites,0,3/19/2025,3/19/2025,,,,Intel::DOMAIN,
oyzgx.z.mega.nz,MegaUploadSites,0,3/19/2025,3/19/2025,,,,Intel::DOMAIN,
p.mega.nz,MegaUploadSites,0,3/19/2025,3/19/2025,,,,Intel::DOMAIN,
p1.mega.nz,MegaUploadSites,0,3/19/2025,3/19/2025,,,,Intel::DOMAIN,
p3bs1txqkqxaqlkou3rs4nlbgf-jinx.mega.nz,MegaUploadSites,0,3/19/2025,3/19/2025,,,,Intel::DOMAIN,
p3bs1txqkqxaqlkou3rs4nlbgf.5.mega.nz,MegaUploadSites,0,3/19/2025,3/19/2025,,,,Intel::DOMAIN,
p3bs1txqkqxaqlkou3rs4nlbgf.mega.nz,MegaUploadSites,0,3/19/2025,3/19/2025,,,,Intel::DOMAIN,
p3bs1txqkqxaqlkou3rs4nlbgf2.mega.nz,MegaUploadSites,0,3/19/2025,3/19/2025,,,,Intel::DOMAIN,
p3bs1txqkqxaqlkou3rs4nlbgfplay.mega.nz,MegaUploadSites,0,3/19/2025,3/19/2025,,,,Intel::DOMAIN,
p3bs1txqkqxaqlkou3rs4nlbgfweb.1.mega.nz,MegaUploadSites,0,3/19/2025,3/19/2025,,,,Intel::DOMAIN,
p3bs1txqkqxaqlkou3rs4nlbgfweb.m.mega.nz,MegaUploadSites,0,3/19/2025,3/19/2025,,,,Intel::DOMAIN,
p3bs1txqkqxaqlkou3rs4nlbgfweb.mega.nz,MegaUploadSites,0,3/19/2025,3/19/2025,,,,Intel::DOMAIN,
padraonsnz2.mega.nz,MegaUploadSites,0,3/19/2025,3/19/2025,,,,Intel::DOMAIN,
paiute.mega.nz,MegaUploadSites,0,3/19/2025,3/19/2025,,,,Intel::DOMAIN,
pan.m.mega.nz,MegaUploadSites,0,3/19/2025,3/19/2025,,,,Intel::DOMAIN,
panamerinsnz2.mega.nz,MegaUploadSites,0,3/19/2025,3/19/2025,,,,Intel::DOMAIN,
panamnsnz2.mega.nz,MegaUploadSites,0,3/19/2025,3/19/2025,,,,Intel::DOMAIN,
pandemic0105.blog.mega.nz,MegaUploadSites,0,3/19/2025,3/19/2025,,,,Intel::DOMAIN,
panel.mega.nz,MegaUploadSites,0,3/19/2025,3/19/2025,,,,Intel::DOMAIN,
park.mega.nz,MegaUploadSites,0,3/19/2025,3/19/2025,,,,Intel::DOMAIN,
parks.mega.nz,MegaUploadSites,0,3/19/2025,3/19/2025,,,,Intel::DOMAIN,
party-fs.mega.nz,MegaUploadSites,0,3/19/2025,3/19/2025,,,,Intel::DOMAIN,
path.mega.nz,MegaUploadSites,0,3/19/2025,3/19/2025,,,,Intel::DOMAIN,
patriotinsde2.mega.nz,MegaUploadSites,0,3/19/2025,3/19/2025,,,,Intel::DOMAIN,
paulandkatinsde1.m.mega.nz,MegaUploadSites,0,3/19/2025,3/19/2025,,,,Intel::DOMAIN,
paulandkatinsde1.mega.nz,MegaUploadSites,0,3/19/2025,3/19/2025,,,,Intel::DOMAIN,
paunsde1.mega.nz,MegaUploadSites,0,3/19/2025,3/19/2025,,,,Intel::DOMAIN,
payment3.mega.nz,MegaUploadSites,0,3/19/2025,3/19/2025,,,,Intel::DOMAIN,
paypal.com.signin.country.x.mega.nz,MegaUploadSites,0,3/19/2025,3/19/2025,,,,Intel::DOMAIN,
pbsdpa.mega.nz,MegaUploadSites,0,3/19/2025,3/19/2025,,,,Intel::DOMAIN,
pc.mega.nz,MegaUploadSites,0,3/19/2025,3/19/2025,,,,Intel::DOMAIN,
pc1115.mega.nz,MegaUploadSites,0,3/19/2025,3/19/2025,,,,Intel::DOMAIN,
pc1484.mega.nz,MegaUploadSites,0,3/19/2025,3/19/2025,,,,Intel::DOMAIN,
pc1520.mega.nz,MegaUploadSites,0,3/19/2025,3/19/2025,,,,Intel::DOMAIN,
pc168.mega.nz,MegaUploadSites,0,3/19/2025,3/19/2025,,,,Intel::DOMAIN,
pc3280.mega.nz,MegaUploadSites,0,3/19/2025,3/19/2025,,,,Intel::DOMAIN,
pc3404.mega.nz,MegaUploadSites,0,3/19/2025,3/19/2025,,,,Intel::DOMAIN,
pc5.mega.nz,MegaUploadSites,0,3/19/2025,3/19/2025,,,,Intel::DOMAIN,
pc66.cms.mega.nz,MegaUploadSites,0,3/19/2025,3/19/2025,,,,Intel::DOMAIN,
pcr.mega.nz,MegaUploadSites,0,3/19/2025,3/19/2025,,,,Intel::DOMAIN,
pcrl.m.mega.nz,MegaUploadSites,0,3/19/2025,3/19/2025,,,,Intel::DOMAIN,
pda.mega.nz,MegaUploadSites,0,3/19/2025,3/19/2025,,,,Intel::DOMAIN,
pengdaguanye.com.mega.nz,MegaUploadSites,0,3/19/2025,3/19/2025,,,,Intel::DOMAIN,
pensnz2.0.mega.nz,MegaUploadSites,0,3/19/2025,3/19/2025,,,,Intel::DOMAIN,
pensnz2.mega.nz,MegaUploadSites,0,3/19/2025,3/19/2025,,,,Intel::DOMAIN,
peppersentertainmentnsde2.mega.nz,MegaUploadSites,0,3/19/2025,3/19/2025,,,,Intel::DOMAIN,
performance.cms.mega.nz,MegaUploadSites,0,3/19/2025,3/19/2025,,,,Intel::DOMAIN,
peterhof.78.mega.nz,MegaUploadSites,0,3/19/2025,3/19/2025,,,,Intel::DOMAIN,
petrtest4.p.mega.nz,MegaUploadSites,0,3/19/2025,3/19/2025,,,,Intel::DOMAIN,
pf.mega.nz,MegaUploadSites,0,3/19/2025,3/19/2025,,,,Intel::DOMAIN,
ph.1.mega.nz,MegaUploadSites,0,3/19/2025,3/19/2025,,,,Intel::DOMAIN,
phaster.w.mega.nz,MegaUploadSites,0,3/19/2025,3/19/2025,,,,Intel::DOMAIN,
phav.mega.nz,MegaUploadSites,0,3/19/2025,3/19/2025,,,,Intel::DOMAIN,
phnsde1.mega.nz,MegaUploadSites,0,3/19/2025,3/19/2025,,,,Intel::DOMAIN,
pholvinskycattensnz2.mega.nz,MegaUploadSites,0,3/19/2025,3/19/2025,,,,Intel::DOMAIN,
photographythomaskru.mega.nz,MegaUploadSites,0,3/19/2025,3/19/2025,,,,Intel::DOMAIN,
phvxjl.cn.mega.nz,MegaUploadSites,0,3/19/2025,3/19/2025,,,,Intel::DOMAIN,
pic.v.mega.nz,MegaUploadSites,0,3/19/2025,3/19/2025,,,,Intel::DOMAIN,
picktrue.net.mega.nz,MegaUploadSites,0,3/19/2025,3/19/2025,,,,Intel::DOMAIN,
pipe.mega.nz,MegaUploadSites,0,3/19/2025,3/19/2025,,,,Intel::DOMAIN,
pj-masks.mega.nz,MegaUploadSites,0,3/19/2025,3/19/2025,,,,Intel::DOMAIN,
pjones.mega.nz,MegaUploadSites,0,3/19/2025,3/19/2025,,,,Intel::DOMAIN,
pkzja.cn.mega.nz,MegaUploadSites,0,3/19/2025,3/19/2025,,,,Intel::DOMAIN,
pl.3.mega.nz,MegaUploadSites,0,3/19/2025,3/19/2025,,,,Intel::DOMAIN,
plankton-gtm.a.mega.nz,MegaUploadSites,0,3/19/2025,3/19/2025,,,,Intel::DOMAIN,
plaza.mega.nz,MegaUploadSites,0,3/19/2025,3/19/2025,,,,Intel::DOMAIN,
pletove-masky.mega.nz,MegaUploadSites,0,3/19/2025,3/19/2025,,,,Intel::DOMAIN,
plib.r.mega.nz,MegaUploadSites,0,3/19/2025,3/19/2025,,,,Intel::DOMAIN,
plus.mega.nz,MegaUploadSites,0,3/19/2025,3/19/2025,,,,Intel::DOMAIN,
plusbusiness.1.mega.nz,MegaUploadSites,0,3/19/2025,3/19/2025,,,,Intel::DOMAIN,
pmg.mega.nz,MegaUploadSites,0,3/19/2025,3/19/2025,,,,Intel::DOMAIN,
pnntest.mega.nz,MegaUploadSites,0,3/19/2025,3/19/2025,,,,Intel::DOMAIN,
pnsde1.mega.nz,MegaUploadSites,0,3/19/2025,3/19/2025,,,,Intel::DOMAIN,
pnsde2.m.mega.nz,MegaUploadSites,0,3/19/2025,3/19/2025,,,,Intel::DOMAIN,
pnsde2.mega.nz,MegaUploadSites,0,3/19/2025,3/19/2025,,,,Intel::DOMAIN,
pnu2qr1rgiku1nl5s4tuxe5l3e-91.m.mega.nz,MegaUploadSites,0,3/19/2025,3/19/2025,,,,Intel::DOMAIN,
pnu2qr1rgiku1nl5s4tuxe5l3e-91.mega.nz,MegaUploadSites,0,3/19/2025,3/19/2025,,,,Intel::DOMAIN,
pnu2qr1rgiku1nl5s4tuxe5l3e.m.mega.nz,MegaUploadSites,0,3/19/2025,3/19/2025,,,,Intel::DOMAIN,
pnu2qr1rgiku1nl5s4tuxe5l3e.mega.nz,MegaUploadSites,0,3/19/2025,3/19/2025,,,,Intel::DOMAIN,
pnu2qr1rgiku1nl5s4tuxe5l3ebrazilsouthstage.mega.nz,MegaUploadSites,0,3/19/2025,3/19/2025,,,,Intel::DOMAIN,
po.mega.nz,MegaUploadSites,0,3/19/2025,3/19/2025,,,,Intel::DOMAIN,
pobedit.mega.nz,MegaUploadSites,0,3/19/2025,3/19/2025,,,,Intel::DOMAIN,
poboxintnsde2.mega.nz,MegaUploadSites,0,3/19/2025,3/19/2025,,,,Intel::DOMAIN,
pochafetish.2.mega.nz,MegaUploadSites,0,3/19/2025,3/19/2025,,,,Intel::DOMAIN,
pomahejpowww.mega.nz,MegaUploadSites,0,3/19/2025,3/19/2025,,,,Intel::DOMAIN,
pond.echo.t.mega.nz,MegaUploadSites,0,3/19/2025,3/19/2025,,,,Intel::DOMAIN,
pop.a.mega.nz,MegaUploadSites,0,3/19/2025,3/19/2025,,,,Intel::DOMAIN,
pop.b.mega.nz,MegaUploadSites,0,3/19/2025,3/19/2025,,,,Intel::DOMAIN,
pop.e.mega.nz,MegaUploadSites,0,3/19/2025,3/19/2025,,,,Intel::DOMAIN,
pop.i.mega.nz,MegaUploadSites,0,3/19/2025,3/19/2025,,,,Intel::DOMAIN,
pop.m.mega.nz,MegaUploadSites,0,3/19/2025,3/19/2025,,,,Intel::DOMAIN,
pop.mega.nz,MegaUploadSites,0,3/19/2025,3/19/2025,,,,Intel::DOMAIN,
pop3.mega.nz,MegaUploadSites,0,3/19/2025,3/19/2025,,,,Intel::DOMAIN,
poppytalk.mega.nz,MegaUploadSites,0,3/19/2025,3/19/2025,,,,Intel::DOMAIN,
pornilov.mega.nz,MegaUploadSites,0,3/19/2025,3/19/2025,,,,Intel::DOMAIN,
portal.1.mega.nz,MegaUploadSites,0,3/19/2025,3/19/2025,,,,Intel::DOMAIN,
portal.9.mega.nz,MegaUploadSites,0,3/19/2025,3/19/2025,,,,Intel::DOMAIN,
portal.a.mega.nz,MegaUploadSites,0,3/19/2025,3/19/2025,,,,Intel::DOMAIN,
postmaster.m.mega.nz,MegaUploadSites,0,3/19/2025,3/19/2025,,,,Intel::DOMAIN,
ppls.m.mega.nz,MegaUploadSites,0,3/19/2025,3/19/2025,,,,Intel::DOMAIN,
ppls.mega.nz,MegaUploadSites,0,3/19/2025,3/19/2025,,,,Intel::DOMAIN,
pr.mega.nz,MegaUploadSites,0,3/19/2025,3/19/2025,,,,Intel::DOMAIN,
prd.cms.mega.nz,MegaUploadSites,0,3/19/2025,3/19/2025,,,,Intel::DOMAIN,
pre.m.mega.nz,MegaUploadSites,0,3/19/2025,3/19/2025,,,,Intel::DOMAIN,
preview.app.mega.nz,MegaUploadSites,0,3/19/2025,3/19/2025,,,,Intel::DOMAIN,
privacy.mega.nz,MegaUploadSites,0,3/19/2025,3/19/2025,,,,Intel::DOMAIN,
private.m.mega.nz,MegaUploadSites,0,3/19/2025,3/19/2025,,,,Intel::DOMAIN,
private.mega.nz,MegaUploadSites,0,3/19/2025,3/19/2025,,,,Intel::DOMAIN,
prne-app-ase-01.p.mega.nz,MegaUploadSites,0,3/19/2025,3/19/2025,,,,Intel::DOMAIN,
prober.mega.nz,MegaUploadSites,0,3/19/2025,3/19/2025,,,,Intel::DOMAIN,
prod-ads-ase-usea.p.mega.nz,MegaUploadSites,0,3/19/2025,3/19/2025,,,,Intel::DOMAIN,
prod-redirector.6.mega.nz,MegaUploadSites,0,3/19/2025,3/19/2025,,,,Intel::DOMAIN,
prod.f.mega.nz,MegaUploadSites,0,3/19/2025,3/19/2025,,,,Intel::DOMAIN,
prodaserss1.p.mega.nz,MegaUploadSites,0,3/19/2025,3/19/2025,,,,Intel::DOMAIN,
productioniphone.3.mega.nz,MegaUploadSites,0,3/19/2025,3/19/2025,,,,Intel::DOMAIN,
prometheus.d.mega.nz,MegaUploadSites,0,3/19/2025,3/19/2025,,,,Intel::DOMAIN,
promobil.mega.nz,MegaUploadSites,0,3/19/2025,3/19/2025,,,,Intel::DOMAIN,
protected.s.mega.nz,MegaUploadSites,0,3/19/2025,3/19/2025,,,,Intel::DOMAIN,
proteus.cms.mega.nz,MegaUploadSites,0,3/19/2025,3/19/2025,,,,Intel::DOMAIN,
pt.3.mega.nz,MegaUploadSites,0,3/19/2025,3/19/2025,,,,Intel::DOMAIN,
pt.mega.nz,MegaUploadSites,0,3/19/2025,3/19/2025,,,,Intel::DOMAIN,
ptcnsnz2.m.mega.nz,MegaUploadSites,0,3/19/2025,3/19/2025,,,,Intel::DOMAIN,
ptcnsnz2.mega.nz,MegaUploadSites,0,3/19/2025,3/19/2025,,,,Intel::DOMAIN,
ptld.mega.nz,MegaUploadSites,0,3/19/2025,3/19/2025,,,,Intel::DOMAIN,
pub-img.s.mega.nz,MegaUploadSites,0,3/19/2025,3/19/2025,,,,Intel::DOMAIN,
public.3.mega.nz,MegaUploadSites,0,3/19/2025,3/19/2025,,,,Intel::DOMAIN,
pueblonuevonews.mega.nz,MegaUploadSites,0,3/19/2025,3/19/2025,,,,Intel::DOMAIN,
pundaikulsunni.mega.nz,MegaUploadSites,0,3/19/2025,3/19/2025,,,,Intel::DOMAIN,
purdue-242.mega.nz,MegaUploadSites,0,3/19/2025,3/19/2025,,,,Intel::DOMAIN,
purdue-m.mega.nz,MegaUploadSites,0,3/19/2025,3/19/2025,,,,Intel::DOMAIN,
purdue.mega.nz,MegaUploadSites,0,3/19/2025,3/19/2025,,,,Intel::DOMAIN,
purdueeastusbeta.1.mega.nz,MegaUploadSites,0,3/19/2025,3/19/2025,,,,Intel::DOMAIN,
purdueeastussandbox.3.mega.nz,MegaUploadSites,0,3/19/2025,3/19/2025,,,,Intel::DOMAIN,
purdueeastusstage.mega.nz,MegaUploadSites,0,3/19/2025,3/19/2025,,,,Intel::DOMAIN,
purdueeastustesting.6.mega.nz,MegaUploadSites,0,3/19/2025,3/19/2025,,,,Intel::DOMAIN,
purduejapanwestbackend.2.mega.nz,MegaUploadSites,0,3/19/2025,3/19/2025,,,,Intel::DOMAIN,
purduejapanwestd.0.mega.nz,MegaUploadSites,0,3/19/2025,3/19/2025,,,,Intel::DOMAIN,
purduejapanweststage.6.mega.nz,MegaUploadSites,0,3/19/2025,3/19/2025,,,,Intel::DOMAIN,
purduejapanweststage.mega.nz,MegaUploadSites,0,3/19/2025,3/19/2025,,,,Intel::DOMAIN,
purpose.mega.nz,MegaUploadSites,0,3/19/2025,3/19/2025,,,,Intel::DOMAIN,
push-notifications.mega.nz,MegaUploadSites,0,3/19/2025,3/19/2025,,,,Intel::DOMAIN,
pusutax.com.cn.mega.nz,MegaUploadSites,0,3/19/2025,3/19/2025,,,,Intel::DOMAIN,
putana.mega.nz,MegaUploadSites,0,3/19/2025,3/19/2025,,,,Intel::DOMAIN,
pw.mega.nz,MegaUploadSites,0,3/19/2025,3/19/2025,,,,Intel::DOMAIN,
pxy270n001.karere.m.mega.nz,MegaUploadSites,0,3/19/2025,3/19/2025,,,,Intel::DOMAIN,
pxy270n001.karere.mega.nz,MegaUploadSites,0,3/19/2025,3/19/2025,,,,Intel::DOMAIN,
pxy270n002.karere.mega.nz,MegaUploadSites,0,3/19/2025,3/19/2025,,,,Intel::DOMAIN,
pxy302n001.karere.mega.nz,MegaUploadSites,0,3/19/2025,3/19/2025,,,,Intel::DOMAIN,
pxy302n002.karere.mega.nz,MegaUploadSites,0,3/19/2025,3/19/2025,,,,Intel::DOMAIN,
pzrivbputt4erczffzschuhrcb.mega.nz,MegaUploadSites,0,3/19/2025,3/19/2025,,,,Intel::DOMAIN,
q.mega.nz,MegaUploadSites,0,3/19/2025,3/19/2025,,,,Intel::DOMAIN,
q0e1ki3zxz.s.mega.nz,MegaUploadSites,0,3/19/2025,3/19/2025,,,,Intel::DOMAIN,
q1.mega.nz,MegaUploadSites,0,3/19/2025,3/19/2025,,,,Intel::DOMAIN,
q5ej8wvorv3.csngok.ok.mega.nz,MegaUploadSites,0,3/19/2025,3/19/2025,,,,Intel::DOMAIN,
q6b.mega.nz,MegaUploadSites,0,3/19/2025,3/19/2025,,,,Intel::DOMAIN,
q9.6a.mega.nz,MegaUploadSites,0,3/19/2025,3/19/2025,,,,Intel::DOMAIN,
q93d2423s8xwl.4qob0brqrszt4kpe1qsgdne4mglatinamerica.mega.nz,MegaUploadSites,0,3/19/2025,3/19/2025,,,,Intel::DOMAIN,
qa.ci.mega.nz,MegaUploadSites,0,3/19/2025,3/19/2025,,,,Intel::DOMAIN,
qa.mega.nz,MegaUploadSites,0,3/19/2025,3/19/2025,,,,Intel::DOMAIN,
qa1services.p.mega.nz,MegaUploadSites,0,3/19/2025,3/19/2025,,,,Intel::DOMAIN,
qa3.dr.m.mega.nz,MegaUploadSites,0,3/19/2025,3/19/2025,,,,Intel::DOMAIN,
qaiphone.7.mega.nz,MegaUploadSites,0,3/19/2025,3/19/2025,,,,Intel::DOMAIN,
qars.game.mega.nz,MegaUploadSites,0,3/19/2025,3/19/2025,,,,Intel::DOMAIN,
qcjts.cn.mega.nz,MegaUploadSites,0,3/19/2025,3/19/2025,,,,Intel::DOMAIN,
qdbeilei.com.mega.nz,MegaUploadSites,0,3/19/2025,3/19/2025,,,,Intel::DOMAIN,
qdzw9m9lf3.r.mega.nz,MegaUploadSites,0,3/19/2025,3/19/2025,,,,Intel::DOMAIN,
qf78h.dev.mega.nz,MegaUploadSites,0,3/19/2025,3/19/2025,,,,Intel::DOMAIN,
qgcdwy.cn.mega.nz,MegaUploadSites,0,3/19/2025,3/19/2025,,,,Intel::DOMAIN,
qhj.mega.nz,MegaUploadSites,0,3/19/2025,3/19/2025,,,,Intel::DOMAIN,
qingganqu.com.mega.nz,MegaUploadSites,0,3/19/2025,3/19/2025,,,,Intel::DOMAIN,
qks1rknl1.i97.mega.nz,MegaUploadSites,0,3/19/2025,3/19/2025,,,,Intel::DOMAIN,
qkuzx7g.4qob0brqrszt4kpe1qsgdne4mglatinamerica.mega.nz,MegaUploadSites,0,3/19/2025,3/19/2025,,,,Intel::DOMAIN,
qlnsde1.mega.nz,MegaUploadSites,0,3/19/2025,3/19/2025,,,,Intel::DOMAIN,
qlths4zt3mrfvzhlavqen5b2me.mega.nz,MegaUploadSites,0,3/19/2025,3/19/2025,,,,Intel::DOMAIN,
qnsde2.m.mega.nz,MegaUploadSites,0,3/19/2025,3/19/2025,,,,Intel::DOMAIN,
qnsde2.mega.nz,MegaUploadSites,0,3/19/2025,3/19/2025,,,,Intel::DOMAIN,
qo2i1ev.dev.mega.nz,MegaUploadSites,0,3/19/2025,3/19/2025,,,,Intel::DOMAIN,
qobbrqrsztkpeqsgdnemgstaging.0.mega.nz,MegaUploadSites,0,3/19/2025,3/19/2025,,,,Intel::DOMAIN,
qq-qq.net.mega.nz,MegaUploadSites,0,3/19/2025,3/19/2025,,,,Intel::DOMAIN,
qtk.mega.nz,MegaUploadSites,0,3/19/2025,3/19/2025,,,,Intel::DOMAIN,
qtkz04jvqfr1lbb3yerss0zi5f.mega.nz,MegaUploadSites,0,3/19/2025,3/19/2025,,,,Intel::DOMAIN,
qtoud.5.mega.nz,MegaUploadSites,0,3/19/2025,3/19/2025,,,,Intel::DOMAIN,
quarantine.hibox.mega.nz,MegaUploadSites,0,3/19/2025,3/19/2025,,,,Intel::DOMAIN,
quarantine2.mega.nz,MegaUploadSites,0,3/19/2025,3/19/2025,,,,Intel::DOMAIN,
quarter-virus.mega.nz,MegaUploadSites,0,3/19/2025,3/19/2025,,,,Intel::DOMAIN,
quest.cms.mega.nz,MegaUploadSites,0,3/19/2025,3/19/2025,,,,Intel::DOMAIN,
quo.mega.nz,MegaUploadSites,0,3/19/2025,3/19/2025,,,,Intel::DOMAIN,
quote.m.mega.nz,MegaUploadSites,0,3/19/2025,3/19/2025,,,,Intel::DOMAIN,
quote05.mega.nz,MegaUploadSites,0,3/19/2025,3/19/2025,,,,Intel::DOMAIN,
quotes.mega.nz,MegaUploadSites,0,3/19/2025,3/19/2025,,,,Intel::DOMAIN,
qvmnlrbshar02sww10qwfvkp4g.mega.nz,MegaUploadSites,0,3/19/2025,3/19/2025,,,,Intel::DOMAIN,
qvwnh.cn.mega.nz,MegaUploadSites,0,3/19/2025,3/19/2025,,,,Intel::DOMAIN,
qygbl.cn.mega.nz,MegaUploadSites,0,3/19/2025,3/19/2025,,,,Intel::DOMAIN,
qzlyzx.net.mega.nz,MegaUploadSites,0,3/19/2025,3/19/2025,,,,Intel::DOMAIN,
qzoyvv.cn.mega.nz,MegaUploadSites,0,3/19/2025,3/19/2025,,,,Intel::DOMAIN,
r.m.mega.nz,MegaUploadSites,0,3/19/2025,3/19/2025,,,,Intel::DOMAIN,
r.mega.nz,MegaUploadSites,0,3/19/2025,3/19/2025,,,,Intel::DOMAIN,
r1.mega.nz,MegaUploadSites,0,3/19/2025,3/19/2025,,,,Intel::DOMAIN,
r14---sn-o097znek.c.mega.nz,MegaUploadSites,0,3/19/2025,3/19/2025,,,,Intel::DOMAIN,
r19---sn-n4v7kn7z.c.mega.nz,MegaUploadSites,0,3/19/2025,3/19/2025,,,,Intel::DOMAIN,
r3---sn-n4v7kn7d.c.mega.nz,MegaUploadSites,0,3/19/2025,3/19/2025,,,,Intel::DOMAIN,
r3---sn-n4v7sn7s.c.mega.nz,MegaUploadSites,0,3/19/2025,3/19/2025,,,,Intel::DOMAIN,
r4---sn-o097znlk.c.mega.nz,MegaUploadSites,0,3/19/2025,3/19/2025,,,,Intel::DOMAIN,
r6---sn-n4v7sn7s.c.mega.nz,MegaUploadSites,0,3/19/2025,3/19/2025,,,,Intel::DOMAIN,
r6.1n.mega.nz,MegaUploadSites,0,3/19/2025,3/19/2025,,,,Intel::DOMAIN,
r7---sn-n4v7kn7z.c.mega.nz,MegaUploadSites,0,3/19/2025,3/19/2025,,,,Intel::DOMAIN,
r7---sn-o097znle.c.mega.nz,MegaUploadSites,0,3/19/2025,3/19/2025,,,,Intel::DOMAIN,
r8.mega.nz,MegaUploadSites,0,3/19/2025,3/19/2025,,,,Intel::DOMAIN,
r9---sn-o097zne6.c.mega.nz,MegaUploadSites,0,3/19/2025,3/19/2025,,,,Intel::DOMAIN,
ra.mega.nz,MegaUploadSites,0,3/19/2025,3/19/2025,,,,Intel::DOMAIN,
rachelhansnz2.mega.nz,MegaUploadSites,0,3/19/2025,3/19/2025,,,,Intel::DOMAIN,
racknsnz2.mega.nz,MegaUploadSites,0,3/19/2025,3/19/2025,,,,Intel::DOMAIN,
ralch.cn.mega.nz,MegaUploadSites,0,3/19/2025,3/19/2025,,,,Intel::DOMAIN,
ranselbertopeng.mega.nz,MegaUploadSites,0,3/19/2025,3/19/2025,,,,Intel::DOMAIN,
rape.5.mega.nz,MegaUploadSites,0,3/19/2025,3/19/2025,,,,Intel::DOMAIN,
rau0m.m.mega.nz,MegaUploadSites,0,3/19/2025,3/19/2025,,,,Intel::DOMAIN,
rayqp.cn.mega.nz,MegaUploadSites,0,3/19/2025,3/19/2025,,,,Intel::DOMAIN,
raystendall.mega.nz,MegaUploadSites,0,3/19/2025,3/19/2025,,,,Intel::DOMAIN,
rcaqm.cn.mega.nz,MegaUploadSites,0,3/19/2025,3/19/2025,,,,Intel::DOMAIN,
rebuildingansnz1.mega.nz,MegaUploadSites,0,3/19/2025,3/19/2025,,,,Intel::DOMAIN,
receipts.mega.nz,MegaUploadSites,0,3/19/2025,3/19/2025,,,,Intel::DOMAIN,
reddit-2014.m.mega.nz,MegaUploadSites,0,3/19/2025,3/19/2025,,,,Intel::DOMAIN,
reddit-2014.mega.nz,MegaUploadSites,0,3/19/2025,3/19/2025,,,,Intel::DOMAIN,
reddit-apollo.mega.nz,MegaUploadSites,0,3/19/2025,3/19/2025,,,,Intel::DOMAIN,
reddit-oud.mega.nz,MegaUploadSites,0,3/19/2025,3/19/2025,,,,Intel::DOMAIN,
reddit.mega.nz,MegaUploadSites,0,3/19/2025,3/19/2025,,,,Intel::DOMAIN,
redditaustraliasoutheaststage.mega.nz,MegaUploadSites,0,3/19/2025,3/19/2025,,,,Intel::DOMAIN,
redditfw.mega.nz,MegaUploadSites,0,3/19/2025,3/19/2025,,,,Intel::DOMAIN,
relnsde2.mega.nz,MegaUploadSites,0,3/19/2025,3/19/2025,,,,Intel::DOMAIN,
remote.0.mega.nz,MegaUploadSites,0,3/19/2025,3/19/2025,,,,Intel::DOMAIN,
remote.a.mega.nz,MegaUploadSites,0,3/19/2025,3/19/2025,,,,Intel::DOMAIN,
remote.b.mega.nz,MegaUploadSites,0,3/19/2025,3/19/2025,,,,Intel::DOMAIN,
remote.m.mega.nz,MegaUploadSites,0,3/19/2025,3/19/2025,,,,Intel::DOMAIN,
remote.mega.nz,MegaUploadSites,0,3/19/2025,3/19/2025,,,,Intel::DOMAIN,
removeviruswithease.mega.nz,MegaUploadSites,0,3/19/2025,3/19/2025,,,,Intel::DOMAIN,
renae.mega.nz,MegaUploadSites,0,3/19/2025,3/19/2025,,,,Intel::DOMAIN,
reports.mega.nz,MegaUploadSites,0,3/19/2025,3/19/2025,,,,Intel::DOMAIN,
reservation.cms.mega.nz,MegaUploadSites,0,3/19/2025,3/19/2025,,,,Intel::DOMAIN,
respiratory-care-sleep-medicine.mega.nz,MegaUploadSites,0,3/19/2025,3/19/2025,,,,Intel::DOMAIN,
respiratory-research.mega.nz,MegaUploadSites,0,3/19/2025,3/19/2025,,,,Intel::DOMAIN,
respiratorysystem609.mega.nz,MegaUploadSites,0,3/19/2025,3/19/2025,,,,Intel::DOMAIN,
respiratorytherapycave.mega.nz,MegaUploadSites,0,3/19/2025,3/19/2025,,,,Intel::DOMAIN,
rest-notice.mega.nz,MegaUploadSites,0,3/19/2025,3/19/2025,,,,Intel::DOMAIN,
rfrbleasuredehydratorysagnsnz2.m.mega.nz,MegaUploadSites,0,3/19/2025,3/19/2025,,,,Intel::DOMAIN,
rfrbleasuredehydratorysagnsnz2.mega.nz,MegaUploadSites,0,3/19/2025,3/19/2025,,,,Intel::DOMAIN,
ria-1.mega.nz,MegaUploadSites,0,3/19/2025,3/19/2025,,,,Intel::DOMAIN,
riff.mega.nz,MegaUploadSites,0,3/19/2025,3/19/2025,,,,Intel::DOMAIN,
ritnsnz1.m.mega.nz,MegaUploadSites,0,3/19/2025,3/19/2025,,,,Intel::DOMAIN,
ritnsnz1.mega.nz,MegaUploadSites,0,3/19/2025,3/19/2025,,,,Intel::DOMAIN,
rjk.mega.nz,MegaUploadSites,0,3/19/2025,3/19/2025,,,,Intel::DOMAIN,
rjraf52q45fnkkv1mbr2lawy2f.mega.nz,MegaUploadSites,0,3/19/2025,3/19/2025,,,,Intel::DOMAIN,
rldzv.cn.mega.nz,MegaUploadSites,0,3/19/2025,3/19/2025,,,,Intel::DOMAIN,
rmistg.mega.nz,MegaUploadSites,0,3/19/2025,3/19/2025,,,,Intel::DOMAIN,
rmnsnz1-14.m.mega.nz,MegaUploadSites,0,3/19/2025,3/19/2025,,,,Intel::DOMAIN,
rmnsnz1-14.mega.nz,MegaUploadSites,0,3/19/2025,3/19/2025,,,,Intel::DOMAIN,
rmnsnz1-200.mega.nz,MegaUploadSites,0,3/19/2025,3/19/2025,,,,Intel::DOMAIN,
rmnsnz1-eu.mega.nz,MegaUploadSites,0,3/19/2025,3/19/2025,,,,Intel::DOMAIN,
rmnsnz1-s3.mega.nz,MegaUploadSites,0,3/19/2025,3/19/2025,,,,Intel::DOMAIN,
rmnsnz1.m.mega.nz,MegaUploadSites,0,3/19/2025,3/19/2025,,,,Intel::DOMAIN,
rmnsnz1.mega.nz,MegaUploadSites,0,3/19/2025,3/19/2025,,,,Intel::DOMAIN,
rmnsnz18.mega.nz,MegaUploadSites,0,3/19/2025,3/19/2025,,,,Intel::DOMAIN,
rmnsnz1west.mega.nz,MegaUploadSites,0,3/19/2025,3/19/2025,,,,Intel::DOMAIN,
rms.mega.nz,MegaUploadSites,0,3/19/2025,3/19/2025,,,,Intel::DOMAIN,
rnb.mega.nz,MegaUploadSites,0,3/19/2025,3/19/2025,,,,Intel::DOMAIN,
ro.mega.nz,MegaUploadSites,0,3/19/2025,3/19/2025,,,,Intel::DOMAIN,
roadtrippers-travel.t.mega.nz,MegaUploadSites,0,3/19/2025,3/19/2025,,,,Intel::DOMAIN,
rogn.mega.nz,MegaUploadSites,0,3/19/2025,3/19/2025,,,,Intel::DOMAIN,
rotang.mega.nz,MegaUploadSites,0,3/19/2025,3/19/2025,,,,Intel::DOMAIN,
rotorvolgograd.m.mega.nz,MegaUploadSites,0,3/19/2025,3/19/2025,,,,Intel::DOMAIN,
rotorvolgograd.mega.nz,MegaUploadSites,0,3/19/2025,3/19/2025,,,,Intel::DOMAIN,
router.o.mega.nz,MegaUploadSites,0,3/19/2025,3/19/2025,,,,Intel::DOMAIN,
rp.accounnsnz1.mega.nz,MegaUploadSites,0,3/19/2025,3/19/2025,,,,Intel::DOMAIN,
rp.mega.nz,MegaUploadSites,0,3/19/2025,3/19/2025,,,,Intel::DOMAIN,
rrqnc6kywpinhdlkk6l31ywv55q9j28.cms.mega.nz,MegaUploadSites,0,3/19/2025,3/19/2025,,,,Intel::DOMAIN,
rs2.cms.mega.nz,MegaUploadSites,0,3/19/2025,3/19/2025,,,,Intel::DOMAIN,
rsuni.cn.mega.nz,MegaUploadSites,0,3/19/2025,3/19/2025,,,,Intel::DOMAIN,
rtr1.cms.mega.nz,MegaUploadSites,0,3/19/2025,3/19/2025,,,,Intel::DOMAIN,
ru.3.mega.nz,MegaUploadSites,0,3/19/2025,3/19/2025,,,,Intel::DOMAIN,
ru.4.mega.nz,MegaUploadSites,0,3/19/2025,3/19/2025,,,,Intel::DOMAIN,
rubinoserv.mega.nz,MegaUploadSites,0,3/19/2025,3/19/2025,,,,Intel::DOMAIN,
rudik.m.mega.nz,MegaUploadSites,0,3/19/2025,3/19/2025,,,,Intel::DOMAIN,
rudik.mega.nz,MegaUploadSites,0,3/19/2025,3/19/2025,,,,Intel::DOMAIN,
ruijinnews.cn.mega.nz,MegaUploadSites,0,3/19/2025,3/19/2025,,,,Intel::DOMAIN,
rutnsnz1.mega.nz,MegaUploadSites,0,3/19/2025,3/19/2025,,,,Intel::DOMAIN,
ryivpd0t4i1dbogrvtqsz3zjec.mega.nz,MegaUploadSites,0,3/19/2025,3/19/2025,,,,Intel::DOMAIN,
ryker.mega.nz,MegaUploadSites,0,3/19/2025,3/19/2025,,,,Intel::DOMAIN,
s-s.mega.nz,MegaUploadSites,0,3/19/2025,3/19/2025,,,,Intel::DOMAIN,
s.mega.nz,MegaUploadSites,0,3/19/2025,3/19/2025,,,,Intel::DOMAIN,
s.t.mega.nz,MegaUploadSites,0,3/19/2025,3/19/2025,,,,Intel::DOMAIN,
s0.s.mega.nz,MegaUploadSites,0,3/19/2025,3/19/2025,,,,Intel::DOMAIN,
s1.i.mega.nz,MegaUploadSites,0,3/19/2025,3/19/2025,,,,Intel::DOMAIN,
s1010493078.t.mega.nz,MegaUploadSites,0,3/19/2025,3/19/2025,,,,Intel::DOMAIN,
s1074995762.t.mega.nz,MegaUploadSites,0,3/19/2025,3/19/2025,,,,Intel::DOMAIN,
s1110197527.t.mega.nz,MegaUploadSites,0,3/19/2025,3/19/2025,,,,Intel::DOMAIN,
s113755760.t.mega.nz,MegaUploadSites,0,3/19/2025,3/19/2025,,,,Intel::DOMAIN,
s1178922466.t.mega.nz,MegaUploadSites,0,3/19/2025,3/19/2025,,,,Intel::DOMAIN,
s1193.t.mega.nz,MegaUploadSites,0,3/19/2025,3/19/2025,,,,Intel::DOMAIN,
s1229.t.mega.nz,MegaUploadSites,0,3/19/2025,3/19/2025,,,,Intel::DOMAIN,
s1323.t.mega.nz,MegaUploadSites,0,3/19/2025,3/19/2025,,,,Intel::DOMAIN,
s1358.t.mega.nz,MegaUploadSites,0,3/19/2025,3/19/2025,,,,Intel::DOMAIN,
s1359762879.t.mega.nz,MegaUploadSites,0,3/19/2025,3/19/2025,,,,Intel::DOMAIN,
s1371.t.mega.nz,MegaUploadSites,0,3/19/2025,3/19/2025,,,,Intel::DOMAIN,
s1373077256.t.mega.nz,MegaUploadSites,0,3/19/2025,3/19/2025,,,,Intel::DOMAIN,
s1406731827.t.mega.nz,MegaUploadSites,0,3/19/2025,3/19/2025,,,,Intel::DOMAIN,
s1444088438.t.mega.nz,MegaUploadSites,0,3/19/2025,3/19/2025,,,,Intel::DOMAIN,
s1449698164.t.mega.nz,MegaUploadSites,0,3/19/2025,3/19/2025,,,,Intel::DOMAIN,
s1545.t.mega.nz,MegaUploadSites,0,3/19/2025,3/19/2025,,,,Intel::DOMAIN,
s1546.t.mega.nz,MegaUploadSites,0,3/19/2025,3/19/2025,,,,Intel::DOMAIN,
s1548954099.t.mega.nz,MegaUploadSites,0,3/19/2025,3/19/2025,,,,Intel::DOMAIN,
s1570043475.t.mega.nz,MegaUploadSites,0,3/19/2025,3/19/2025,,,,Intel::DOMAIN,
s1571774289.t.mega.nz,MegaUploadSites,0,3/19/2025,3/19/2025,,,,Intel::DOMAIN,
s1585023691.t.mega.nz,MegaUploadSites,0,3/19/2025,3/19/2025,,,,Intel::DOMAIN,
s1626450524.t.mega.nz,MegaUploadSites,0,3/19/2025,3/19/2025,,,,Intel::DOMAIN,
s1680389219.t.mega.nz,MegaUploadSites,0,3/19/2025,3/19/2025,,,,Intel::DOMAIN,
s1758452892.t.mega.nz,MegaUploadSites,0,3/19/2025,3/19/2025,,,,Intel::DOMAIN,
s1765832372.t.mega.nz,MegaUploadSites,0,3/19/2025,3/19/2025,,,,Intel::DOMAIN,
s1866655263.t.mega.nz,MegaUploadSites,0,3/19/2025,3/19/2025,,,,Intel::DOMAIN,
s192200777.t.mega.nz,MegaUploadSites,0,3/19/2025,3/19/2025,,,,Intel::DOMAIN,
s21.mega.nz,MegaUploadSites,0,3/19/2025,3/19/2025,,,,Intel::DOMAIN,
s2502.t.mega.nz,MegaUploadSites,0,3/19/2025,3/19/2025,,,,Intel::DOMAIN,
s258138406.t.mega.nz,MegaUploadSites,0,3/19/2025,3/19/2025,,,,Intel::DOMAIN,
s276.mega.nz,MegaUploadSites,0,3/19/2025,3/19/2025,,,,Intel::DOMAIN,
s289.mega.nz,MegaUploadSites,0,3/19/2025,3/19/2025,,,,Intel::DOMAIN,
s2w12rkqloehsuwbp3tye1txvf.mega.nz,MegaUploadSites,0,3/19/2025,3/19/2025,,,,Intel::DOMAIN,
s316840696.t.mega.nz,MegaUploadSites,0,3/19/2025,3/19/2025,,,,Intel::DOMAIN,
s376572143.t.mega.nz,MegaUploadSites,0,3/19/2025,3/19/2025,,,,Intel::DOMAIN,
s457207082.t.mega.nz,MegaUploadSites,0,3/19/2025,3/19/2025,,,,Intel::DOMAIN,
s494359801.t.mega.nz,MegaUploadSites,0,3/19/2025,3/19/2025,,,,Intel::DOMAIN,
s614839713.t.mega.nz,MegaUploadSites,0,3/19/2025,3/19/2025,,,,Intel::DOMAIN,
s631157787.t.mega.nz,MegaUploadSites,0,3/19/2025,3/19/2025,,,,Intel::DOMAIN,
s638200148.t.mega.nz,MegaUploadSites,0,3/19/2025,3/19/2025,,,,Intel::DOMAIN,
s7.s.mega.nz,MegaUploadSites,0,3/19/2025,3/19/2025,,,,Intel::DOMAIN,
s714248197.t.mega.nz,MegaUploadSites,0,3/19/2025,3/19/2025,,,,Intel::DOMAIN,
s8.s.mega.nz,MegaUploadSites,0,3/19/2025,3/19/2025,,,,Intel::DOMAIN,
s840.t.mega.nz,MegaUploadSites,0,3/19/2025,3/19/2025,,,,Intel::DOMAIN,
s843460924.t.mega.nz,MegaUploadSites,0,3/19/2025,3/19/2025,,,,Intel::DOMAIN,
s937.t.mega.nz,MegaUploadSites,0,3/19/2025,3/19/2025,,,,Intel::DOMAIN,
s937142972.t.mega.nz,MegaUploadSites,0,3/19/2025,3/19/2025,,,,Intel::DOMAIN,
s94483084.t.mega.nz,MegaUploadSites,0,3/19/2025,3/19/2025,,,,Intel::DOMAIN,
s962951656.t.mega.nz,MegaUploadSites,0,3/19/2025,3/19/2025,,,,Intel::DOMAIN,
saas-prod-eu-west.p.mega.nz,MegaUploadSites,0,3/19/2025,3/19/2025,,,,Intel::DOMAIN,
sachem.mega.nz,MegaUploadSites,0,3/19/2025,3/19/2025,,,,Intel::DOMAIN,
saclay.mega.nz,MegaUploadSites,0,3/19/2025,3/19/2025,,,,Intel::DOMAIN,
sadpmr.mega.nz,MegaUploadSites,0,3/19/2025,3/19/2025,,,,Intel::DOMAIN,
safe.m.mega.nz,MegaUploadSites,0,3/19/2025,3/19/2025,,,,Intel::DOMAIN,
sag.mega.nz,MegaUploadSites,0,3/19/2025,3/19/2025,,,,Intel::DOMAIN,
saicool.cn.mega.nz,MegaUploadSites,0,3/19/2025,3/19/2025,,,,Intel::DOMAIN,
saintjamesalbnsde1.mega.nz,MegaUploadSites,0,3/19/2025,3/19/2025,,,,Intel::DOMAIN,
sally.mega.nz,MegaUploadSites,0,3/19/2025,3/19/2025,,,,Intel::DOMAIN,
salon.cms.mega.nz,MegaUploadSites,0,3/19/2025,3/19/2025,,,,Intel::DOMAIN,
sandboxoud.7.mega.nz,MegaUploadSites,0,3/19/2025,3/19/2025,,,,Intel::DOMAIN,
sanpinjianchaxitong.com.mega.nz,MegaUploadSites,0,3/19/2025,3/19/2025,,,,Intel::DOMAIN,
santianyang.com.mega.nz,MegaUploadSites,0,3/19/2025,3/19/2025,,,,Intel::DOMAIN,
sanxiayc.com.mega.nz,MegaUploadSites,0,3/19/2025,3/19/2025,,,,Intel::DOMAIN,
sanxujixie.com.mega.nz,MegaUploadSites,0,3/19/2025,3/19/2025,,,,Intel::DOMAIN,
sao.77.mega.nz,MegaUploadSites,0,3/19/2025,3/19/2025,,,,Intel::DOMAIN,
saoyisaoba.com.mega.nz,MegaUploadSites,0,3/19/2025,3/19/2025,,,,Intel::DOMAIN,
sapphiremnsnz2.mega.nz,MegaUploadSites,0,3/19/2025,3/19/2025,,,,Intel::DOMAIN,
sarnia.mega.nz,MegaUploadSites,0,3/19/2025,3/19/2025,,,,Intel::DOMAIN,
sasg.mega.nz,MegaUploadSites,0,3/19/2025,3/19/2025,,,,Intel::DOMAIN,
sb299.com.mega.nz,MegaUploadSites,0,3/19/2025,3/19/2025,,,,Intel::DOMAIN,
sb332.com.mega.nz,MegaUploadSites,0,3/19/2025,3/19/2025,,,,Intel::DOMAIN,
sbc.cms.mega.nz,MegaUploadSites,0,3/19/2025,3/19/2025,,,,Intel::DOMAIN,
sbj47bwe9vm6i.sip.mega.nz,MegaUploadSites,0,3/19/2025,3/19/2025,,,,Intel::DOMAIN,
sbs55.com.mega.nz,MegaUploadSites,0,3/19/2025,3/19/2025,,,,Intel::DOMAIN,
sc.mega.nz,MegaUploadSites,0,3/19/2025,3/19/2025,,,,Intel::DOMAIN,
scapin.mega.nz,MegaUploadSites,0,3/19/2025,3/19/2025,,,,Intel::DOMAIN,
scm.amdocsacademy2.p.mega.nz,MegaUploadSites,0,3/19/2025,3/19/2025,,,,Intel::DOMAIN,
scm.apksystems.p.mega.nz,MegaUploadSites,0,3/19/2025,3/19/2025,,,,Intel::DOMAIN,
scm.aps-tst-upgdrrun.p.mega.nz,MegaUploadSites,0,3/19/2025,3/19/2025,,,,Intel::DOMAIN,
scm.apsazewecsc-mobility-001.p.mega.nz,MegaUploadSites,0,3/19/2025,3/19/2025,,,,Intel::DOMAIN,
scm.ase-amm2.p.mega.nz,MegaUploadSites,0,3/19/2025,3/19/2025,,,,Intel::DOMAIN,
scm.ase-devvt-us-c-mas-app.p.mega.nz,MegaUploadSites,0,3/19/2025,3/19/2025,,,,Intel::DOMAIN,
scm.ase-klikindomaret.p.mega.nz,MegaUploadSites,0,3/19/2025,3/19/2025,,,,Intel::DOMAIN,
scm.ase-prod.p.mega.nz,MegaUploadSites,0,3/19/2025,3/19/2025,,,,Intel::DOMAIN,
scm.asegbmdev.p.mega.nz,MegaUploadSites,0,3/19/2025,3/19/2025,,,,Intel::DOMAIN,
scm.asenoe1.p.mega.nz,MegaUploadSites,0,3/19/2025,3/19/2025,,,,Intel::DOMAIN,
scm.asensgtest.p.mega.nz,MegaUploadSites,0,3/19/2025,3/19/2025,,,,Intel::DOMAIN,
scm.asetest2.p.mega.nz,MegaUploadSites,0,3/19/2025,3/19/2025,,,,Intel::DOMAIN,
scm.asetest231.p.mega.nz,MegaUploadSites,0,3/19/2025,3/19/2025,,,,Intel::DOMAIN,
scm.asevsultimate.p.mega.nz,MegaUploadSites,0,3/19/2025,3/19/2025,,,,Intel::DOMAIN,
scm.azuremakeitreal.p.mega.nz,MegaUploadSites,0,3/19/2025,3/19/2025,,,,Intel::DOMAIN,
scm.bakplanappenv.p.mega.nz,MegaUploadSites,0,3/19/2025,3/19/2025,,,,Intel::DOMAIN,
scm.bootcamp1.p.mega.nz,MegaUploadSites,0,3/19/2025,3/19/2025,,,,Intel::DOMAIN,
scm.branchlocatorsb.p.mega.nz,MegaUploadSites,0,3/19/2025,3/19/2025,,,,Intel::DOMAIN,
scm.bupaanz-pub-ase-01.p.mega.nz,MegaUploadSites,0,3/19/2025,3/19/2025,,,,Intel::DOMAIN,
scm.bygeorge.p.mega.nz,MegaUploadSites,0,3/19/2025,3/19/2025,,,,Intel::DOMAIN,
scm.chequeasepoc.p.mega.nz,MegaUploadSites,0,3/19/2025,3/19/2025,,,,Intel::DOMAIN,
scm.compliance360.p.mega.nz,MegaUploadSites,0,3/19/2025,3/19/2025,,,,Intel::DOMAIN,
scm.constructasev2.p.mega.nz,MegaUploadSites,0,3/19/2025,3/19/2025,,,,Intel::DOMAIN,
scm.contososportsleague.p.mega.nz,MegaUploadSites,0,3/19/2025,3/19/2025,,,,Intel::DOMAIN,
scm.corygehr.p.mega.nz,MegaUploadSites,0,3/19/2025,3/19/2025,,,,Intel::DOMAIN,
scm.cpdfasewestus.p.mega.nz,MegaUploadSites,0,3/19/2025,3/19/2025,,,,Intel::DOMAIN,
scm.cpsmobilease.p.mega.nz,MegaUploadSites,0,3/19/2025,3/19/2025,,,,Intel::DOMAIN,
scm.devtvisappservice.p.mega.nz,MegaUploadSites,0,3/19/2025,3/19/2025,,,,Intel::DOMAIN,
scm.df-publishing.p.mega.nz,MegaUploadSites,0,3/19/2025,3/19/2025,,,,Intel::DOMAIN,
scm.dt-prn-arm-ase.p.mega.nz,MegaUploadSites,0,3/19/2025,3/19/2025,,,,Intel::DOMAIN,
scm.f1prdase01.p.mega.nz,MegaUploadSites,0,3/19/2025,3/19/2025,,,,Intel::DOMAIN,
scm.facereco.p.mega.nz,MegaUploadSites,0,3/19/2025,3/19/2025,,,,Intel::DOMAIN,
scm.factsupdateprocessortest.p.mega.nz,MegaUploadSites,0,3/19/2025,3/19/2025,,,,Intel::DOMAIN,
scm.fdk.p.mega.nz,MegaUploadSites,0,3/19/2025,3/19/2025,,,,Intel::DOMAIN,
scm.gpc.p.mega.nz,MegaUploadSites,0,3/19/2025,3/19/2025,,,,Intel::DOMAIN,
scm.gremio-payment.p.mega.nz,MegaUploadSites,0,3/19/2025,3/19/2025,,,,Intel::DOMAIN,
scm.griffsitecore.p.mega.nz,MegaUploadSites,0,3/19/2025,3/19/2025,,,,Intel::DOMAIN,
scm.jfappsvctest01.p.mega.nz,MegaUploadSites,0,3/19/2025,3/19/2025,,,,Intel::DOMAIN,
scm.klear.p.mega.nz,MegaUploadSites,0,3/19/2025,3/19/2025,,,,Intel::DOMAIN,
scm.kyobi-ase1.p.mega.nz,MegaUploadSites,0,3/19/2025,3/19/2025,,,,Intel::DOMAIN,
scm.lab-bollicino.p.mega.nz,MegaUploadSites,0,3/19/2025,3/19/2025,,,,Intel::DOMAIN,
scm.logicministamp.p.mega.nz,MegaUploadSites,0,3/19/2025,3/19/2025,,,,Intel::DOMAIN,
scm.mayomobilehealthappenv-dev.p.mega.nz,MegaUploadSites,0,3/19/2025,3/19/2025,,,,Intel::DOMAIN,
scm.mndelete.p.mega.nz,MegaUploadSites,0,3/19/2025,3/19/2025,,,,Intel::DOMAIN,
scm.monsite.p.mega.nz,MegaUploadSites,0,3/19/2025,3/19/2025,,,,Intel::DOMAIN,
scm.myappservice-env.p.mega.nz,MegaUploadSites,0,3/19/2025,3/19/2025,,,,Intel::DOMAIN,
scm.myase.p.mega.nz,MegaUploadSites,0,3/19/2025,3/19/2025,,,,Intel::DOMAIN,
scm.mywiztest.p.mega.nz,MegaUploadSites,0,3/19/2025,3/19/2025,,,,Intel::DOMAIN,
scm.newearth-prod.p.mega.nz,MegaUploadSites,0,3/19/2025,3/19/2025,,,,Intel::DOMAIN,
scm.newspro-westus.p.mega.nz,MegaUploadSites,0,3/19/2025,3/19/2025,,,,Intel::DOMAIN,
scm.padmavctest.p.mega.nz,MegaUploadSites,0,3/19/2025,3/19/2025,,,,Intel::DOMAIN,
scm.pandemic-legacy.p.mega.nz,MegaUploadSites,0,3/19/2025,3/19/2025,,,,Intel::DOMAIN,
scm.prn-gpqa-eastus-wfe-ase.p.mega.nz,MegaUploadSites,0,3/19/2025,3/19/2025,,,,Intel::DOMAIN,
scm.qa1shotclasses.p.mega.nz,MegaUploadSites,0,3/19/2025,3/19/2025,,,,Intel::DOMAIN,
scm.roam-ase-dev-auseast.p.mega.nz,MegaUploadSites,0,3/19/2025,3/19/2025,,,,Intel::DOMAIN,
scm.sccm.p.mega.nz,MegaUploadSites,0,3/19/2025,3/19/2025,,,,Intel::DOMAIN,
scm.se-apis-host-dev-ase.p.mega.nz,MegaUploadSites,0,3/19/2025,3/19/2025,,,,Intel::DOMAIN,
scm.secureenvironment.p.mega.nz,MegaUploadSites,0,3/19/2025,3/19/2025,,,,Intel::DOMAIN,
scm.shsp.p.mega.nz,MegaUploadSites,0,3/19/2025,3/19/2025,,,,Intel::DOMAIN,
scm.smallest.p.mega.nz,MegaUploadSites,0,3/19/2025,3/19/2025,,,,Intel::DOMAIN,
scm.smp-ase-int-cus.p.mega.nz,MegaUploadSites,0,3/19/2025,3/19/2025,,,,Intel::DOMAIN,
scm.spza-ase-prod-cus.p.mega.nz,MegaUploadSites,0,3/19/2025,3/19/2025,,,,Intel::DOMAIN,
scm.survey-prod.p.mega.nz,MegaUploadSites,0,3/19/2025,3/19/2025,,,,Intel::DOMAIN,
scm.sy3-ase-001.p.mega.nz,MegaUploadSites,0,3/19/2025,3/19/2025,,,,Intel::DOMAIN,
scm.tdvase.p.mega.nz,MegaUploadSites,0,3/19/2025,3/19/2025,,,,Intel::DOMAIN,
scm.telstramrm-dev6.p.mega.nz,MegaUploadSites,0,3/19/2025,3/19/2025,,,,Intel::DOMAIN,
scm.test-jw.p.mega.nz,MegaUploadSites,0,3/19/2025,3/19/2025,,,,Intel::DOMAIN,
scm.test02asn.p.mega.nz,MegaUploadSites,0,3/19/2025,3/19/2025,,,,Intel::DOMAIN,
scm.testaleix.p.mega.nz,MegaUploadSites,0,3/19/2025,3/19/2025,,,,Intel::DOMAIN,
scottseamanconsunsnz2.m.mega.nz,MegaUploadSites,0,3/19/2025,3/19/2025,,,,Intel::DOMAIN,
scottseamanconsunsnz2.mega.nz,MegaUploadSites,0,3/19/2025,3/19/2025,,,,Intel::DOMAIN,
scss.mega.nz,MegaUploadSites,0,3/19/2025,3/19/2025,,,,Intel::DOMAIN,
scswns.mega.nz,MegaUploadSites,0,3/19/2025,3/19/2025,,,,Intel::DOMAIN,
sd13.inib.mega.nz,MegaUploadSites,0,3/19/2025,3/19/2025,,,,Intel::DOMAIN,
sdshoes.mega.nz,MegaUploadSites,0,3/19/2025,3/19/2025,,,,Intel::DOMAIN,
sdup06.com.mega.nz,MegaUploadSites,0,3/19/2025,3/19/2025,,,,Intel::DOMAIN,
sdxinfeng.cn.mega.nz,MegaUploadSites,0,3/19/2025,3/19/2025,,,,Intel::DOMAIN,
secure-cms.mega.nz,MegaUploadSites,0,3/19/2025,3/19/2025,,,,Intel::DOMAIN,
secure.3.mega.nz,MegaUploadSites,0,3/19/2025,3/19/2025,,,,Intel::DOMAIN,
secure.9.mega.nz,MegaUploadSites,0,3/19/2025,3/19/2025,,,,Intel::DOMAIN,
secure.b.mega.nz,MegaUploadSites,0,3/19/2025,3/19/2025,,,,Intel::DOMAIN,
secure.e.mega.nz,MegaUploadSites,0,3/19/2025,3/19/2025,,,,Intel::DOMAIN,
secure.m.mega.nz,MegaUploadSites,0,3/19/2025,3/19/2025,,,,Intel::DOMAIN,
security-file.mega.nz,MegaUploadSites,0,3/19/2025,3/19/2025,,,,Intel::DOMAIN,
security-testing.mega.nz,MegaUploadSites,0,3/19/2025,3/19/2025,,,,Intel::DOMAIN,
security.m.mega.nz,MegaUploadSites,0,3/19/2025,3/19/2025,,,,Intel::DOMAIN,
security.mega.nz,MegaUploadSites,0,3/19/2025,3/19/2025,,,,Intel::DOMAIN,
security43.m.mega.nz,MegaUploadSites,0,3/19/2025,3/19/2025,,,,Intel::DOMAIN,
security43.mega.nz,MegaUploadSites,0,3/19/2025,3/19/2025,,,,Intel::DOMAIN,
securitymain.mega.nz,MegaUploadSites,0,3/19/2025,3/19/2025,,,,Intel::DOMAIN,
sejour-gnsnz1.mega.nz,MegaUploadSites,0,3/19/2025,3/19/2025,,,,Intel::DOMAIN,
senbotn.mega.nz,MegaUploadSites,0,3/19/2025,3/19/2025,,,,Intel::DOMAIN,
senitopeng.mega.nz,MegaUploadSites,0,3/19/2025,3/19/2025,,,,Intel::DOMAIN,
sergei.mega.nz,MegaUploadSites,0,3/19/2025,3/19/2025,,,,Intel::DOMAIN,
server.0.mega.nz,MegaUploadSites,0,3/19/2025,3/19/2025,,,,Intel::DOMAIN,
server.b.mega.nz,MegaUploadSites,0,3/19/2025,3/19/2025,,,,Intel::DOMAIN,
server.c.mega.nz,MegaUploadSites,0,3/19/2025,3/19/2025,,,,Intel::DOMAIN,
server1.direct.tcceast.qa2.m.mega.nz,MegaUploadSites,0,3/19/2025,3/19/2025,,,,Intel::DOMAIN,
server1.qa1.dr.m.mega.nz,MegaUploadSites,0,3/19/2025,3/19/2025,,,,Intel::DOMAIN,
server1.qa2.m.mega.nz,MegaUploadSites,0,3/19/2025,3/19/2025,,,,Intel::DOMAIN,
server1.tcceast.www2.m.mega.nz,MegaUploadSites,0,3/19/2025,3/19/2025,,,,Intel::DOMAIN,
server2.direct.tccwest.dev1.m.mega.nz,MegaUploadSites,0,3/19/2025,3/19/2025,,,,Intel::DOMAIN,
server2.tcceast.www2.m.mega.nz,MegaUploadSites,0,3/19/2025,3/19/2025,,,,Intel::DOMAIN,
server2.tccwest.dev4.m.mega.nz,MegaUploadSites,0,3/19/2025,3/19/2025,,,,Intel::DOMAIN,
server21.mega.nz,MegaUploadSites,0,3/19/2025,3/19/2025,,,,Intel::DOMAIN,
server3.direct.tcceast.www2.m.mega.nz,MegaUploadSites,0,3/19/2025,3/19/2025,,,,Intel::DOMAIN,
server5.direct.tcceast.www1.m.mega.nz,MegaUploadSites,0,3/19/2025,3/19/2025,,,,Intel::DOMAIN,
server5.tccwest.www2.m.mega.nz,MegaUploadSites,0,3/19/2025,3/19/2025,,,,Intel::DOMAIN,
server6.tcceast.www1.m.mega.nz,MegaUploadSites,0,3/19/2025,3/19/2025,,,,Intel::DOMAIN,
server6.tcceast.www2.m.mega.nz,MegaUploadSites,0,3/19/2025,3/19/2025,,,,Intel::DOMAIN,
server7.mega.nz,MegaUploadSites,0,3/19/2025,3/19/2025,,,,Intel::DOMAIN,
server8.www1.m.mega.nz,MegaUploadSites,0,3/19/2025,3/19/2025,,,,Intel::DOMAIN,
service.mega.nz,MegaUploadSites,0,3/19/2025,3/19/2025,,,,Intel::DOMAIN,
sesedama.com.mega.nz,MegaUploadSites,0,3/19/2025,3/19/2025,,,,Intel::DOMAIN,
seth.mega.nz,MegaUploadSites,0,3/19/2025,3/19/2025,,,,Intel::DOMAIN,
seventyfournsde1.mega.nz,MegaUploadSites,0,3/19/2025,3/19/2025,,,,Intel::DOMAIN,
seventynsde1.mega.nz,MegaUploadSites,0,3/19/2025,3/19/2025,,,,Intel::DOMAIN,
sexpadam.mega.nz,MegaUploadSites,0,3/19/2025,3/19/2025,,,,Intel::DOMAIN,
sftp.mega.nz,MegaUploadSites,0,3/19/2025,3/19/2025,,,,Intel::DOMAIN,
sg1.mega.nz,MegaUploadSites,0,3/19/2025,3/19/2025,,,,Intel::DOMAIN,
sgmgis.mega.nz,MegaUploadSites,0,3/19/2025,3/19/2025,,,,Intel::DOMAIN,
sh-jhx.com.mega.nz,MegaUploadSites,0,3/19/2025,3/19/2025,,,,Intel::DOMAIN,
sh1.s.mega.nz,MegaUploadSites,0,3/19/2025,3/19/2025,,,,Intel::DOMAIN,
shame.mega.nz,MegaUploadSites,0,3/19/2025,3/19/2025,,,,Intel::DOMAIN,
shanghai0c.cn.mega.nz,MegaUploadSites,0,3/19/2025,3/19/2025,,,,Intel::DOMAIN,
sharag.mega.nz,MegaUploadSites,0,3/19/2025,3/19/2025,,,,Intel::DOMAIN,
shengyue888.com.mega.nz,MegaUploadSites,0,3/19/2025,3/19/2025,,,,Intel::DOMAIN,
shhpry.cn.mega.nz,MegaUploadSites,0,3/19/2025,3/19/2025,,,,Intel::DOMAIN,
shigekix5.wp.mega.nz,MegaUploadSites,0,3/19/2025,3/19/2025,,,,Intel::DOMAIN,
shnsde2.mega.nz,MegaUploadSites,0,3/19/2025,3/19/2025,,,,Intel::DOMAIN,
shop.9.mega.nz,MegaUploadSites,0,3/19/2025,3/19/2025,,,,Intel::DOMAIN,
shop.m.mega.nz,MegaUploadSites,0,3/19/2025,3/19/2025,,,,Intel::DOMAIN,
show1.mega.nz,MegaUploadSites,0,3/19/2025,3/19/2025,,,,Intel::DOMAIN,
sickrage.s.mega.nz,MegaUploadSites,0,3/19/2025,3/19/2025,,,,Intel::DOMAIN,
sicnsde1.m.mega.nz,MegaUploadSites,0,3/19/2025,3/19/2025,,,,Intel::DOMAIN,
sicnsde1.mega.nz,MegaUploadSites,0,3/19/2025,3/19/2025,,,,Intel::DOMAIN,
signup.cms.mega.nz,MegaUploadSites,0,3/19/2025,3/19/2025,,,,Intel::DOMAIN,
signup.p.mega.nz,MegaUploadSites,0,3/19/2025,3/19/2025,,,,Intel::DOMAIN,
sikkg.cn.mega.nz,MegaUploadSites,0,3/19/2025,3/19/2025,,,,Intel::DOMAIN,
sinco.mega.nz,MegaUploadSites,0,3/19/2025,3/19/2025,,,,Intel::DOMAIN,
sinemaskop.mega.nz,MegaUploadSites,0,3/19/2025,3/19/2025,,,,Intel::DOMAIN,
sing-16.mega.nz,MegaUploadSites,0,3/19/2025,3/19/2025,,,,Intel::DOMAIN,
sing-ap-southeast-2.m.mega.nz,MegaUploadSites,0,3/19/2025,3/19/2025,,,,Intel::DOMAIN,
sing-ap-southeast-2.mega.nz,MegaUploadSites,0,3/19/2025,3/19/2025,,,,Intel::DOMAIN,
sing-promotion.mega.nz,MegaUploadSites,0,3/19/2025,3/19/2025,,,,Intel::DOMAIN,
sing.m.mega.nz,MegaUploadSites,0,3/19/2025,3/19/2025,,,,Intel::DOMAIN,
sing.mega.nz,MegaUploadSites,0,3/19/2025,3/19/2025,,,,Intel::DOMAIN,
sing18.mega.nz,MegaUploadSites,0,3/19/2025,3/19/2025,,,,Intel::DOMAIN,
singbucket.mega.nz,MegaUploadSites,0,3/19/2025,3/19/2025,,,,Intel::DOMAIN,
singcanary2.mega.nz,MegaUploadSites,0,3/19/2025,3/19/2025,,,,Intel::DOMAIN,
singlog.mega.nz,MegaUploadSites,0,3/19/2025,3/19/2025,,,,Intel::DOMAIN,
sinobensnz1.m.mega.nz,MegaUploadSites,0,3/19/2025,3/19/2025,,,,Intel::DOMAIN,
sinobensnz1.mega.nz,MegaUploadSites,0,3/19/2025,3/19/2025,,,,Intel::DOMAIN,
sinobnsnz1-api1.mega.nz,MegaUploadSites,0,3/19/2025,3/19/2025,,,,Intel::DOMAIN,
sinobnsnz1-php.mega.nz,MegaUploadSites,0,3/19/2025,3/19/2025,,,,Intel::DOMAIN,
sinobnsnz1.m.mega.nz,MegaUploadSites,0,3/19/2025,3/19/2025,,,,Intel::DOMAIN,
sinobnsnz1.mega.nz,MegaUploadSites,0,3/19/2025,3/19/2025,,,,Intel::DOMAIN,
sinobnsnz1199.mega.nz,MegaUploadSites,0,3/19/2025,3/19/2025,,,,Intel::DOMAIN,
sinobnsnz1202.mega.nz,MegaUploadSites,0,3/19/2025,3/19/2025,,,,Intel::DOMAIN,
sinobnsnz1dl.mega.nz,MegaUploadSites,0,3/19/2025,3/19/2025,,,,Intel::DOMAIN,
sinobnsnz1l3.mega.nz,MegaUploadSites,0,3/19/2025,3/19/2025,,,,Intel::DOMAIN,
sinobnsnz1relay.mega.nz,MegaUploadSites,0,3/19/2025,3/19/2025,,,,Intel::DOMAIN,
sip.v.mega.nz,MegaUploadSites,0,3/19/2025,3/19/2025,,,,Intel::DOMAIN,
sistemarespiratorio.mega.nz,MegaUploadSites,0,3/19/2025,3/19/2025,,,,Intel::DOMAIN,
sjc.mega.nz,MegaUploadSites,0,3/19/2025,3/19/2025,,,,Intel::DOMAIN,
sjfunds.cn.mega.nz,MegaUploadSites,0,3/19/2025,3/19/2025,,,,Intel::DOMAIN,
sjofn.mega.nz,MegaUploadSites,0,3/19/2025,3/19/2025,,,,Intel::DOMAIN,
sjzbianxingfeng.cn.mega.nz,MegaUploadSites,0,3/19/2025,3/19/2025,,,,Intel::DOMAIN,
skokie.mega.nz,MegaUploadSites,0,3/19/2025,3/19/2025,,,,Intel::DOMAIN,
sktrmoers.6.mega.nz,MegaUploadSites,0,3/19/2025,3/19/2025,,,,Intel::DOMAIN,
sl0zs.mega.nz,MegaUploadSites,0,3/19/2025,3/19/2025,,,,Intel::DOMAIN,
sleeptalkinman.mega.nz,MegaUploadSites,0,3/19/2025,3/19/2025,,,,Intel::DOMAIN,
slg.mega.nz,MegaUploadSites,0,3/19/2025,3/19/2025,,,,Intel::DOMAIN,
slyfox.mega.nz,MegaUploadSites,0,3/19/2025,3/19/2025,,,,Intel::DOMAIN,
smartscaletest.p.mega.nz,MegaUploadSites,0,3/19/2025,3/19/2025,,,,Intel::DOMAIN,
smartspreadnsde2.mega.nz,MegaUploadSites,0,3/19/2025,3/19/2025,,,,Intel::DOMAIN,
smasketch.mega.nz,MegaUploadSites,0,3/19/2025,3/19/2025,,,,Intel::DOMAIN,
sme.mega.nz,MegaUploadSites,0,3/19/2025,3/19/2025,,,,Intel::DOMAIN,
smithj.mega.nz,MegaUploadSites,0,3/19/2025,3/19/2025,,,,Intel::DOMAIN,
smokeproduction.static.2.mega.nz,MegaUploadSites,0,3/19/2025,3/19/2025,,,,Intel::DOMAIN,
smokesandbox.static.8.mega.nz,MegaUploadSites,0,3/19/2025,3/19/2025,,,,Intel::DOMAIN,
smokestage.7.mega.nz,MegaUploadSites,0,3/19/2025,3/19/2025,,,,Intel::DOMAIN,
smoketest.m.mega.nz,MegaUploadSites,0,3/19/2025,3/19/2025,,,,Intel::DOMAIN,
smtp.01.mega.nz,MegaUploadSites,0,3/19/2025,3/19/2025,,,,Intel::DOMAIN,
smtp.a.mega.nz,MegaUploadSites,0,3/19/2025,3/19/2025,,,,Intel::DOMAIN,
smtp.e.mega.nz,MegaUploadSites,0,3/19/2025,3/19/2025,,,,Intel::DOMAIN,
smtp.m.mega.nz,MegaUploadSites,0,3/19/2025,3/19/2025,,,,Intel::DOMAIN,
smtp.mail.mega.nz,MegaUploadSites,0,3/19/2025,3/19/2025,,,,Intel::DOMAIN,
smtp.mega.nz,MegaUploadSites,0,3/19/2025,3/19/2025,,,,Intel::DOMAIN,
smtp01.0.mega.nz,MegaUploadSites,0,3/19/2025,3/19/2025,,,,Intel::DOMAIN,
smtp01.m.mega.nz,MegaUploadSites,0,3/19/2025,3/19/2025,,,,Intel::DOMAIN,
smtp01.mega.nz,MegaUploadSites,0,3/19/2025,3/19/2025,,,,Intel::DOMAIN,
smtps.cms.mega.nz,MegaUploadSites,0,3/19/2025,3/19/2025,,,,Intel::DOMAIN,
snapjudnsde1.mega.nz,MegaUploadSites,0,3/19/2025,3/19/2025,,,,Intel::DOMAIN,
snnsde1.mega.nz,MegaUploadSites,0,3/19/2025,3/19/2025,,,,Intel::DOMAIN,
snoreaustralnsnz1.mega.nz,MegaUploadSites,0,3/19/2025,3/19/2025,,,,Intel::DOMAIN,
snsde1.mega.nz,MegaUploadSites,0,3/19/2025,3/19/2025,,,,Intel::DOMAIN,
snsnz1.mega.nz,MegaUploadSites,0,3/19/2025,3/19/2025,,,,Intel::DOMAIN,
snsr.t.mega.nz,MegaUploadSites,0,3/19/2025,3/19/2025,,,,Intel::DOMAIN,
sociology.mega.nz,MegaUploadSites,0,3/19/2025,3/19/2025,,,,Intel::DOMAIN,
socnsde1.mega.nz,MegaUploadSites,0,3/19/2025,3/19/2025,,,,Intel::DOMAIN,
somedistance.mega.nz,MegaUploadSites,0,3/19/2025,3/19/2025,,,,Intel::DOMAIN,
sonnenburg-schluchnsde2.mega.nz,MegaUploadSites,0,3/19/2025,3/19/2025,,,,Intel::DOMAIN,
sonnenburg-scnsde2.mega.nz,MegaUploadSites,0,3/19/2025,3/19/2025,,,,Intel::DOMAIN,
sorsk.19.mega.nz,MegaUploadSites,0,3/19/2025,3/19/2025,,,,Intel::DOMAIN,
southcentralus.mega.nz,MegaUploadSites,0,3/19/2025,3/19/2025,,,,Intel::DOMAIN,
spain.cms.mega.nz,MegaUploadSites,0,3/19/2025,3/19/2025,,,,Intel::DOMAIN,
speers.mega.nz,MegaUploadSites,0,3/19/2025,3/19/2025,,,,Intel::DOMAIN,
spf.mega.nz,MegaUploadSites,0,3/19/2025,3/19/2025,,,,Intel::DOMAIN,
spiraltoys.s.mega.nz,MegaUploadSites,0,3/19/2025,3/19/2025,,,,Intel::DOMAIN,
sql.mega.nz,MegaUploadSites,0,3/19/2025,3/19/2025,,,,Intel::DOMAIN,
sqpotv580p26ds0g.ac.ru.mega.nz,MegaUploadSites,0,3/19/2025,3/19/2025,,,,Intel::DOMAIN,
sr.mega.nz,MegaUploadSites,0,3/19/2025,3/19/2025,,,,Intel::DOMAIN,
srv.s.mega.nz,MegaUploadSites,0,3/19/2025,3/19/2025,,,,Intel::DOMAIN,
ss.mega.nz,MegaUploadSites,0,3/19/2025,3/19/2025,,,,Intel::DOMAIN,
ssl.2.mega.nz,MegaUploadSites,0,3/19/2025,3/19/2025,,,,Intel::DOMAIN,
ssl.m.mega.nz,MegaUploadSites,0,3/19/2025,3/19/2025,,,,Intel::DOMAIN,
ssl.s.mega.nz,MegaUploadSites,0,3/19/2025,3/19/2025,,,,Intel::DOMAIN,
sslvpn.m.mega.nz,MegaUploadSites,0,3/19/2025,3/19/2025,,,,Intel::DOMAIN,
sss.m.mega.nz,MegaUploadSites,0,3/19/2025,3/19/2025,,,,Intel::DOMAIN,
sss.mega.nz,MegaUploadSites,0,3/19/2025,3/19/2025,,,,Intel::DOMAIN,
staff.m.mega.nz,MegaUploadSites,0,3/19/2025,3/19/2025,,,,Intel::DOMAIN,
staff.mega.nz,MegaUploadSites,0,3/19/2025,3/19/2025,,,,Intel::DOMAIN,
stage.cms.0.mega.nz,MegaUploadSites,0,3/19/2025,3/19/2025,,,,Intel::DOMAIN,
stage.m.mega.nz,MegaUploadSites,0,3/19/2025,3/19/2025,,,,Intel::DOMAIN,
stage.r.mega.nz,MegaUploadSites,0,3/19/2025,3/19/2025,,,,Intel::DOMAIN,
stage2.r.mega.nz,MegaUploadSites,0,3/19/2025,3/19/2025,,,,Intel::DOMAIN,
stagerail.systems.5.mega.nz,MegaUploadSites,0,3/19/2025,3/19/2025,,,,Intel::DOMAIN,
staging.mega.nz,MegaUploadSites,0,3/19/2025,3/19/2025,,,,Intel::DOMAIN,
stagingrail.systems.2.mega.nz,MegaUploadSites,0,3/19/2025,3/19/2025,,,,Intel::DOMAIN,
stamp.mega.nz,MegaUploadSites,0,3/19/2025,3/19/2025,,,,Intel::DOMAIN,
star.8.mega.nz,MegaUploadSites,0,3/19/2025,3/19/2025,,,,Intel::DOMAIN,
starconnect-cma.i.mega.nz,MegaUploadSites,0,3/19/2025,3/19/2025,,,,Intel::DOMAIN,
startsomething.s.mega.nz,MegaUploadSites,0,3/19/2025,3/19/2025,,,,Intel::DOMAIN,
statewidensnz2.mega.nz,MegaUploadSites,0,3/19/2025,3/19/2025,,,,Intel::DOMAIN,
static.3w.mega.nz,MegaUploadSites,0,3/19/2025,3/19/2025,,,,Intel::DOMAIN,
static.eu.mega.nz,MegaUploadSites,0,3/19/2025,3/19/2025,,,,Intel::DOMAIN,
static.mega.nz,MegaUploadSites,0,3/19/2025,3/19/2025,,,,Intel::DOMAIN,
stats-deletion.mega.nz,MegaUploadSites,0,3/19/2025,3/19/2025,,,,Intel::DOMAIN,
stats.128.mega.nz,MegaUploadSites,0,3/19/2025,3/19/2025,,,,Intel::DOMAIN,
stats.151.mega.nz,MegaUploadSites,0,3/19/2025,3/19/2025,,,,Intel::DOMAIN,
stats.1612.mega.nz,MegaUploadSites,0,3/19/2025,3/19/2025,,,,Intel::DOMAIN,
stats.8.mega.nz,MegaUploadSites,0,3/19/2025,3/19/2025,,,,Intel::DOMAIN,
stats.admin-5.mega.nz,MegaUploadSites,0,3/19/2025,3/19/2025,,,,Intel::DOMAIN,
stats.admin.1.mega.nz,MegaUploadSites,0,3/19/2025,3/19/2025,,,,Intel::DOMAIN,
stats.admin.125.mega.nz,MegaUploadSites,0,3/19/2025,3/19/2025,,,,Intel::DOMAIN,
stats.admin.2a.mega.nz,MegaUploadSites,0,3/19/2025,3/19/2025,,,,Intel::DOMAIN,
stats.admin.a13.mega.nz,MegaUploadSites,0,3/19/2025,3/19/2025,,,,Intel::DOMAIN,
stats.admin.ams2.mega.nz,MegaUploadSites,0,3/19/2025,3/19/2025,,,,Intel::DOMAIN,
stats.admin.chan.mega.nz,MegaUploadSites,0,3/19/2025,3/19/2025,,,,Intel::DOMAIN,
stats.admin.mega.nz,MegaUploadSites,0,3/19/2025,3/19/2025,,,,Intel::DOMAIN,
stats.admin.pbe.mega.nz,MegaUploadSites,0,3/19/2025,3/19/2025,,,,Intel::DOMAIN,
stats.admin.prep.mega.nz,MegaUploadSites,0,3/19/2025,3/19/2025,,,,Intel::DOMAIN,
stats.admin.prod0.mega.nz,MegaUploadSites,0,3/19/2025,3/19/2025,,,,Intel::DOMAIN,
stats.admin.pxy01.mega.nz,MegaUploadSites,0,3/19/2025,3/19/2025,,,,Intel::DOMAIN,
stats.admin.rally.mega.nz,MegaUploadSites,0,3/19/2025,3/19/2025,,,,Intel::DOMAIN,
stats.admin.search.mega.nz,MegaUploadSites,0,3/19/2025,3/19/2025,,,,Intel::DOMAIN,
stats.admin.v23.mega.nz,MegaUploadSites,0,3/19/2025,3/19/2025,,,,Intel::DOMAIN,
stats.admin.xns02.mega.nz,MegaUploadSites,0,3/19/2025,3/19/2025,,,,Intel::DOMAIN,
stats.admindk.mega.nz,MegaUploadSites,0,3/19/2025,3/19/2025,,,,Intel::DOMAIN,
stats.aiadmin.mega.nz,MegaUploadSites,0,3/19/2025,3/19/2025,,,,Intel::DOMAIN,
stats.backend.3.mega.nz,MegaUploadSites,0,3/19/2025,3/19/2025,,,,Intel::DOMAIN,
stats.bo.mega.nz,MegaUploadSites,0,3/19/2025,3/19/2025,,,,Intel::DOMAIN,
stats.drop.mega.nz,MegaUploadSites,0,3/19/2025,3/19/2025,,,,Intel::DOMAIN,
stats.fw.mega.nz,MegaUploadSites,0,3/19/2025,3/19/2025,,,,Intel::DOMAIN,
stats.ids.mega.nz,MegaUploadSites,0,3/19/2025,3/19/2025,,,,Intel::DOMAIN,
stats.karere.m.mega.nz,MegaUploadSites,0,3/19/2025,3/19/2025,,,,Intel::DOMAIN,
stats.karere.mega.nz,MegaUploadSites,0,3/19/2025,3/19/2025,,,,Intel::DOMAIN,
stats.m.mega.nz,MegaUploadSites,0,3/19/2025,3/19/2025,,,,Intel::DOMAIN,
stats.news.mega.nz,MegaUploadSites,0,3/19/2025,3/19/2025,,,,Intel::DOMAIN,
stats.search.mega.nz,MegaUploadSites,0,3/19/2025,3/19/2025,,,,Intel::DOMAIN,
statsc.8.mega.nz,MegaUploadSites,0,3/19/2025,3/19/2025,,,,Intel::DOMAIN,
statsc.m.mega.nz,MegaUploadSites,0,3/19/2025,3/19/2025,,,,Intel::DOMAIN,
statsc.mega.nz,MegaUploadSites,0,3/19/2025,3/19/2025,,,,Intel::DOMAIN,
statsmailnsnz2.mega.nz,MegaUploadSites,0,3/19/2025,3/19/2025,,,,Intel::DOMAIN,
stbeta.mega.nz,MegaUploadSites,0,3/19/2025,3/19/2025,,,,Intel::DOMAIN,
stcsf02.mega.nz,MegaUploadSites,0,3/19/2025,3/19/2025,,,,Intel::DOMAIN,
stephennsde2-28.mega.nz,MegaUploadSites,0,3/19/2025,3/19/2025,,,,Intel::DOMAIN,
stephennsde2-external.mega.nz,MegaUploadSites,0,3/19/2025,3/19/2025,,,,Intel::DOMAIN,
stephennsde2-h.mega.nz,MegaUploadSites,0,3/19/2025,3/19/2025,,,,Intel::DOMAIN,
stephennsde2-stage.mega.nz,MegaUploadSites,0,3/19/2025,3/19/2025,,,,Intel::DOMAIN,
stephennsde2-temp.m.mega.nz,MegaUploadSites,0,3/19/2025,3/19/2025,,,,Intel::DOMAIN,
stephennsde2-temp.mega.nz,MegaUploadSites,0,3/19/2025,3/19/2025,,,,Intel::DOMAIN,
stephennsde2.mega.nz,MegaUploadSites,0,3/19/2025,3/19/2025,,,,Intel::DOMAIN,
stevemadden.mega.nz,MegaUploadSites,0,3/19/2025,3/19/2025,,,,Intel::DOMAIN,
stg.d.mega.nz,MegaUploadSites,0,3/19/2025,3/19/2025,,,,Intel::DOMAIN,
stgqa.4.mega.nz,MegaUploadSites,0,3/19/2025,3/19/2025,,,,Intel::DOMAIN,
storm3.mega.nz,MegaUploadSites,0,3/19/2025,3/19/2025,,,,Intel::DOMAIN,
stove.mega.nz,MegaUploadSites,0,3/19/2025,3/19/2025,,,,Intel::DOMAIN,
stracktnsnz1.mega.nz,MegaUploadSites,0,3/19/2025,3/19/2025,,,,Intel::DOMAIN,
strathfieldsaynsnz2.mega.nz,MegaUploadSites,0,3/19/2025,3/19/2025,,,,Intel::DOMAIN,
studio58.1.mega.nz,MegaUploadSites,0,3/19/2025,3/19/2025,,,,Intel::DOMAIN,
sugar.cms.mega.nz,MegaUploadSites,0,3/19/2025,3/19/2025,,,,Intel::DOMAIN,
sugarcooking.mega.nz,MegaUploadSites,0,3/19/2025,3/19/2025,,,,Intel::DOMAIN,
sulbhmwsx3r114avj0sikjre1e-australiaeaststage.mega.nz,MegaUploadSites,0,3/19/2025,3/19/2025,,,,Intel::DOMAIN,
sulbhmwsx3r114avj0sikjre1e-eastasia.mega.nz,MegaUploadSites,0,3/19/2025,3/19/2025,,,,Intel::DOMAIN,
sulbhmwsx3r114avj0sikjre1e-san.mega.nz,MegaUploadSites,0,3/19/2025,3/19/2025,,,,Intel::DOMAIN,
sulbhmwsx3r114avj0sikjre1e-uat.m.mega.nz,MegaUploadSites,0,3/19/2025,3/19/2025,,,,Intel::DOMAIN,
sulbhmwsx3r114avj0sikjre1e-uat.mega.nz,MegaUploadSites,0,3/19/2025,3/19/2025,,,,Intel::DOMAIN,
sulbhmwsx3r114avj0sikjre1e.m.mega.nz,MegaUploadSites,0,3/19/2025,3/19/2025,,,,Intel::DOMAIN,
sulbhmwsx3r114avj0sikjre1e.mega.nz,MegaUploadSites,0,3/19/2025,3/19/2025,,,,Intel::DOMAIN,
sulbhmwsx3r114avj0sikjre1ecdn.mega.nz,MegaUploadSites,0,3/19/2025,3/19/2025,,,,Intel::DOMAIN,
sulbhmwsx3r114avj0sikjre1edashboard.mega.nz,MegaUploadSites,0,3/19/2025,3/19/2025,,,,Intel::DOMAIN,
sulfer.mega.nz,MegaUploadSites,0,3/19/2025,3/19/2025,,,,Intel::DOMAIN,
suministrosprensde1.mega.nz,MegaUploadSites,0,3/19/2025,3/19/2025,,,,Intel::DOMAIN,
sumit-1.p.mega.nz,MegaUploadSites,0,3/19/2025,3/19/2025,,,,Intel::DOMAIN,
sunart.mega.nz,MegaUploadSites,0,3/19/2025,3/19/2025,,,,Intel::DOMAIN,
suncity48.com.mega.nz,MegaUploadSites,0,3/19/2025,3/19/2025,,,,Intel::DOMAIN,
suncity660.com.mega.nz,MegaUploadSites,0,3/19/2025,3/19/2025,,,,Intel::DOMAIN,
suncity988.com.mega.nz,MegaUploadSites,0,3/19/2025,3/19/2025,,,,Intel::DOMAIN,
supdepubmktg.mega.nz,MegaUploadSites,0,3/19/2025,3/19/2025,,,,Intel::DOMAIN,
superbansnz1.mega.nz,MegaUploadSites,0,3/19/2025,3/19/2025,,,,Intel::DOMAIN,
superdica.abc.mega.nz,MegaUploadSites,0,3/19/2025,3/19/2025,,,,Intel::DOMAIN,
supmac.mega.nz,MegaUploadSites,0,3/19/2025,3/19/2025,,,,Intel::DOMAIN,
support.2.mega.nz,MegaUploadSites,0,3/19/2025,3/19/2025,,,,Intel::DOMAIN,
support.9.mega.nz,MegaUploadSites,0,3/19/2025,3/19/2025,,,,Intel::DOMAIN,
support.b.mega.nz,MegaUploadSites,0,3/19/2025,3/19/2025,,,,Intel::DOMAIN,
support.c.mega.nz,MegaUploadSites,0,3/19/2025,3/19/2025,,,,Intel::DOMAIN,
support.e.mega.nz,MegaUploadSites,0,3/19/2025,3/19/2025,,,,Intel::DOMAIN,
support.m.mega.nz,MegaUploadSites,0,3/19/2025,3/19/2025,,,,Intel::DOMAIN,
suquanxunwang.cms.mega.nz,MegaUploadSites,0,3/19/2025,3/19/2025,,,,Intel::DOMAIN,
survey.cms.mega.nz,MegaUploadSites,0,3/19/2025,3/19/2025,,,,Intel::DOMAIN,
suryanamaskara.mega.nz,MegaUploadSites,0,3/19/2025,3/19/2025,,,,Intel::DOMAIN,
sv.4.mega.nz,MegaUploadSites,0,3/19/2025,3/19/2025,,,,Intel::DOMAIN,
svc.cms.mega.nz,MegaUploadSites,0,3/19/2025,3/19/2025,,,,Intel::DOMAIN,
svetlojyar.34.mega.nz,MegaUploadSites,0,3/19/2025,3/19/2025,,,,Intel::DOMAIN,
svn.k.mega.nz,MegaUploadSites,0,3/19/2025,3/19/2025,,,,Intel::DOMAIN,
svy-test-dsg.az.mega.nz,MegaUploadSites,0,3/19/2025,3/19/2025,,,,Intel::DOMAIN,
sweat.mega.nz,MegaUploadSites,0,3/19/2025,3/19/2025,,,,Intel::DOMAIN,
sxj94nj0e9ye.ru.mega.nz,MegaUploadSites,0,3/19/2025,3/19/2025,,,,Intel::DOMAIN,
sxkaqisite.com.cn.mega.nz,MegaUploadSites,0,3/19/2025,3/19/2025,,,,Intel::DOMAIN,
sxtianrannsde1.mega.nz,MegaUploadSites,0,3/19/2025,3/19/2025,,,,Intel::DOMAIN,
sxyulun.m.mega.nz,MegaUploadSites,0,3/19/2025,3/19/2025,,,,Intel::DOMAIN,
sxyulun.mega.nz,MegaUploadSites,0,3/19/2025,3/19/2025,,,,Intel::DOMAIN,
systems.m.mega.nz,MegaUploadSites,0,3/19/2025,3/19/2025,,,,Intel::DOMAIN,
sytchina.net.mega.nz,MegaUploadSites,0,3/19/2025,3/19/2025,,,,Intel::DOMAIN,
syuifordlinnnsnz2.mega.nz,MegaUploadSites,0,3/19/2025,3/19/2025,,,,Intel::DOMAIN,
sz-mhg.cn.mega.nz,MegaUploadSites,0,3/19/2025,3/19/2025,,,,Intel::DOMAIN,
szscrnt.com.mega.nz,MegaUploadSites,0,3/19/2025,3/19/2025,,,,Intel::DOMAIN,
szsuihuo.com.mega.nz,MegaUploadSites,0,3/19/2025,3/19/2025,,,,Intel::DOMAIN,
t.d.mega.nz,MegaUploadSites,0,3/19/2025,3/19/2025,,,,Intel::DOMAIN,
t.mega.nz,MegaUploadSites,0,3/19/2025,3/19/2025,,,,Intel::DOMAIN,
t2gm4izvzpxbagfgkuq4acd5gd-as.mega.nz,MegaUploadSites,0,3/19/2025,3/19/2025,,,,Intel::DOMAIN,
t2gm4izvzpxbagfgkuq4acd5gd-latin.mega.nz,MegaUploadSites,0,3/19/2025,3/19/2025,,,,Intel::DOMAIN,
t2gm4izvzpxbagfgkuq4acd5gd-sha2.mega.nz,MegaUploadSites,0,3/19/2025,3/19/2025,,,,Intel::DOMAIN,
t2gm4izvzpxbagfgkuq4acd5gd-webapp.mega.nz,MegaUploadSites,0,3/19/2025,3/19/2025,,,,Intel::DOMAIN,
t2gm4izvzpxbagfgkuq4acd5gd.mega.nz,MegaUploadSites,0,3/19/2025,3/19/2025,,,,Intel::DOMAIN,
t2gm4izvzpxbagfgkuq4acd5gdeastus2stage.mega.nz,MegaUploadSites,0,3/19/2025,3/19/2025,,,,Intel::DOMAIN,
t2gm4izvzpxbagfgkuq4acd5gdfeb.mega.nz,MegaUploadSites,0,3/19/2025,3/19/2025,,,,Intel::DOMAIN,
t2gm4izvzpxbagfgkuq4acd5gdnortheuropeprd.5.mega.nz,MegaUploadSites,0,3/19/2025,3/19/2025,,,,Intel::DOMAIN,
t2gm4izvzpxbagfgkuq4acd5gdnortheuropestage.m.mega.nz,MegaUploadSites,0,3/19/2025,3/19/2025,,,,Intel::DOMAIN,
t2gm4izvzpxbagfgkuq4acd5gdnortheuropestage.mega.nz,MegaUploadSites,0,3/19/2025,3/19/2025,,,,Intel::DOMAIN,
t4.7t.mega.nz,MegaUploadSites,0,3/19/2025,3/19/2025,,,,Intel::DOMAIN,
t6seolqf3.cp.mega.nz,MegaUploadSites,0,3/19/2025,3/19/2025,,,,Intel::DOMAIN,
tags.t.mega.nz,MegaUploadSites,0,3/19/2025,3/19/2025,,,,Intel::DOMAIN,
tahre.cn.mega.nz,MegaUploadSites,0,3/19/2025,3/19/2025,,,,Intel::DOMAIN,
taj.mega.nz,MegaUploadSites,0,3/19/2025,3/19/2025,,,,Intel::DOMAIN,
takedown-asg.mega.nz,MegaUploadSites,0,3/19/2025,3/19/2025,,,,Intel::DOMAIN,
takedown-canary2.mega.nz,MegaUploadSites,0,3/19/2025,3/19/2025,,,,Intel::DOMAIN,
takedown.m.mega.nz,MegaUploadSites,0,3/19/2025,3/19/2025,,,,Intel::DOMAIN,
takestoodamnlongtocreatethis.p.mega.nz,MegaUploadSites,0,3/19/2025,3/19/2025,,,,Intel::DOMAIN,
takrit11.mega.nz,MegaUploadSites,0,3/19/2025,3/19/2025,,,,Intel::DOMAIN,
taobaokd.cn.mega.nz,MegaUploadSites,0,3/19/2025,3/19/2025,,,,Intel::DOMAIN,
tastefonsnz2.m.mega.nz,MegaUploadSites,0,3/19/2025,3/19/2025,,,,Intel::DOMAIN,
tastefonsnz2.mega.nz,MegaUploadSites,0,3/19/2025,3/19/2025,,,,Intel::DOMAIN,
tbeitnsde1-1nsde2.m.mega.nz,MegaUploadSites,0,3/19/2025,3/19/2025,,,,Intel::DOMAIN,
tbeitnsde1-1nsde2.mega.nz,MegaUploadSites,0,3/19/2025,3/19/2025,,,,Intel::DOMAIN,
tbeitnsde1-au.mega.nz,MegaUploadSites,0,3/19/2025,3/19/2025,,,,Intel::DOMAIN,
tbeitnsde1-data.mega.nz,MegaUploadSites,0,3/19/2025,3/19/2025,,,,Intel::DOMAIN,
tbeitnsde1-embed.mega.nz,MegaUploadSites,0,3/19/2025,3/19/2025,,,,Intel::DOMAIN,
tbeitnsde1-ghcpi.mega.nz,MegaUploadSites,0,3/19/2025,3/19/2025,,,,Intel::DOMAIN,
tbeitnsde1.mega.nz,MegaUploadSites,0,3/19/2025,3/19/2025,,,,Intel::DOMAIN,
tbeitnsde1cd.0.mega.nz,MegaUploadSites,0,3/19/2025,3/19/2025,,,,Intel::DOMAIN,
tbeitnsde1cd.m.mega.nz,MegaUploadSites,0,3/19/2025,3/19/2025,,,,Intel::DOMAIN,
tbeitnsde1cd.mega.nz,MegaUploadSites,0,3/19/2025,3/19/2025,,,,Intel::DOMAIN,
tbeitnsde1s3.mega.nz,MegaUploadSites,0,3/19/2025,3/19/2025,,,,Intel::DOMAIN,
tbeitnsde1uscentral1f.mega.nz,MegaUploadSites,0,3/19/2025,3/19/2025,,,,Intel::DOMAIN,
tbfzz.cn.mega.nz,MegaUploadSites,0,3/19/2025,3/19/2025,,,,Intel::DOMAIN,
tbghf.cn.mega.nz,MegaUploadSites,0,3/19/2025,3/19/2025,,,,Intel::DOMAIN,
tbgmt.cn.mega.nz,MegaUploadSites,0,3/19/2025,3/19/2025,,,,Intel::DOMAIN,
tbmck.cn.mega.nz,MegaUploadSites,0,3/19/2025,3/19/2025,,,,Intel::DOMAIN,
tbwcg.cn.mega.nz,MegaUploadSites,0,3/19/2025,3/19/2025,,,,Intel::DOMAIN,
tbwdt.cn.mega.nz,MegaUploadSites,0,3/19/2025,3/19/2025,,,,Intel::DOMAIN,
tbwgk.cn.mega.nz,MegaUploadSites,0,3/19/2025,3/19/2025,,,,Intel::DOMAIN,
tbwmj.cn.mega.nz,MegaUploadSites,0,3/19/2025,3/19/2025,,,,Intel::DOMAIN,
tbwxk.cn.mega.nz,MegaUploadSites,0,3/19/2025,3/19/2025,,,,Intel::DOMAIN,
tbwys.cn.mega.nz,MegaUploadSites,0,3/19/2025,3/19/2025,,,,Intel::DOMAIN,
tbwzb.cn.mega.nz,MegaUploadSites,0,3/19/2025,3/19/2025,,,,Intel::DOMAIN,
tbxkt.cn.mega.nz,MegaUploadSites,0,3/19/2025,3/19/2025,,,,Intel::DOMAIN,
tbxsb.cn.mega.nz,MegaUploadSites,0,3/19/2025,3/19/2025,,,,Intel::DOMAIN,
tbxsg.cn.mega.nz,MegaUploadSites,0,3/19/2025,3/19/2025,,,,Intel::DOMAIN,
tbxxm.cn.mega.nz,MegaUploadSites,0,3/19/2025,3/19/2025,,,,Intel::DOMAIN,
tbygs.cn.mega.nz,MegaUploadSites,0,3/19/2025,3/19/2025,,,,Intel::DOMAIN,
tbygt.cn.mega.nz,MegaUploadSites,0,3/19/2025,3/19/2025,,,,Intel::DOMAIN,
tbygz.cn.mega.nz,MegaUploadSites,0,3/19/2025,3/19/2025,,,,Intel::DOMAIN,
tbymy.cn.mega.nz,MegaUploadSites,0,3/19/2025,3/19/2025,,,,Intel::DOMAIN,
tbyxd.cn.mega.nz,MegaUploadSites,0,3/19/2025,3/19/2025,,,,Intel::DOMAIN,
tbyzm.cn.mega.nz,MegaUploadSites,0,3/19/2025,3/19/2025,,,,Intel::DOMAIN,
tbzcy.cn.mega.nz,MegaUploadSites,0,3/19/2025,3/19/2025,,,,Intel::DOMAIN,
tbzfm.cn.mega.nz,MegaUploadSites,0,3/19/2025,3/19/2025,,,,Intel::DOMAIN,
tbzhj.cn.mega.nz,MegaUploadSites,0,3/19/2025,3/19/2025,,,,Intel::DOMAIN,
tbzky.cn.mega.nz,MegaUploadSites,0,3/19/2025,3/19/2025,,,,Intel::DOMAIN,
tbzwm.cn.mega.nz,MegaUploadSites,0,3/19/2025,3/19/2025,,,,Intel::DOMAIN,
tbzws.cn.mega.nz,MegaUploadSites,0,3/19/2025,3/19/2025,,,,Intel::DOMAIN,
tbzwz.cn.mega.nz,MegaUploadSites,0,3/19/2025,3/19/2025,,,,Intel::DOMAIN,
tbzxx.cn.mega.nz,MegaUploadSites,0,3/19/2025,3/19/2025,,,,Intel::DOMAIN,
tc0wt6z7sc6hsguw.sip.mega.nz,MegaUploadSites,0,3/19/2025,3/19/2025,,,,Intel::DOMAIN,
tcbcs.cn.mega.nz,MegaUploadSites,0,3/19/2025,3/19/2025,,,,Intel::DOMAIN,
tcbdh.cn.mega.nz,MegaUploadSites,0,3/19/2025,3/19/2025,,,,Intel::DOMAIN,
tcbfz.cn.mega.nz,MegaUploadSites,0,3/19/2025,3/19/2025,,,,Intel::DOMAIN,
tcbgd.cn.mega.nz,MegaUploadSites,0,3/19/2025,3/19/2025,,,,Intel::DOMAIN,
tcbhb.cn.mega.nz,MegaUploadSites,0,3/19/2025,3/19/2025,,,,Intel::DOMAIN,
tcceast.dev4.m.mega.nz,MegaUploadSites,0,3/19/2025,3/19/2025,,,,Intel::DOMAIN,
tccwest.qa1.m.mega.nz,MegaUploadSites,0,3/19/2025,3/19/2025,,,,Intel::DOMAIN,
tcp.m.mega.nz,MegaUploadSites,0,3/19/2025,3/19/2025,,,,Intel::DOMAIN,
tcp.mega.nz,MegaUploadSites,0,3/19/2025,3/19/2025,,,,Intel::DOMAIN,
tcs2-preprod.a.mega.nz,MegaUploadSites,0,3/19/2025,3/19/2025,,,,Intel::DOMAIN,
td.mega.nz,MegaUploadSites,0,3/19/2025,3/19/2025,,,,Intel::DOMAIN,
teekaewpreecha2555.mega.nz,MegaUploadSites,0,3/19/2025,3/19/2025,,,,Intel::DOMAIN,
tefnut.mega.nz,MegaUploadSites,0,3/19/2025,3/19/2025,,,,Intel::DOMAIN,
teknikmagasinet-654395.c.mega.nz,MegaUploadSites,0,3/19/2025,3/19/2025,,,,Intel::DOMAIN,
telishah.mega.nz,MegaUploadSites,0,3/19/2025,3/19/2025,,,,Intel::DOMAIN,
telmexchinsde2.m.mega.nz,MegaUploadSites,0,3/19/2025,3/19/2025,,,,Intel::DOMAIN,
telmexchinsde2.mega.nz,MegaUploadSites,0,3/19/2025,3/19/2025,,,,Intel::DOMAIN,
temp21.mega.nz,MegaUploadSites,0,3/19/2025,3/19/2025,,,,Intel::DOMAIN,
tentennsde1.mega.nz,MegaUploadSites,0,3/19/2025,3/19/2025,,,,Intel::DOMAIN,
tessilfnslu1.mega.nz,MegaUploadSites,0,3/19/2025,3/19/2025,,,,Intel::DOMAIN,
test-124.mega.nz,MegaUploadSites,0,3/19/2025,3/19/2025,,,,Intel::DOMAIN,
test-acc.m.mega.nz,MegaUploadSites,0,3/19/2025,3/19/2025,,,,Intel::DOMAIN,
test-acc.mega.nz,MegaUploadSites,0,3/19/2025,3/19/2025,,,,Intel::DOMAIN,
test-ase-201602.p.mega.nz,MegaUploadSites,0,3/19/2025,3/19/2025,,,,Intel::DOMAIN,
test-dub.4.mega.nz,MegaUploadSites,0,3/19/2025,3/19/2025,,,,Intel::DOMAIN,
test-dub.m.mega.nz,MegaUploadSites,0,3/19/2025,3/19/2025,,,,Intel::DOMAIN,
test-dub.mega.nz,MegaUploadSites,0,3/19/2025,3/19/2025,,,,Intel::DOMAIN,
test-ext.mega.nz,MegaUploadSites,0,3/19/2025,3/19/2025,,,,Intel::DOMAIN,
test-westus.mega.nz,MegaUploadSites,0,3/19/2025,3/19/2025,,,,Intel::DOMAIN,
test.9.mega.nz,MegaUploadSites,0,3/19/2025,3/19/2025,,,,Intel::DOMAIN,
test.a.mega.nz,MegaUploadSites,0,3/19/2025,3/19/2025,,,,Intel::DOMAIN,
test.e.mega.nz,MegaUploadSites,0,3/19/2025,3/19/2025,,,,Intel::DOMAIN,
test.mega.nz,MegaUploadSites,0,3/19/2025,3/19/2025,,,,Intel::DOMAIN,
test1.ad.mega.nz,MegaUploadSites,0,3/19/2025,3/19/2025,,,,Intel::DOMAIN,
test12.p.mega.nz,MegaUploadSites,0,3/19/2025,3/19/2025,,,,Intel::DOMAIN,
test9a.i.mega.nz,MegaUploadSites,0,3/19/2025,3/19/2025,,,,Intel::DOMAIN,
testasejl01.p.mega.nz,MegaUploadSites,0,3/19/2025,3/19/2025,,,,Intel::DOMAIN,
testbed-acc.3.mega.nz,MegaUploadSites,0,3/19/2025,3/19/2025,,,,Intel::DOMAIN,
testerenvironment.p.mega.nz,MegaUploadSites,0,3/19/2025,3/19/2025,,,,Intel::DOMAIN,
testingiphone.0.mega.nz,MegaUploadSites,0,3/19/2025,3/19/2025,,,,Intel::DOMAIN,
testoud.mega.nz,MegaUploadSites,0,3/19/2025,3/19/2025,,,,Intel::DOMAIN,
texasflds.mega.nz,MegaUploadSites,0,3/19/2025,3/19/2025,,,,Intel::DOMAIN,
tfo.mega.nz,MegaUploadSites,0,3/19/2025,3/19/2025,,,,Intel::DOMAIN,
tgbj.loan.mega.nz,MegaUploadSites,0,3/19/2025,3/19/2025,,,,Intel::DOMAIN,
tgbt.loan.mega.nz,MegaUploadSites,0,3/19/2025,3/19/2025,,,,Intel::DOMAIN,
tgcl.loan.mega.nz,MegaUploadSites,0,3/19/2025,3/19/2025,,,,Intel::DOMAIN,
tgcx.loan.mega.nz,MegaUploadSites,0,3/19/2025,3/19/2025,,,,Intel::DOMAIN,
tgfn.loan.mega.nz,MegaUploadSites,0,3/19/2025,3/19/2025,,,,Intel::DOMAIN,
tgjb.loan.mega.nz,MegaUploadSites,0,3/19/2025,3/19/2025,,,,Intel::DOMAIN,
tgjp.loan.mega.nz,MegaUploadSites,0,3/19/2025,3/19/2025,,,,Intel::DOMAIN,
tgjt.loan.mega.nz,MegaUploadSites,0,3/19/2025,3/19/2025,,,,Intel::DOMAIN,
tgkb.loan.mega.nz,MegaUploadSites,0,3/19/2025,3/19/2025,,,,Intel::DOMAIN,
tgkqx.cn.mega.nz,MegaUploadSites,0,3/19/2025,3/19/2025,,,,Intel::DOMAIN,
tgkr.loan.mega.nz,MegaUploadSites,0,3/19/2025,3/19/2025,,,,Intel::DOMAIN,
tglh.loan.mega.nz,MegaUploadSites,0,3/19/2025,3/19/2025,,,,Intel::DOMAIN,
tglj.loan.mega.nz,MegaUploadSites,0,3/19/2025,3/19/2025,,,,Intel::DOMAIN,
tglk.loan.mega.nz,MegaUploadSites,0,3/19/2025,3/19/2025,,,,Intel::DOMAIN,
tglq.loan.mega.nz,MegaUploadSites,0,3/19/2025,3/19/2025,,,,Intel::DOMAIN,
tgls.loan.mega.nz,MegaUploadSites,0,3/19/2025,3/19/2025,,,,Intel::DOMAIN,
tgmz.loan.mega.nz,MegaUploadSites,0,3/19/2025,3/19/2025,,,,Intel::DOMAIN,
tgna-ase02-ctrl.p.mega.nz,MegaUploadSites,0,3/19/2025,3/19/2025,,,,Intel::DOMAIN,
tgna-ase02-east02.p.mega.nz,MegaUploadSites,0,3/19/2025,3/19/2025,,,,Intel::DOMAIN,
tgnsde1.mega.nz,MegaUploadSites,0,3/19/2025,3/19/2025,,,,Intel::DOMAIN,
tgph.loan.mega.nz,MegaUploadSites,0,3/19/2025,3/19/2025,,,,Intel::DOMAIN,
tgrp.loan.mega.nz,MegaUploadSites,0,3/19/2025,3/19/2025,,,,Intel::DOMAIN,
tgsg.loan.mega.nz,MegaUploadSites,0,3/19/2025,3/19/2025,,,,Intel::DOMAIN,
tgtr.loan.mega.nz,MegaUploadSites,0,3/19/2025,3/19/2025,,,,Intel::DOMAIN,
tgxx.loan.mega.nz,MegaUploadSites,0,3/19/2025,3/19/2025,,,,Intel::DOMAIN,
thatsnewmsgfonsnz1.m.mega.nz,MegaUploadSites,0,3/19/2025,3/19/2025,,,,Intel::DOMAIN,
thatsnewmsgfonsnz1.mega.nz,MegaUploadSites,0,3/19/2025,3/19/2025,,,,Intel::DOMAIN,
thearchc.ornsnz2.mega.nz,MegaUploadSites,0,3/19/2025,3/19/2025,,,,Intel::DOMAIN,
thebridgespar.m.mega.nz,MegaUploadSites,0,3/19/2025,3/19/2025,,,,Intel::DOMAIN,
thebridgespar.mega.nz,MegaUploadSites,0,3/19/2025,3/19/2025,,,,Intel::DOMAIN,
thechattymomma.mega.nz,MegaUploadSites,0,3/19/2025,3/19/2025,,,,Intel::DOMAIN,
themaskedlady.mega.nz,MegaUploadSites,0,3/19/2025,3/19/2025,,,,Intel::DOMAIN,
themaskedmoron.mega.nz,MegaUploadSites,0,3/19/2025,3/19/2025,,,,Intel::DOMAIN,
thetradedeskinnovidmaster582779829774.s.mega.nz,MegaUploadSites,0,3/19/2025,3/19/2025,,,,Intel::DOMAIN,
thevaccinesuk.mega.nz,MegaUploadSites,0,3/19/2025,3/19/2025,,,,Intel::DOMAIN,
thomnsde2.m.mega.nz,MegaUploadSites,0,3/19/2025,3/19/2025,,,,Intel::DOMAIN,
thomnsde2.mega.nz,MegaUploadSites,0,3/19/2025,3/19/2025,,,,Intel::DOMAIN,
throckenrock.users.k.mega.nz,MegaUploadSites,0,3/19/2025,3/19/2025,,,,Intel::DOMAIN,
thzs.loan.mega.nz,MegaUploadSites,0,3/19/2025,3/19/2025,,,,Intel::DOMAIN,
tiagobase.p.mega.nz,MegaUploadSites,0,3/19/2025,3/19/2025,,,,Intel::DOMAIN,
tiga.mega.nz,MegaUploadSites,0,3/19/2025,3/19/2025,,,,Intel::DOMAIN,
tinguely.mega.nz,MegaUploadSites,0,3/19/2025,3/19/2025,,,,Intel::DOMAIN,
titanic.mega.nz,MegaUploadSites,0,3/19/2025,3/19/2025,,,,Intel::DOMAIN,
tja43covmy.csngok.ok.mega.nz,MegaUploadSites,0,3/19/2025,3/19/2025,,,,Intel::DOMAIN,
tkv1j22t3kcujxl.urc.ac.ru.mega.nz,MegaUploadSites,0,3/19/2025,3/19/2025,,,,Intel::DOMAIN,
tlfj.loan.mega.nz,MegaUploadSites,0,3/19/2025,3/19/2025,,,,Intel::DOMAIN,
tlfm.loan.mega.nz,MegaUploadSites,0,3/19/2025,3/19/2025,,,,Intel::DOMAIN,
tlkd.loan.mega.nz,MegaUploadSites,0,3/19/2025,3/19/2025,,,,Intel::DOMAIN,
tlkx.loan.mega.nz,MegaUploadSites,0,3/19/2025,3/19/2025,,,,Intel::DOMAIN,
tllx.loan.mega.nz,MegaUploadSites,0,3/19/2025,3/19/2025,,,,Intel::DOMAIN,
tlnh.loan.mega.nz,MegaUploadSites,0,3/19/2025,3/19/2025,,,,Intel::DOMAIN,
tlrw.loan.mega.nz,MegaUploadSites,0,3/19/2025,3/19/2025,,,,Intel::DOMAIN,
tlty.loan.mega.nz,MegaUploadSites,0,3/19/2025,3/19/2025,,,,Intel::DOMAIN,
tlyf.loan.mega.nz,MegaUploadSites,0,3/19/2025,3/19/2025,,,,Intel::DOMAIN,
tnsde1.m.mega.nz,MegaUploadSites,0,3/19/2025,3/19/2025,,,,Intel::DOMAIN,
tnsde1.mega.nz,MegaUploadSites,0,3/19/2025,3/19/2025,,,,Intel::DOMAIN,
tnsnz2.mega.nz,MegaUploadSites,0,3/19/2025,3/19/2025,,,,Intel::DOMAIN,
todomanualidadesadmin.mega.nz,MegaUploadSites,0,3/19/2025,3/19/2025,,,,Intel::DOMAIN,
todomanualidadesqt.7.mega.nz,MegaUploadSites,0,3/19/2025,3/19/2025,,,,Intel::DOMAIN,
tokens.mega.nz,MegaUploadSites,0,3/19/2025,3/19/2025,,,,Intel::DOMAIN,
toljatti.63.mega.nz,MegaUploadSites,0,3/19/2025,3/19/2025,,,,Intel::DOMAIN,
toltoallomaskereso.mega.nz,MegaUploadSites,0,3/19/2025,3/19/2025,,,,Intel::DOMAIN,
tomb-of-the-mask.en.mega.nz,MegaUploadSites,0,3/19/2025,3/19/2025,,,,Intel::DOMAIN,
tonsnz2.mega.nz,MegaUploadSites,0,3/19/2025,3/19/2025,,,,Intel::DOMAIN,
tools.3.mega.nz,MegaUploadSites,0,3/19/2025,3/19/2025,,,,Intel::DOMAIN,
tools.m.mega.nz,MegaUploadSites,0,3/19/2025,3/19/2025,,,,Intel::DOMAIN,
tools07-beta.mega.nz,MegaUploadSites,0,3/19/2025,3/19/2025,,,,Intel::DOMAIN,
toph-classroom.s.mega.nz,MegaUploadSites,0,3/19/2025,3/19/2025,,,,Intel::DOMAIN,
topnsnz2.mega.nz,MegaUploadSites,0,3/19/2025,3/19/2025,,,,Intel::DOMAIN,
tp-s2-c7r2.router.mega.nz,MegaUploadSites,0,3/19/2025,3/19/2025,,,,Intel::DOMAIN,
tpxporcnsnz2.mega.nz,MegaUploadSites,0,3/19/2025,3/19/2025,,,,Intel::DOMAIN,
tr.mega.nz,MegaUploadSites,0,3/19/2025,3/19/2025,,,,Intel::DOMAIN,
trade.mega.nz,MegaUploadSites,0,3/19/2025,3/19/2025,,,,Intel::DOMAIN,
tradefin-prod-ase.p.mega.nz,MegaUploadSites,0,3/19/2025,3/19/2025,,,,Intel::DOMAIN,
trading.cms.mega.nz,MegaUploadSites,0,3/19/2025,3/19/2025,,,,Intel::DOMAIN,
transmission.d.mega.nz,MegaUploadSites,0,3/19/2025,3/19/2025,,,,Intel::DOMAIN,
transocnsnz1.mega.nz,MegaUploadSites,0,3/19/2025,3/19/2025,,,,Intel::DOMAIN,
treffpunkt-stjohann-old.at.mega.nz,MegaUploadSites,0,3/19/2025,3/19/2025,,,,Intel::DOMAIN,
tripod.mega.nz,MegaUploadSites,0,3/19/2025,3/19/2025,,,,Intel::DOMAIN,
trn.karere.mega.nz,MegaUploadSites,0,3/19/2025,3/19/2025,,,,Intel::DOMAIN,
trn270n001.karere.mega.nz,MegaUploadSites,0,3/19/2025,3/19/2025,,,,Intel::DOMAIN,
trn270n002.karere.mega.nz,MegaUploadSites,0,3/19/2025,3/19/2025,,,,Intel::DOMAIN,
trn302n001.karere.m.mega.nz,MegaUploadSites,0,3/19/2025,3/19/2025,,,,Intel::DOMAIN,
trn302n001.karere.mega.nz,MegaUploadSites,0,3/19/2025,3/19/2025,,,,Intel::DOMAIN,
trn302n002.karere.mega.nz,MegaUploadSites,0,3/19/2025,3/19/2025,,,,Intel::DOMAIN,
trn530n002.karere.mega.nz,MegaUploadSites,0,3/19/2025,3/19/2025,,,,Intel::DOMAIN,
trn530n003.karere.mega.nz,MegaUploadSites,0,3/19/2025,3/19/2025,,,,Intel::DOMAIN,
trnsde1.mega.nz,MegaUploadSites,0,3/19/2025,3/19/2025,,,,Intel::DOMAIN,
trovacinema.mega.nz,MegaUploadSites,0,3/19/2025,3/19/2025,,,,Intel::DOMAIN,
trovawebcdn.r.mega.nz,MegaUploadSites,0,3/19/2025,3/19/2025,,,,Intel::DOMAIN,
tsawear.com.mega.nz,MegaUploadSites,0,3/19/2025,3/19/2025,,,,Intel::DOMAIN,
tsblackcatsase.p.mega.nz,MegaUploadSites,0,3/19/2025,3/19/2025,,,,Intel::DOMAIN,
tst.mega.nz,MegaUploadSites,0,3/19/2025,3/19/2025,,,,Intel::DOMAIN,
tsund.mega.nz,MegaUploadSites,0,3/19/2025,3/19/2025,,,,Intel::DOMAIN,
tswdt.cn.mega.nz,MegaUploadSites,0,3/19/2025,3/19/2025,,,,Intel::DOMAIN,
tswfy.cn.mega.nz,MegaUploadSites,0,3/19/2025,3/19/2025,,,,Intel::DOMAIN,
tswsj.cn.mega.nz,MegaUploadSites,0,3/19/2025,3/19/2025,,,,Intel::DOMAIN,
tt-10292-0.seg.t.mega.nz,MegaUploadSites,0,3/19/2025,3/19/2025,,,,Intel::DOMAIN,
tt-10372-1.seg.t.mega.nz,MegaUploadSites,0,3/19/2025,3/19/2025,,,,Intel::DOMAIN,
tt-10928-2.seg.t.mega.nz,MegaUploadSites,0,3/19/2025,3/19/2025,,,,Intel::DOMAIN,
tt-10945-2.seg.t.mega.nz,MegaUploadSites,0,3/19/2025,3/19/2025,,,,Intel::DOMAIN,
tt-11722-6.seg.t.mega.nz,MegaUploadSites,0,3/19/2025,3/19/2025,,,,Intel::DOMAIN,
tt-11752-8.seg.t.mega.nz,MegaUploadSites,0,3/19/2025,3/19/2025,,,,Intel::DOMAIN,
tt-11817-6.seg.t.mega.nz,MegaUploadSites,0,3/19/2025,3/19/2025,,,,Intel::DOMAIN,
tt-11907-5.seg.t.mega.nz,MegaUploadSites,0,3/19/2025,3/19/2025,,,,Intel::DOMAIN,
tt-12066-9.seg.t.mega.nz,MegaUploadSites,0,3/19/2025,3/19/2025,,,,Intel::DOMAIN,
tt-12314-5.seg.t.mega.nz,MegaUploadSites,0,3/19/2025,3/19/2025,,,,Intel::DOMAIN,
tt-9599-0.seg.t.mega.nz,MegaUploadSites,0,3/19/2025,3/19/2025,,,,Intel::DOMAIN,
tt.o.mega.nz,MegaUploadSites,0,3/19/2025,3/19/2025,,,,Intel::DOMAIN,
tt356.com.mega.nz,MegaUploadSites,0,3/19/2025,3/19/2025,,,,Intel::DOMAIN,
ttpj981.com.mega.nz,MegaUploadSites,0,3/19/2025,3/19/2025,,,,Intel::DOMAIN,
ttyulechengxinyu.cms.mega.nz,MegaUploadSites,0,3/19/2025,3/19/2025,,,,Intel::DOMAIN,
ttyulechengzuixinwangzhi.cms.mega.nz,MegaUploadSites,0,3/19/2025,3/19/2025,,,,Intel::DOMAIN,
tukuunik.com.mega.nz,MegaUploadSites,0,3/19/2025,3/19/2025,,,,Intel::DOMAIN,
tumnsnz2.mega.nz,MegaUploadSites,0,3/19/2025,3/19/2025,,,,Intel::DOMAIN,
tur.9.mega.nz,MegaUploadSites,0,3/19/2025,3/19/2025,,,,Intel::DOMAIN,
tv.mega.nz,MegaUploadSites,0,3/19/2025,3/19/2025,,,,Intel::DOMAIN,
tw.mega.nz,MegaUploadSites,0,3/19/2025,3/19/2025,,,,Intel::DOMAIN,
twcl.loan.mega.nz,MegaUploadSites,0,3/19/2025,3/19/2025,,,,Intel::DOMAIN,
twelvnsnz2.mega.nz,MegaUploadSites,0,3/19/2025,3/19/2025,,,,Intel::DOMAIN,
twgr.loan.mega.nz,MegaUploadSites,0,3/19/2025,3/19/2025,,,,Intel::DOMAIN,
twjj.loan.mega.nz,MegaUploadSites,0,3/19/2025,3/19/2025,,,,Intel::DOMAIN,
twmp.loan.mega.nz,MegaUploadSites,0,3/19/2025,3/19/2025,,,,Intel::DOMAIN,
twph.loan.mega.nz,MegaUploadSites,0,3/19/2025,3/19/2025,,,,Intel::DOMAIN,
twqd.loan.mega.nz,MegaUploadSites,0,3/19/2025,3/19/2025,,,,Intel::DOMAIN,
twrq.loan.mega.nz,MegaUploadSites,0,3/19/2025,3/19/2025,,,,Intel::DOMAIN,
twsj.loan.mega.nz,MegaUploadSites,0,3/19/2025,3/19/2025,,,,Intel::DOMAIN,
twtd.loan.mega.nz,MegaUploadSites,0,3/19/2025,3/19/2025,,,,Intel::DOMAIN,
twwp.loan.mega.nz,MegaUploadSites,0,3/19/2025,3/19/2025,,,,Intel::DOMAIN,
twxg.loan.mega.nz,MegaUploadSites,0,3/19/2025,3/19/2025,,,,Intel::DOMAIN,
twyz.loan.mega.nz,MegaUploadSites,0,3/19/2025,3/19/2025,,,,Intel::DOMAIN,
txjianjun.com.mega.nz,MegaUploadSites,0,3/19/2025,3/19/2025,,,,Intel::DOMAIN,
txmd.loan.mega.nz,MegaUploadSites,0,3/19/2025,3/19/2025,,,,Intel::DOMAIN,
txsd.loan.mega.nz,MegaUploadSites,0,3/19/2025,3/19/2025,,,,Intel::DOMAIN,
txtl.loan.mega.nz,MegaUploadSites,0,3/19/2025,3/19/2025,,,,Intel::DOMAIN,
txyd.loan.mega.nz,MegaUploadSites,0,3/19/2025,3/19/2025,,,,Intel::DOMAIN,
txyonya.com.mega.nz,MegaUploadSites,0,3/19/2025,3/19/2025,,,,Intel::DOMAIN,
tyc0010.com.mega.nz,MegaUploadSites,0,3/19/2025,3/19/2025,,,,Intel::DOMAIN,
tyc0060.com.mega.nz,MegaUploadSites,0,3/19/2025,3/19/2025,,,,Intel::DOMAIN,
tyc0070.com.mega.nz,MegaUploadSites,0,3/19/2025,3/19/2025,,,,Intel::DOMAIN,
tyc2988.com.mega.nz,MegaUploadSites,0,3/19/2025,3/19/2025,,,,Intel::DOMAIN,
tyc5859.com.mega.nz,MegaUploadSites,0,3/19/2025,3/19/2025,,,,Intel::DOMAIN,
tyhaichang.com.mega.nz,MegaUploadSites,0,3/19/2025,3/19/2025,,,,Intel::DOMAIN,
tynsnz2.m.mega.nz,MegaUploadSites,0,3/19/2025,3/19/2025,,,,Intel::DOMAIN,
tynsnz2.mega.nz,MegaUploadSites,0,3/19/2025,3/19/2025,,,,Intel::DOMAIN,
typepadnsnz2.mega.nz,MegaUploadSites,0,3/19/2025,3/19/2025,,,,Intel::DOMAIN,
tzrax.cn.mega.nz,MegaUploadSites,0,3/19/2025,3/19/2025,,,,Intel::DOMAIN,
u.static.mega.nz,MegaUploadSites,0,3/19/2025,3/19/2025,,,,Intel::DOMAIN,
u10119.87.mega.nz,MegaUploadSites,0,3/19/2025,3/19/2025,,,,Intel::DOMAIN,
u1136.39.mega.nz,MegaUploadSites,0,3/19/2025,3/19/2025,,,,Intel::DOMAIN,
u144.29.mega.nz,MegaUploadSites,0,3/19/2025,3/19/2025,,,,Intel::DOMAIN,
u3103.98.mega.nz,MegaUploadSites,0,3/19/2025,3/19/2025,,,,Intel::DOMAIN,
u5766.45.mega.nz,MegaUploadSites,0,3/19/2025,3/19/2025,,,,Intel::DOMAIN,
u6844.95.mega.nz,MegaUploadSites,0,3/19/2025,3/19/2025,,,,Intel::DOMAIN,
u6868.24.mega.nz,MegaUploadSites,0,3/19/2025,3/19/2025,,,,Intel::DOMAIN,
u8031.47.mega.nz,MegaUploadSites,0,3/19/2025,3/19/2025,,,,Intel::DOMAIN,
u8751.34.mega.nz,MegaUploadSites,0,3/19/2025,3/19/2025,,,,Intel::DOMAIN,
u9074.22.mega.nz,MegaUploadSites,0,3/19/2025,3/19/2025,,,,Intel::DOMAIN,
u9562.21.mega.nz,MegaUploadSites,0,3/19/2025,3/19/2025,,,,Intel::DOMAIN,
u9708.71.mega.nz,MegaUploadSites,0,3/19/2025,3/19/2025,,,,Intel::DOMAIN,
uansnz2.mega.nz,MegaUploadSites,0,3/19/2025,3/19/2025,,,,Intel::DOMAIN,
uat.mega.nz,MegaUploadSites,0,3/19/2025,3/19/2025,,,,Intel::DOMAIN,
uatmail.mega.nz,MegaUploadSites,0,3/19/2025,3/19/2025,,,,Intel::DOMAIN,
uatomceipap01.mega.nz,MegaUploadSites,0,3/19/2025,3/19/2025,,,,Intel::DOMAIN,
ubdjv2stfr2rbnm4xtt00akwre.mega.nz,MegaUploadSites,0,3/19/2025,3/19/2025,,,,Intel::DOMAIN,
uc.corp.mega.nz,MegaUploadSites,0,3/19/2025,3/19/2025,,,,Intel::DOMAIN,
udea.mega.nz,MegaUploadSites,0,3/19/2025,3/19/2025,,,,Intel::DOMAIN,
ue7.0.mega.nz,MegaUploadSites,0,3/19/2025,3/19/2025,,,,Intel::DOMAIN,
uenbmzupsiznsde2.mega.nz,MegaUploadSites,0,3/19/2025,3/19/2025,,,,Intel::DOMAIN,
ueue.org.cn.mega.nz,MegaUploadSites,0,3/19/2025,3/19/2025,,,,Intel::DOMAIN,
ufa.mega.nz,MegaUploadSites,0,3/19/2025,3/19/2025,,,,Intel::DOMAIN,
uhrsp-ase.p.mega.nz,MegaUploadSites,0,3/19/2025,3/19/2025,,,,Intel::DOMAIN,
uiq.pda.mega.nz,MegaUploadSites,0,3/19/2025,3/19/2025,,,,Intel::DOMAIN,
uk.cms.mega.nz,MegaUploadSites,0,3/19/2025,3/19/2025,,,,Intel::DOMAIN,
uk.mega.nz,MegaUploadSites,0,3/19/2025,3/19/2025,,,,Intel::DOMAIN,
umpptnlgq.i3.mega.nz,MegaUploadSites,0,3/19/2025,3/19/2025,,,,Intel::DOMAIN,
uouo.org.cn.mega.nz,MegaUploadSites,0,3/19/2025,3/19/2025,,,,Intel::DOMAIN,
upload.mega.nz,MegaUploadSites,0,3/19/2025,3/19/2025,,,,Intel::DOMAIN,
upload.v.mega.nz,MegaUploadSites,0,3/19/2025,3/19/2025,,,,Intel::DOMAIN,
uquq.org.cn.mega.nz,MegaUploadSites,0,3/19/2025,3/19/2025,,,,Intel::DOMAIN,
urhelp.net.mega.nz,MegaUploadSites,0,3/19/2025,3/19/2025,,,,Intel::DOMAIN,
urya.43.mega.nz,MegaUploadSites,0,3/19/2025,3/19/2025,,,,Intel::DOMAIN,
us-central1-b.mega.nz,MegaUploadSites,0,3/19/2025,3/19/2025,,,,Intel::DOMAIN,
us-east-3.mega.nz,MegaUploadSites,0,3/19/2025,3/19/2025,,,,Intel::DOMAIN,
us-hubspot-stage.d.mega.nz,MegaUploadSites,0,3/19/2025,3/19/2025,,,,Intel::DOMAIN,
us-west-1.mega.nz,MegaUploadSites,0,3/19/2025,3/19/2025,,,,Intel::DOMAIN,
us.quarantine.mega.nz,MegaUploadSites,0,3/19/2025,3/19/2025,,,,Intel::DOMAIN,
us4.mega.nz,MegaUploadSites,0,3/19/2025,3/19/2025,,,,Intel::DOMAIN,
user65.m.mega.nz,MegaUploadSites,0,3/19/2025,3/19/2025,,,,Intel::DOMAIN,
user65.mega.nz,MegaUploadSites,0,3/19/2025,3/19/2025,,,,Intel::DOMAIN,
usr.mega.nz,MegaUploadSites,0,3/19/2025,3/19/2025,,,,Intel::DOMAIN,
utazzmaskepp.mega.nz,MegaUploadSites,0,3/19/2025,3/19/2025,,,,Intel::DOMAIN,
uuulag1e3crg93ehpjc1ciabfnsnz2.m.mega.nz,MegaUploadSites,0,3/19/2025,3/19/2025,,,,Intel::DOMAIN,
uuulag1e3crg93ehpjc1ciabfnsnz2.mega.nz,MegaUploadSites,0,3/19/2025,3/19/2025,,,,Intel::DOMAIN,
uvnsde2.mega.nz,MegaUploadSites,0,3/19/2025,3/19/2025,,,,Intel::DOMAIN,
uvo.28.mega.nz,MegaUploadSites,0,3/19/2025,3/19/2025,,,,Intel::DOMAIN,
uxkt0a77e9.wap.mega.nz,MegaUploadSites,0,3/19/2025,3/19/2025,,,,Intel::DOMAIN,
v-ofnsde1.mega.nz,MegaUploadSites,0,3/19/2025,3/19/2025,,,,Intel::DOMAIN,
v-tedm04.mega.nz,MegaUploadSites,0,3/19/2025,3/19/2025,,,,Intel::DOMAIN,
v.2.mega.nz,MegaUploadSites,0,3/19/2025,3/19/2025,,,,Intel::DOMAIN,
v.mega.nz,MegaUploadSites,0,3/19/2025,3/19/2025,,,,Intel::DOMAIN,
v1.1.mega.nz,MegaUploadSites,0,3/19/2025,3/19/2025,,,,Intel::DOMAIN,
v1.mega.nz,MegaUploadSites,0,3/19/2025,3/19/2025,,,,Intel::DOMAIN,
v10.mega.nz,MegaUploadSites,0,3/19/2025,3/19/2025,,,,Intel::DOMAIN,
v12.mega.nz,MegaUploadSites,0,3/19/2025,3/19/2025,,,,Intel::DOMAIN,
v15.mega.nz,MegaUploadSites,0,3/19/2025,3/19/2025,,,,Intel::DOMAIN,
v16.mega.nz,MegaUploadSites,0,3/19/2025,3/19/2025,,,,Intel::DOMAIN,
v19.mega.nz,MegaUploadSites,0,3/19/2025,3/19/2025,,,,Intel::DOMAIN,
v2.1.mega.nz,MegaUploadSites,0,3/19/2025,3/19/2025,,,,Intel::DOMAIN,
v2.mega.nz,MegaUploadSites,0,3/19/2025,3/19/2025,,,,Intel::DOMAIN,
v20cms.mega.nz,MegaUploadSites,0,3/19/2025,3/19/2025,,,,Intel::DOMAIN,
v29.mega.nz,MegaUploadSites,0,3/19/2025,3/19/2025,,,,Intel::DOMAIN,
v30.mega.nz,MegaUploadSites,0,3/19/2025,3/19/2025,,,,Intel::DOMAIN,
v31.mega.nz,MegaUploadSites,0,3/19/2025,3/19/2025,,,,Intel::DOMAIN,
v35.mega.nz,MegaUploadSites,0,3/19/2025,3/19/2025,,,,Intel::DOMAIN,
v37.mega.nz,MegaUploadSites,0,3/19/2025,3/19/2025,,,,Intel::DOMAIN,
v4.o.mega.nz,MegaUploadSites,0,3/19/2025,3/19/2025,,,,Intel::DOMAIN,
v40.mega.nz,MegaUploadSites,0,3/19/2025,3/19/2025,,,,Intel::DOMAIN,
v42.mega.nz,MegaUploadSites,0,3/19/2025,3/19/2025,,,,Intel::DOMAIN,
v44.mega.nz,MegaUploadSites,0,3/19/2025,3/19/2025,,,,Intel::DOMAIN,
v54.mega.nz,MegaUploadSites,0,3/19/2025,3/19/2025,,,,Intel::DOMAIN,
v59.mega.nz,MegaUploadSites,0,3/19/2025,3/19/2025,,,,Intel::DOMAIN,
v5e.a.mega.nz,MegaUploadSites,0,3/19/2025,3/19/2025,,,,Intel::DOMAIN,
v66.mega.nz,MegaUploadSites,0,3/19/2025,3/19/2025,,,,Intel::DOMAIN,
v68.mega.nz,MegaUploadSites,0,3/19/2025,3/19/2025,,,,Intel::DOMAIN,
v71.mega.nz,MegaUploadSites,0,3/19/2025,3/19/2025,,,,Intel::DOMAIN,
v76.mega.nz,MegaUploadSites,0,3/19/2025,3/19/2025,,,,Intel::DOMAIN,
v81.mega.nz,MegaUploadSites,0,3/19/2025,3/19/2025,,,,Intel::DOMAIN,
v82.mega.nz,MegaUploadSites,0,3/19/2025,3/19/2025,,,,Intel::DOMAIN,
v98.mega.nz,MegaUploadSites,0,3/19/2025,3/19/2025,,,,Intel::DOMAIN,
va-a.v.mega.nz,MegaUploadSites,0,3/19/2025,3/19/2025,,,,Intel::DOMAIN,
va.quarantine.mega.nz,MegaUploadSites,0,3/19/2025,3/19/2025,,,,Intel::DOMAIN,
vaccin-voyage-ghparis10.mega.nz,MegaUploadSites,0,3/19/2025,3/19/2025,,,,Intel::DOMAIN,
vaccine-schedule.ecdc.mega.nz,MegaUploadSites,0,3/19/2025,3/19/2025,,,,Intel::DOMAIN,
vaccine.mega.nz,MegaUploadSites,0,3/19/2025,3/19/2025,,,,Intel::DOMAIN,
vaccinetemperature.mega.nz,MegaUploadSites,0,3/19/2025,3/19/2025,,,,Intel::DOMAIN,
vaccinetracker.mega.nz,MegaUploadSites,0,3/19/2025,3/19/2025,,,,Intel::DOMAIN,
vacunatorio.mega.nz,MegaUploadSites,0,3/19/2025,3/19/2025,,,,Intel::DOMAIN,
vaktel.hegnar.c.mega.nz,MegaUploadSites,0,3/19/2025,3/19/2025,,,,Intel::DOMAIN,
vampiros-a-mascara.mega.nz,MegaUploadSites,0,3/19/2025,3/19/2025,,,,Intel::DOMAIN,
vbr63.cn.mega.nz,MegaUploadSites,0,3/19/2025,3/19/2025,,,,Intel::DOMAIN,
vcbxcbnsde1.mega.nz,MegaUploadSites,0,3/19/2025,3/19/2025,,,,Intel::DOMAIN,
vcbxnsde1.m.mega.nz,MegaUploadSites,0,3/19/2025,3/19/2025,,,,Intel::DOMAIN,
vcbxnsde1.mega.nz,MegaUploadSites,0,3/19/2025,3/19/2025,,,,Intel::DOMAIN,
vdiapp.mega.nz,MegaUploadSites,0,3/19/2025,3/19/2025,,,,Intel::DOMAIN,
vecherniy.mega.nz,MegaUploadSites,0,3/19/2025,3/19/2025,,,,Intel::DOMAIN,
veryceo.net.mega.nz,MegaUploadSites,0,3/19/2025,3/19/2025,,,,Intel::DOMAIN,
vgmvg.a.mega.nz,MegaUploadSites,0,3/19/2025,3/19/2025,,,,Intel::DOMAIN,
vicious-rumors.mega.nz,MegaUploadSites,0,3/19/2025,3/19/2025,,,,Intel::DOMAIN,
videnerginsde2.mega.nz,MegaUploadSites,0,3/19/2025,3/19/2025,,,,Intel::DOMAIN,
vilamedia-homeandgarden.t.mega.nz,MegaUploadSites,0,3/19/2025,3/19/2025,,,,Intel::DOMAIN,
vilna.mega.nz,MegaUploadSites,0,3/19/2025,3/19/2025,,,,Intel::DOMAIN,
vinsnz1.mega.nz,MegaUploadSites,0,3/19/2025,3/19/2025,,,,Intel::DOMAIN,
vipinsnz1.mega.nz,MegaUploadSites,0,3/19/2025,3/19/2025,,,,Intel::DOMAIN,
virgo.mega.nz,MegaUploadSites,0,3/19/2025,3/19/2025,,,,Intel::DOMAIN,
virus-20.mega.nz,MegaUploadSites,0,3/19/2025,3/19/2025,,,,Intel::DOMAIN,
virus-kpop.mega.nz,MegaUploadSites,0,3/19/2025,3/19/2025,,,,Intel::DOMAIN,
virus.mega.nz,MegaUploadSites,0,3/19/2025,3/19/2025,,,,Intel::DOMAIN,
virus0826.mega.nz,MegaUploadSites,0,3/19/2025,3/19/2025,,,,Intel::DOMAIN,
virusdesk.mega.nz,MegaUploadSites,0,3/19/2025,3/19/2025,,,,Intel::DOMAIN,
virusirto.mega.nz,MegaUploadSites,0,3/19/2025,3/19/2025,,,,Intel::DOMAIN,
virusscan.mega.nz,MegaUploadSites,0,3/19/2025,3/19/2025,,,,Intel::DOMAIN,
virusxescape.mega.nz,MegaUploadSites,0,3/19/2025,3/19/2025,,,,Intel::DOMAIN,
vive.mega.nz,MegaUploadSites,0,3/19/2025,3/19/2025,,,,Intel::DOMAIN,
vkmtjnz.cn.mega.nz,MegaUploadSites,0,3/19/2025,3/19/2025,,,,Intel::DOMAIN,
vmestevse.mega.nz,MegaUploadSites,0,3/19/2025,3/19/2025,,,,Intel::DOMAIN,
vmm.mega.nz,MegaUploadSites,0,3/19/2025,3/19/2025,,,,Intel::DOMAIN,
vnecn1dqqfx.uk.mega.nz,MegaUploadSites,0,3/19/2025,3/19/2025,,,,Intel::DOMAIN,
vnsde2.mega.nz,MegaUploadSites,0,3/19/2025,3/19/2025,,,,Intel::DOMAIN,
vo.cms.mega.nz,MegaUploadSites,0,3/19/2025,3/19/2025,,,,Intel::DOMAIN,
void-web-prod.p.mega.nz,MegaUploadSites,0,3/19/2025,3/19/2025,,,,Intel::DOMAIN,
vorigin000.mega.nz,MegaUploadSites,0,3/19/2025,3/19/2025,,,,Intel::DOMAIN,
vorigin000cms.mega.nz,MegaUploadSites,0,3/19/2025,3/19/2025,,,,Intel::DOMAIN,
vpfhrz.cn.mega.nz,MegaUploadSites,0,3/19/2025,3/19/2025,,,,Intel::DOMAIN,
vpn-tn.mega.nz,MegaUploadSites,0,3/19/2025,3/19/2025,,,,Intel::DOMAIN,
vpn.a.mega.nz,MegaUploadSites,0,3/19/2025,3/19/2025,,,,Intel::DOMAIN,
vpn.c.mega.nz,MegaUploadSites,0,3/19/2025,3/19/2025,,,,Intel::DOMAIN,
vpn.e.mega.nz,MegaUploadSites,0,3/19/2025,3/19/2025,,,,Intel::DOMAIN,
vpn.m.mega.nz,MegaUploadSites,0,3/19/2025,3/19/2025,,,,Intel::DOMAIN,
vpn02.cms.mega.nz,MegaUploadSites,0,3/19/2025,3/19/2025,,,,Intel::DOMAIN,
vpnusw2bn.mega.nz,MegaUploadSites,0,3/19/2025,3/19/2025,,,,Intel::DOMAIN,
vps2.mega.nz,MegaUploadSites,0,3/19/2025,3/19/2025,,,,Intel::DOMAIN,
vps4.mega.nz,MegaUploadSites,0,3/19/2025,3/19/2025,,,,Intel::DOMAIN,
vq3i9maqf482.ru.mega.nz,MegaUploadSites,0,3/19/2025,3/19/2025,,,,Intel::DOMAIN,
vqt7utmp4.tv.mega.nz,MegaUploadSites,0,3/19/2025,3/19/2025,,,,Intel::DOMAIN,
vreauinvacnsde2.mega.nz,MegaUploadSites,0,3/19/2025,3/19/2025,,,,Intel::DOMAIN,
vt-edm166.mega.nz,MegaUploadSites,0,3/19/2025,3/19/2025,,,,Intel::DOMAIN,
vton45np7x1n.ansnz1.mega.nz,MegaUploadSites,0,3/19/2025,3/19/2025,,,,Intel::DOMAIN,
vxyoz.cn.mega.nz,MegaUploadSites,0,3/19/2025,3/19/2025,,,,Intel::DOMAIN,
vzvz.org.cn.mega.nz,MegaUploadSites,0,3/19/2025,3/19/2025,,,,Intel::DOMAIN,
w.app.mega.nz,MegaUploadSites,0,3/19/2025,3/19/2025,,,,Intel::DOMAIN,
w.mega.nz,MegaUploadSites,0,3/19/2025,3/19/2025,,,,Intel::DOMAIN,
w.w.w.mega.nz,MegaUploadSites,0,3/19/2025,3/19/2025,,,,Intel::DOMAIN,
w1.ax.mega.nz,MegaUploadSites,0,3/19/2025,3/19/2025,,,,Intel::DOMAIN,
w1rgdmcwbf134htav1s2epogqg.mega.nz,MegaUploadSites,0,3/19/2025,3/19/2025,,,,Intel::DOMAIN,
w2.mega.nz,MegaUploadSites,0,3/19/2025,3/19/2025,,,,Intel::DOMAIN,
w3.mega.nz,MegaUploadSites,0,3/19/2025,3/19/2025,,,,Intel::DOMAIN,
wake.mega.nz,MegaUploadSites,0,3/19/2025,3/19/2025,,,,Intel::DOMAIN,
walliszengfa.com.mega.nz,MegaUploadSites,0,3/19/2025,3/19/2025,,,,Intel::DOMAIN,
wanjingbeng.com.mega.nz,MegaUploadSites,0,3/19/2025,3/19/2025,,,,Intel::DOMAIN,
wantongclub.com.mega.nz,MegaUploadSites,0,3/19/2025,3/19/2025,,,,Intel::DOMAIN,
wap.m.mega.nz,MegaUploadSites,0,3/19/2025,3/19/2025,,,,Intel::DOMAIN,
wbkrkj5vsao0bnv5e2qsjb52vf.m.mega.nz,MegaUploadSites,0,3/19/2025,3/19/2025,,,,Intel::DOMAIN,
wbkrkj5vsao0bnv5e2qsjb52vf.mega.nz,MegaUploadSites,0,3/19/2025,3/19/2025,,,,Intel::DOMAIN,
wblwhad6roq.ru.mega.nz,MegaUploadSites,0,3/19/2025,3/19/2025,,,,Intel::DOMAIN,
web.9.mega.nz,MegaUploadSites,0,3/19/2025,3/19/2025,,,,Intel::DOMAIN,
web.a.mega.nz,MegaUploadSites,0,3/19/2025,3/19/2025,,,,Intel::DOMAIN,
web.b.mega.nz,MegaUploadSites,0,3/19/2025,3/19/2025,,,,Intel::DOMAIN,
web.h.mega.nz,MegaUploadSites,0,3/19/2025,3/19/2025,,,,Intel::DOMAIN,
web51.mega.nz,MegaUploadSites,0,3/19/2025,3/19/2025,,,,Intel::DOMAIN,
web5306.mega.nz,MegaUploadSites,0,3/19/2025,3/19/2025,,,,Intel::DOMAIN,
web6459.mega.nz,MegaUploadSites,0,3/19/2025,3/19/2025,,,,Intel::DOMAIN,
webapp-docs-canary1.mega.nz,MegaUploadSites,0,3/19/2025,3/19/2025,,,,Intel::DOMAIN,
webapp-docs-centralusbeta.1.mega.nz,MegaUploadSites,0,3/19/2025,3/19/2025,,,,Intel::DOMAIN,
webapp-docs-centralusstage.mega.nz,MegaUploadSites,0,3/19/2025,3/19/2025,,,,Intel::DOMAIN,
webapp-docs-poland.mega.nz,MegaUploadSites,0,3/19/2025,3/19/2025,,,,Intel::DOMAIN,
webapp-docs.mega.nz,MegaUploadSites,0,3/19/2025,3/19/2025,,,,Intel::DOMAIN,
webapp-docs1a.mega.nz,MegaUploadSites,0,3/19/2025,3/19/2025,,,,Intel::DOMAIN,
webapp-docsemail.mega.nz,MegaUploadSites,0,3/19/2025,3/19/2025,,,,Intel::DOMAIN,
webapp-docspr01.mega.nz,MegaUploadSites,0,3/19/2025,3/19/2025,,,,Intel::DOMAIN,
webapp-docst.m.mega.nz,MegaUploadSites,0,3/19/2025,3/19/2025,,,,Intel::DOMAIN,
webapp-docst.mega.nz,MegaUploadSites,0,3/19/2025,3/19/2025,,,,Intel::DOMAIN,
webbnsde1.mega.nz,MegaUploadSites,0,3/19/2025,3/19/2025,,,,Intel::DOMAIN,
webdav.mega.nz,MegaUploadSites,0,3/19/2025,3/19/2025,,,,Intel::DOMAIN,
webdev.mega.nz,MegaUploadSites,0,3/19/2025,3/19/2025,,,,Intel::DOMAIN,
webdisk.14.mega.nz,MegaUploadSites,0,3/19/2025,3/19/2025,,,,Intel::DOMAIN,
webdisk.5k.mega.nz,MegaUploadSites,0,3/19/2025,3/19/2025,,,,Intel::DOMAIN,
webdisk.b.mega.nz,MegaUploadSites,0,3/19/2025,3/19/2025,,,,Intel::DOMAIN,
webdisk.bd.mega.nz,MegaUploadSites,0,3/19/2025,3/19/2025,,,,Intel::DOMAIN,
webdisk.f.mega.nz,MegaUploadSites,0,3/19/2025,3/19/2025,,,,Intel::DOMAIN,
webdisk.g.mega.nz,MegaUploadSites,0,3/19/2025,3/19/2025,,,,Intel::DOMAIN,
webdisk.j.mega.nz,MegaUploadSites,0,3/19/2025,3/19/2025,,,,Intel::DOMAIN,
webdisk.lausanne.mega.nz,MegaUploadSites,0,3/19/2025,3/19/2025,,,,Intel::DOMAIN,
webduv.mega.nz,MegaUploadSites,0,3/19/2025,3/19/2025,,,,Intel::DOMAIN,
webdv.mega.nz,MegaUploadSites,0,3/19/2025,3/19/2025,,,,Intel::DOMAIN,
webmail.0.mega.nz,MegaUploadSites,0,3/19/2025,3/19/2025,,,,Intel::DOMAIN,
webmail.5k.mega.nz,MegaUploadSites,0,3/19/2025,3/19/2025,,,,Intel::DOMAIN,
webmail.9.mega.nz,MegaUploadSites,0,3/19/2025,3/19/2025,,,,Intel::DOMAIN,
webmail.a.mega.nz,MegaUploadSites,0,3/19/2025,3/19/2025,,,,Intel::DOMAIN,
webmail.al.mega.nz,MegaUploadSites,0,3/19/2025,3/19/2025,,,,Intel::DOMAIN,
webmail.c.mega.nz,MegaUploadSites,0,3/19/2025,3/19/2025,,,,Intel::DOMAIN,
webmail.e.mega.nz,MegaUploadSites,0,3/19/2025,3/19/2025,,,,Intel::DOMAIN,
webmail.mega.nz,MegaUploadSites,0,3/19/2025,3/19/2025,,,,Intel::DOMAIN,
webmail2.ad.mega.nz,MegaUploadSites,0,3/19/2025,3/19/2025,,,,Intel::DOMAIN,
webmarketinga.mega.nz,MegaUploadSites,0,3/19/2025,3/19/2025,,,,Intel::DOMAIN,
webmeldestelle.mega.nz,MegaUploadSites,0,3/19/2025,3/19/2025,,,,Intel::DOMAIN,
webooz.mega.nz,MegaUploadSites,0,3/19/2025,3/19/2025,,,,Intel::DOMAIN,
webshop.mega.nz,MegaUploadSites,0,3/19/2025,3/19/2025,,,,Intel::DOMAIN,
websitedesignhobart.1.mega.nz,MegaUploadSites,0,3/19/2025,3/19/2025,,,,Intel::DOMAIN,
webtracking.p.mega.nz,MegaUploadSites,0,3/19/2025,3/19/2025,,,,Intel::DOMAIN,
weed.mega.nz,MegaUploadSites,0,3/19/2025,3/19/2025,,,,Intel::DOMAIN,
weekkenty.mega.nz,MegaUploadSites,0,3/19/2025,3/19/2025,,,,Intel::DOMAIN,
weich.mega.nz,MegaUploadSites,0,3/19/2025,3/19/2025,,,,Intel::DOMAIN,
weihekj.com.mega.nz,MegaUploadSites,0,3/19/2025,3/19/2025,,,,Intel::DOMAIN,
welt.mega.nz,MegaUploadSites,0,3/19/2025,3/19/2025,,,,Intel::DOMAIN,
wenx9ry.ti.mega.nz,MegaUploadSites,0,3/19/2025,3/19/2025,,,,Intel::DOMAIN,
westbury.mega.nz,MegaUploadSites,0,3/19/2025,3/19/2025,,,,Intel::DOMAIN,
westmidlandscnsnz1.mega.nz,MegaUploadSites,0,3/19/2025,3/19/2025,,,,Intel::DOMAIN,
wew.mega.nz,MegaUploadSites,0,3/19/2025,3/19/2025,,,,Intel::DOMAIN,
wezp.a2.mega.nz,MegaUploadSites,0,3/19/2025,3/19/2025,,,,Intel::DOMAIN,
wfs2no2qonxgh1e1dzseh2znha.mega.nz,MegaUploadSites,0,3/19/2025,3/19/2025,,,,Intel::DOMAIN,
where.mega.nz,MegaUploadSites,0,3/19/2025,3/19/2025,,,,Intel::DOMAIN,
whistlerglaciernsnz1.mega.nz,MegaUploadSites,0,3/19/2025,3/19/2025,,,,Intel::DOMAIN,
white.mega.nz,MegaUploadSites,0,3/19/2025,3/19/2025,,,,Intel::DOMAIN,
whitnsnz1.mega.nz,MegaUploadSites,0,3/19/2025,3/19/2025,,,,Intel::DOMAIN,
whitsundayplatinumhairdnsnz1.m.mega.nz,MegaUploadSites,0,3/19/2025,3/19/2025,,,,Intel::DOMAIN,
whitsundayplatinumhairdnsnz1.mega.nz,MegaUploadSites,0,3/19/2025,3/19/2025,,,,Intel::DOMAIN,
whitty.mega.nz,MegaUploadSites,0,3/19/2025,3/19/2025,,,,Intel::DOMAIN,
whm.m.mega.nz,MegaUploadSites,0,3/19/2025,3/19/2025,,,,Intel::DOMAIN,
whoistarun.mega.nz,MegaUploadSites,0,3/19/2025,3/19/2025,,,,Intel::DOMAIN,
whxsfw.net.mega.nz,MegaUploadSites,0,3/19/2025,3/19/2025,,,,Intel::DOMAIN,
wiki-3.0.mega.nz,MegaUploadSites,0,3/19/2025,3/19/2025,,,,Intel::DOMAIN,
wiki.cd.mega.nz,MegaUploadSites,0,3/19/2025,3/19/2025,,,,Intel::DOMAIN,
wild.mega.nz,MegaUploadSites,0,3/19/2025,3/19/2025,,,,Intel::DOMAIN,
wilnp.cn.mega.nz,MegaUploadSites,0,3/19/2025,3/19/2025,,,,Intel::DOMAIN,
winoc.mega.nz,MegaUploadSites,0,3/19/2025,3/19/2025,,,,Intel::DOMAIN,
wjbayy.com.mega.nz,MegaUploadSites,0,3/19/2025,3/19/2025,,,,Intel::DOMAIN,
wjbxtladwwuc.de.mega.nz,MegaUploadSites,0,3/19/2025,3/19/2025,,,,Intel::DOMAIN,
wl4xw.trade.mega.nz,MegaUploadSites,0,3/19/2025,3/19/2025,,,,Intel::DOMAIN,
wldcrdrcrd.m.mega.nz,MegaUploadSites,0,3/19/2025,3/19/2025,,,,Intel::DOMAIN,
wldcrdrcrd.mega.nz,MegaUploadSites,0,3/19/2025,3/19/2025,,,,Intel::DOMAIN,
wldcrdrcrd.www.mega.nz,MegaUploadSites,0,3/19/2025,3/19/2025,,,,Intel::DOMAIN,
wnsde2.mega.nz,MegaUploadSites,0,3/19/2025,3/19/2025,,,,Intel::DOMAIN,
wnsnz2.mega.nz,MegaUploadSites,0,3/19/2025,3/19/2025,,,,Intel::DOMAIN,
woailulu.com.mega.nz,MegaUploadSites,0,3/19/2025,3/19/2025,,,,Intel::DOMAIN,
womansnz1.mega.nz,MegaUploadSites,0,3/19/2025,3/19/2025,,,,Intel::DOMAIN,
wordpress.mega.nz,MegaUploadSites,0,3/19/2025,3/19/2025,,,,Intel::DOMAIN,
worldsharp.cnslu3.mega.nz,MegaUploadSites,0,3/19/2025,3/19/2025,,,,Intel::DOMAIN,
woshiluoxuanht.cn.mega.nz,MegaUploadSites,0,3/19/2025,3/19/2025,,,,Intel::DOMAIN,
woxy.s.mega.nz,MegaUploadSites,0,3/19/2025,3/19/2025,,,,Intel::DOMAIN,
wp.mega.nz,MegaUploadSites,0,3/19/2025,3/19/2025,,,,Intel::DOMAIN,
wqc.mega.nz,MegaUploadSites,0,3/19/2025,3/19/2025,,,,Intel::DOMAIN,
wqm.mega.nz,MegaUploadSites,0,3/19/2025,3/19/2025,,,,Intel::DOMAIN,
wrfhd.cn.mega.nz,MegaUploadSites,0,3/19/2025,3/19/2025,,,,Intel::DOMAIN,
wtasyd.m.mega.nz,MegaUploadSites,0,3/19/2025,3/19/2025,,,,Intel::DOMAIN,
wtasyd.mega.nz,MegaUploadSites,0,3/19/2025,3/19/2025,,,,Intel::DOMAIN,
wu1wxvzx1adbdmovnwrwx2vhqh.mega.nz,MegaUploadSites,0,3/19/2025,3/19/2025,,,,Intel::DOMAIN,
wvlqh.cn.mega.nz,MegaUploadSites,0,3/19/2025,3/19/2025,,,,Intel::DOMAIN,
ww.m.mega.nz,MegaUploadSites,0,3/19/2025,3/19/2025,,,,Intel::DOMAIN,
ww.mega.nz,MegaUploadSites,0,3/19/2025,3/19/2025,,,,Intel::DOMAIN,
ww1.m.mega.nz,MegaUploadSites,0,3/19/2025,3/19/2025,,,,Intel::DOMAIN,
ww1.mega.nz,MegaUploadSites,0,3/19/2025,3/19/2025,,,,Intel::DOMAIN,
ww2.mega.nz,MegaUploadSites,0,3/19/2025,3/19/2025,,,,Intel::DOMAIN,
ww38.mega.nz,MegaUploadSites,0,3/19/2025,3/19/2025,,,,Intel::DOMAIN,
wwjjw.net.cn.mega.nz,MegaUploadSites,0,3/19/2025,3/19/2025,,,,Intel::DOMAIN,
wwpby.cn.mega.nz,MegaUploadSites,0,3/19/2025,3/19/2025,,,,Intel::DOMAIN,
www-connect.m.mega.nz,MegaUploadSites,0,3/19/2025,3/19/2025,,,,Intel::DOMAIN,
www-connect.mega.nz,MegaUploadSites,0,3/19/2025,3/19/2025,,,,Intel::DOMAIN,
www-int.mega.nz,MegaUploadSites,0,3/19/2025,3/19/2025,,,,Intel::DOMAIN,
www-monitor.mega.nz,MegaUploadSites,0,3/19/2025,3/19/2025,,,,Intel::DOMAIN,
www.0.mega.nz,MegaUploadSites,0,3/19/2025,3/19/2025,,,,Intel::DOMAIN,
www.1.mega.nz,MegaUploadSites,0,3/19/2025,3/19/2025,,,,Intel::DOMAIN,
www.10.10.mega.nz,MegaUploadSites,0,3/19/2025,3/19/2025,,,,Intel::DOMAIN,
www.17.mega.nz,MegaUploadSites,0,3/19/2025,3/19/2025,,,,Intel::DOMAIN,
www.192.168.0.mega.nz,MegaUploadSites,0,3/19/2025,3/19/2025,,,,Intel::DOMAIN,
www.192.168.1.mega.nz,MegaUploadSites,0,3/19/2025,3/19/2025,,,,Intel::DOMAIN,
www.192.168.2.mega.nz,MegaUploadSites,0,3/19/2025,3/19/2025,,,,Intel::DOMAIN,
www.1v.mega.nz,MegaUploadSites,0,3/19/2025,3/19/2025,,,,Intel::DOMAIN,
www.2.mega.nz,MegaUploadSites,0,3/19/2025,3/19/2025,,,,Intel::DOMAIN,
www.3e.mega.nz,MegaUploadSites,0,3/19/2025,3/19/2025,,,,Intel::DOMAIN,
www.3q.mega.nz,MegaUploadSites,0,3/19/2025,3/19/2025,,,,Intel::DOMAIN,
www.4.0.mega.nz,MegaUploadSites,0,3/19/2025,3/19/2025,,,,Intel::DOMAIN,
www.4.mega.nz,MegaUploadSites,0,3/19/2025,3/19/2025,,,,Intel::DOMAIN,
www.4b.mega.nz,MegaUploadSites,0,3/19/2025,3/19/2025,,,,Intel::DOMAIN,
www.5.mega.nz,MegaUploadSites,0,3/19/2025,3/19/2025,,,,Intel::DOMAIN,
www.6.mega.nz,MegaUploadSites,0,3/19/2025,3/19/2025,,,,Intel::DOMAIN,
www.63.mega.nz,MegaUploadSites,0,3/19/2025,3/19/2025,,,,Intel::DOMAIN,
www.70.mega.nz,MegaUploadSites,0,3/19/2025,3/19/2025,,,,Intel::DOMAIN,
www.72.mega.nz,MegaUploadSites,0,3/19/2025,3/19/2025,,,,Intel::DOMAIN,
www.73.mega.nz,MegaUploadSites,0,3/19/2025,3/19/2025,,,,Intel::DOMAIN,
www.76.mega.nz,MegaUploadSites,0,3/19/2025,3/19/2025,,,,Intel::DOMAIN,
www.9.mega.nz,MegaUploadSites,0,3/19/2025,3/19/2025,,,,Intel::DOMAIN,
www.admin.cms.mega.nz,MegaUploadSites,0,3/19/2025,3/19/2025,,,,Intel::DOMAIN,
www.alpha.cms.8.mega.nz,MegaUploadSites,0,3/19/2025,3/19/2025,,,,Intel::DOMAIN,
www.appleid.apple.s.mega.nz,MegaUploadSites,0,3/19/2025,3/19/2025,,,,Intel::DOMAIN,
www.b.mega.nz,MegaUploadSites,0,3/19/2025,3/19/2025,,,,Intel::DOMAIN,
www.blackmask.mega.nz,MegaUploadSites,0,3/19/2025,3/19/2025,,,,Intel::DOMAIN,
www.brightloop.j.mega.nz,MegaUploadSites,0,3/19/2025,3/19/2025,,,,Intel::DOMAIN,
www.c.mega.nz,MegaUploadSites,0,3/19/2025,3/19/2025,,,,Intel::DOMAIN,
www.canada.mega.nz,MegaUploadSites,0,3/19/2025,3/19/2025,,,,Intel::DOMAIN,
www.centurychallenge.0.mega.nz,MegaUploadSites,0,3/19/2025,3/19/2025,,,,Intel::DOMAIN,
www.chooseyourmask.mega.nz,MegaUploadSites,0,3/19/2025,3/19/2025,,,,Intel::DOMAIN,
www.chse.mega.nz,MegaUploadSites,0,3/19/2025,3/19/2025,,,,Intel::DOMAIN,
www.cmsd.systems.4.mega.nz,MegaUploadSites,0,3/19/2025,3/19/2025,,,,Intel::DOMAIN,
www.com.m.mega.nz,MegaUploadSites,0,3/19/2025,3/19/2025,,,,Intel::DOMAIN,
www.community.mega.nz,MegaUploadSites,0,3/19/2025,3/19/2025,,,,Intel::DOMAIN,
www.comp18.m.mega.nz,MegaUploadSites,0,3/19/2025,3/19/2025,,,,Intel::DOMAIN,
www.comp18.mega.nz,MegaUploadSites,0,3/19/2025,3/19/2025,,,,Intel::DOMAIN,
www.concordemotorhomes.2.mega.nz,MegaUploadSites,0,3/19/2025,3/19/2025,,,,Intel::DOMAIN,
www.d.cms.0.mega.nz,MegaUploadSites,0,3/19/2025,3/19/2025,,,,Intel::DOMAIN,
www.demo.3.mega.nz,MegaUploadSites,0,3/19/2025,3/19/2025,,,,Intel::DOMAIN,
www.demo.s.mega.nz,MegaUploadSites,0,3/19/2025,3/19/2025,,,,Intel::DOMAIN,
www.distance.mega.nz,MegaUploadSites,0,3/19/2025,3/19/2025,,,,Intel::DOMAIN,
www.distancelearning.mega.nz,MegaUploadSites,0,3/19/2025,3/19/2025,,,,Intel::DOMAIN,
www.e.mega.nz,MegaUploadSites,0,3/19/2025,3/19/2025,,,,Intel::DOMAIN,
www.efirstaid.1.mega.nz,MegaUploadSites,0,3/19/2025,3/19/2025,,,,Intel::DOMAIN,
www.ellapack.com.au.mega.nz,MegaUploadSites,0,3/19/2025,3/19/2025,,,,Intel::DOMAIN,
www.en.mega.nz,MegaUploadSites,0,3/19/2025,3/19/2025,,,,Intel::DOMAIN,
www.estimuloseconomicos.mega.nz,MegaUploadSites,0,3/19/2025,3/19/2025,,,,Intel::DOMAIN,
www.eu.mega.nz,MegaUploadSites,0,3/19/2025,3/19/2025,,,,Intel::DOMAIN,
www.fr.ca.mega.nz,MegaUploadSites,0,3/19/2025,3/19/2025,,,,Intel::DOMAIN,
www.games.mega.nz,MegaUploadSites,0,3/19/2025,3/19/2025,,,,Intel::DOMAIN,
www.google.mega.nz,MegaUploadSites,0,3/19/2025,3/19/2025,,,,Intel::DOMAIN,
www.greaterhunterremovals.2.mega.nz,MegaUploadSites,0,3/19/2025,3/19/2025,,,,Intel::DOMAIN,
www.gs.mega.nz,MegaUploadSites,0,3/19/2025,3/19/2025,,,,Intel::DOMAIN,
www.help.m.mega.nz,MegaUploadSites,0,3/19/2025,3/19/2025,,,,Intel::DOMAIN,
www.http.mega.nz,MegaUploadSites,0,3/19/2025,3/19/2025,,,,Intel::DOMAIN,
www.infeccionvaginal.mega.nz,MegaUploadSites,0,3/19/2025,3/19/2025,,,,Intel::DOMAIN,
www.korejskamaska.mega.nz,MegaUploadSites,0,3/19/2025,3/19/2025,,,,Intel::DOMAIN,
www.lakeride.2.mega.nz,MegaUploadSites,0,3/19/2025,3/19/2025,,,,Intel::DOMAIN,
www.lakesideair.1.mega.nz,MegaUploadSites,0,3/19/2025,3/19/2025,,,,Intel::DOMAIN,
www.link.e.mega.nz,MegaUploadSites,0,3/19/2025,3/19/2025,,,,Intel::DOMAIN,
www.lyc-brassens-courcouronnes.mega.nz,MegaUploadSites,0,3/19/2025,3/19/2025,,,,Intel::DOMAIN,
www.m.mega.nz,MegaUploadSites,0,3/19/2025,3/19/2025,,,,Intel::DOMAIN,
www.mail.ap.mega.nz,MegaUploadSites,0,3/19/2025,3/19/2025,,,,Intel::DOMAIN,
www.mail.m.mega.nz,MegaUploadSites,0,3/19/2025,3/19/2025,,,,Intel::DOMAIN,
www.marriageday.1.mega.nz,MegaUploadSites,0,3/19/2025,3/19/2025,,,,Intel::DOMAIN,
www.mascaras.mega.nz,MegaUploadSites,0,3/19/2025,3/19/2025,,,,Intel::DOMAIN,
www.mask10.mega.nz,MegaUploadSites,0,3/19/2025,3/19/2025,,,,Intel::DOMAIN,
www.maskotky.mega.nz,MegaUploadSites,0,3/19/2025,3/19/2025,,,,Intel::DOMAIN,
www.masks.mega.nz,MegaUploadSites,0,3/19/2025,3/19/2025,,,,Intel::DOMAIN,
www.mega.nz,MegaUploadSites,0,3/19/2025,3/19/2025,,,,Intel::DOMAIN,
www.music.mega.nz,MegaUploadSites,0,3/19/2025,3/19/2025,,,,Intel::DOMAIN,
www.mya.m.mega.nz,MegaUploadSites,0,3/19/2025,3/19/2025,,,,Intel::DOMAIN,
www.nakl.t.mega.nz,MegaUploadSites,0,3/19/2025,3/19/2025,,,,Intel::DOMAIN,
www.newcastleskipbins.0.mega.nz,MegaUploadSites,0,3/19/2025,3/19/2025,,,,Intel::DOMAIN,
www.ns1.mega.nz,MegaUploadSites,0,3/19/2025,3/19/2025,,,,Intel::DOMAIN,
www.old.mega.nz,MegaUploadSites,0,3/19/2025,3/19/2025,,,,Intel::DOMAIN,
www.owncloud.8.2.2.mega.nz,MegaUploadSites,0,3/19/2025,3/19/2025,,,,Intel::DOMAIN,
www.paypal.com.signin.country.x.mega.nz,MegaUploadSites,0,3/19/2025,3/19/2025,,,,Intel::DOMAIN,
www.pbnelectrical.2.mega.nz,MegaUploadSites,0,3/19/2025,3/19/2025,,,,Intel::DOMAIN,
www.plusbusiness.1.mega.nz,MegaUploadSites,0,3/19/2025,3/19/2025,,,,Intel::DOMAIN,
www.quarantine1.mega.nz,MegaUploadSites,0,3/19/2025,3/19/2025,,,,Intel::DOMAIN,
www.respiratorycare.mega.nz,MegaUploadSites,0,3/19/2025,3/19/2025,,,,Intel::DOMAIN,
www.s.d.mega.nz,MegaUploadSites,0,3/19/2025,3/19/2025,,,,Intel::DOMAIN,
www.service.ch.mega.nz,MegaUploadSites,0,3/19/2025,3/19/2025,,,,Intel::DOMAIN,
www.shop.e.mega.nz,MegaUploadSites,0,3/19/2025,3/19/2025,,,,Intel::DOMAIN,
www.smtp.m.mega.nz,MegaUploadSites,0,3/19/2025,3/19/2025,,,,Intel::DOMAIN,
www.ssl.3.mega.nz,MegaUploadSites,0,3/19/2025,3/19/2025,,,,Intel::DOMAIN,
www.students.mega.nz,MegaUploadSites,0,3/19/2025,3/19/2025,,,,Intel::DOMAIN,
www.system.k.mega.nz,MegaUploadSites,0,3/19/2025,3/19/2025,,,,Intel::DOMAIN,
www.takedown.m.mega.nz,MegaUploadSites,0,3/19/2025,3/19/2025,,,,Intel::DOMAIN,
www.test.nzccl.org.nz.o.mega.nz,MegaUploadSites,0,3/19/2025,3/19/2025,,,,Intel::DOMAIN,
www.trk.mega.nz,MegaUploadSites,0,3/19/2025,3/19/2025,,,,Intel::DOMAIN,
www.updatev3.2.mega.nz,MegaUploadSites,0,3/19/2025,3/19/2025,,,,Intel::DOMAIN,
www.uro.mega.nz,MegaUploadSites,0,3/19/2025,3/19/2025,,,,Intel::DOMAIN,
www.ursula-bilgeri.at.mega.nz,MegaUploadSites,0,3/19/2025,3/19/2025,,,,Intel::DOMAIN,
www.v2.0.mega.nz,MegaUploadSites,0,3/19/2025,3/19/2025,,,,Intel::DOMAIN,
www.vcashcard.mega.nz,MegaUploadSites,0,3/19/2025,3/19/2025,,,,Intel::DOMAIN,
www.virus-detect.mega.nz,MegaUploadSites,0,3/19/2025,3/19/2025,,,,Intel::DOMAIN,
www.web6508.m.mega.nz,MegaUploadSites,0,3/19/2025,3/19/2025,,,,Intel::DOMAIN,
www.webdav.mega.nz,MegaUploadSites,0,3/19/2025,3/19/2025,,,,Intel::DOMAIN,
www.weddingbitz.2.mega.nz,MegaUploadSites,0,3/19/2025,3/19/2025,,,,Intel::DOMAIN,
www.world.mega.nz,MegaUploadSites,0,3/19/2025,3/19/2025,,,,Intel::DOMAIN,
www.www.m.mega.nz,MegaUploadSites,0,3/19/2025,3/19/2025,,,,Intel::DOMAIN,
www.www.mega.nz,MegaUploadSites,0,3/19/2025,3/19/2025,,,,Intel::DOMAIN,
www.www.www.www.www.www.w.mega.nz,MegaUploadSites,0,3/19/2025,3/19/2025,,,,Intel::DOMAIN,
www.x.y.z.mega.nz,MegaUploadSites,0,3/19/2025,3/19/2025,,,,Intel::DOMAIN,
www1.9.mega.nz,MegaUploadSites,0,3/19/2025,3/19/2025,,,,Intel::DOMAIN,
www1.b.mega.nz,MegaUploadSites,0,3/19/2025,3/19/2025,,,,Intel::DOMAIN,
www1.c.mega.nz,MegaUploadSites,0,3/19/2025,3/19/2025,,,,Intel::DOMAIN,
www1.e.mega.nz,MegaUploadSites,0,3/19/2025,3/19/2025,,,,Intel::DOMAIN,
www1034.mega.nz,MegaUploadSites,0,3/19/2025,3/19/2025,,,,Intel::DOMAIN,
www202.m.mega.nz,MegaUploadSites,0,3/19/2025,3/19/2025,,,,Intel::DOMAIN,
www202.mega.nz,MegaUploadSites,0,3/19/2025,3/19/2025,,,,Intel::DOMAIN,
www28.mega.nz,MegaUploadSites,0,3/19/2025,3/19/2025,,,,Intel::DOMAIN,
www5032m.m.mega.nz,MegaUploadSites,0,3/19/2025,3/19/2025,,,,Intel::DOMAIN,
www5032m.mega.nz,MegaUploadSites,0,3/19/2025,3/19/2025,,,,Intel::DOMAIN,
www9nsnz2.mega.nz,MegaUploadSites,0,3/19/2025,3/19/2025,,,,Intel::DOMAIN,
wwweast.m.mega.nz,MegaUploadSites,0,3/19/2025,3/19/2025,,,,Intel::DOMAIN,
wwweast.mega.nz,MegaUploadSites,0,3/19/2025,3/19/2025,,,,Intel::DOMAIN,
wwww.mega.nz,MegaUploadSites,0,3/19/2025,3/19/2025,,,,Intel::DOMAIN,
wwwwww.mega.nz,MegaUploadSites,0,3/19/2025,3/19/2025,,,,Intel::DOMAIN,
wxdctg88.com.mega.nz,MegaUploadSites,0,3/19/2025,3/19/2025,,,,Intel::DOMAIN,
wxjsco.com.mega.nz,MegaUploadSites,0,3/19/2025,3/19/2025,,,,Intel::DOMAIN,
wyv532snvfwnu.cp.mega.nz,MegaUploadSites,0,3/19/2025,3/19/2025,,,,Intel::DOMAIN,
x.mega.nz,MegaUploadSites,0,3/19/2025,3/19/2025,,,,Intel::DOMAIN,
x.y.mega.nz,MegaUploadSites,0,3/19/2025,3/19/2025,,,,Intel::DOMAIN,
x06zpdycgke1.up.mega.nz,MegaUploadSites,0,3/19/2025,3/19/2025,,,,Intel::DOMAIN,
x20g1dhoh7vq.m.mega.nz,MegaUploadSites,0,3/19/2025,3/19/2025,,,,Intel::DOMAIN,
x3k4jfwki.art.mega.nz,MegaUploadSites,0,3/19/2025,3/19/2025,,,,Intel::DOMAIN,
xa0q4.admindb3.mega.nz,MegaUploadSites,0,3/19/2025,3/19/2025,,,,Intel::DOMAIN,
xatyqc.com.mega.nz,MegaUploadSites,0,3/19/2025,3/19/2025,,,,Intel::DOMAIN,
xaxeg.cn.mega.nz,MegaUploadSites,0,3/19/2025,3/19/2025,,,,Intel::DOMAIN,
xdq5lqvrzn4thx4y0hro0o1knf.mega.nz,MegaUploadSites,0,3/19/2025,3/19/2025,,,,Intel::DOMAIN,
xer.mega.nz,MegaUploadSites,0,3/19/2025,3/19/2025,,,,Intel::DOMAIN,
xfa8w.i3.mega.nz,MegaUploadSites,0,3/19/2025,3/19/2025,,,,Intel::DOMAIN,
xh.mega.nz,MegaUploadSites,0,3/19/2025,3/19/2025,,,,Intel::DOMAIN,
xiabp.cn.mega.nz,MegaUploadSites,0,3/19/2025,3/19/2025,,,,Intel::DOMAIN,
xiekechuang.com.mega.nz,MegaUploadSites,0,3/19/2025,3/19/2025,,,,Intel::DOMAIN,
xinzhandz.com.mega.nz,MegaUploadSites,0,3/19/2025,3/19/2025,,,,Intel::DOMAIN,
xitouji888.cn.mega.nz,MegaUploadSites,0,3/19/2025,3/19/2025,,,,Intel::DOMAIN,
xiuxubxg.com.mega.nz,MegaUploadSites,0,3/19/2025,3/19/2025,,,,Intel::DOMAIN,
xknzl.cn.mega.nz,MegaUploadSites,0,3/19/2025,3/19/2025,,,,Intel::DOMAIN,
xmhbzsgs.com.mega.nz,MegaUploadSites,0,3/19/2025,3/19/2025,,,,Intel::DOMAIN,
xmpp.karere.mega.nz,MegaUploadSites,0,3/19/2025,3/19/2025,,,,Intel::DOMAIN,
xmpp270n001.karere.mega.nz,MegaUploadSites,0,3/19/2025,3/19/2025,,,,Intel::DOMAIN,
xmpp270n002.karere.mega.nz,MegaUploadSites,0,3/19/2025,3/19/2025,,,,Intel::DOMAIN,
xmpp270n003.karere.mega.nz,MegaUploadSites,0,3/19/2025,3/19/2025,,,,Intel::DOMAIN,
xmpp270n003.larere.mega.nz,MegaUploadSites,0,3/19/2025,3/19/2025,,,,Intel::DOMAIN,
xmpp270n004.karere.mega.nz,MegaUploadSites,0,3/19/2025,3/19/2025,,,,Intel::DOMAIN,
xmpp270n005.karere.mega.nz,MegaUploadSites,0,3/19/2025,3/19/2025,,,,Intel::DOMAIN,
xmpp302n001.karere.mega.nz,MegaUploadSites,0,3/19/2025,3/19/2025,,,,Intel::DOMAIN,
xmpp302n002.karere.mega.nz,MegaUploadSites,0,3/19/2025,3/19/2025,,,,Intel::DOMAIN,
xmpp302n003.karere.mega.nz,MegaUploadSites,0,3/19/2025,3/19/2025,,,,Intel::DOMAIN,
xmpp302n004.karere.mega.nz,MegaUploadSites,0,3/19/2025,3/19/2025,,,,Intel::DOMAIN,
xmpp302n005.karere.mega.nz,MegaUploadSites,0,3/19/2025,3/19/2025,,,,Intel::DOMAIN,
xn--b1amdbbevom0h.23.mega.nz,MegaUploadSites,0,3/19/2025,3/19/2025,,,,Intel::DOMAIN,
xn--d1abagsdcojb8a6j.16.mega.nz,MegaUploadSites,0,3/19/2025,3/19/2025,,,,Intel::DOMAIN,
xn--e1agdcokndn.23.mega.nz,MegaUploadSites,0,3/19/2025,3/19/2025,,,,Intel::DOMAIN,
xn--e1amg1bxa.16.mega.nz,MegaUploadSites,0,3/19/2025,3/19/2025,,,,Intel::DOMAIN,
xn--l1aks.44.mega.nz,MegaUploadSites,0,3/19/2025,3/19/2025,,,,Intel::DOMAIN,
xn--l1aks.61.mega.nz,MegaUploadSites,0,3/19/2025,3/19/2025,,,,Intel::DOMAIN,
xn--l1aks.62.mega.nz,MegaUploadSites,0,3/19/2025,3/19/2025,,,,Intel::DOMAIN,
xn--n8jwkwb3d155rfvd13wxnsde1.m.mega.nz,MegaUploadSites,0,3/19/2025,3/19/2025,,,,Intel::DOMAIN,
xn--n8jwkwb3d155rfvd13wxnsde1.mega.nz,MegaUploadSites,0,3/19/2025,3/19/2025,,,,Intel::DOMAIN,
xnsde1.mega.nz,MegaUploadSites,0,3/19/2025,3/19/2025,,,,Intel::DOMAIN,
xpdgneeu30wy0qlhd5rstkcg4h.mega.nz,MegaUploadSites,0,3/19/2025,3/19/2025,,,,Intel::DOMAIN,
xpj222.net.mega.nz,MegaUploadSites,0,3/19/2025,3/19/2025,,,,Intel::DOMAIN,
xpj333.net.mega.nz,MegaUploadSites,0,3/19/2025,3/19/2025,,,,Intel::DOMAIN,
xpj520.com.mega.nz,MegaUploadSites,0,3/19/2025,3/19/2025,,,,Intel::DOMAIN,
xpj666.net.mega.nz,MegaUploadSites,0,3/19/2025,3/19/2025,,,,Intel::DOMAIN,
xpj88088.com.mega.nz,MegaUploadSites,0,3/19/2025,3/19/2025,,,,Intel::DOMAIN,
xpj88288.com.mega.nz,MegaUploadSites,0,3/19/2025,3/19/2025,,,,Intel::DOMAIN,
xpjd6363.com.mega.nz,MegaUploadSites,0,3/19/2025,3/19/2025,,,,Intel::DOMAIN,
xuchangnews.cn.mega.nz,MegaUploadSites,0,3/19/2025,3/19/2025,,,,Intel::DOMAIN,
xxl168.cn.mega.nz,MegaUploadSites,0,3/19/2025,3/19/2025,,,,Intel::DOMAIN,
xxprlh3q3pubxm5dtytq4s53qh-auth.mega.nz,MegaUploadSites,0,3/19/2025,3/19/2025,,,,Intel::DOMAIN,
xxprlh3q3pubxm5dtytq4s53qh-ca-central-1.mega.nz,MegaUploadSites,0,3/19/2025,3/19/2025,,,,Intel::DOMAIN,
xxprlh3q3pubxm5dtytq4s53qh-embed.mega.nz,MegaUploadSites,0,3/19/2025,3/19/2025,,,,Intel::DOMAIN,
xxprlh3q3pubxm5dtytq4s53qh-westeuropestage.m.mega.nz,MegaUploadSites,0,3/19/2025,3/19/2025,,,,Intel::DOMAIN,
xxprlh3q3pubxm5dtytq4s53qh-westeuropestage.mega.nz,MegaUploadSites,0,3/19/2025,3/19/2025,,,,Intel::DOMAIN,
xxprlh3q3pubxm5dtytq4s53qh.mega.nz,MegaUploadSites,0,3/19/2025,3/19/2025,,,,Intel::DOMAIN,
xyk-ic.com.mega.nz,MegaUploadSites,0,3/19/2025,3/19/2025,,,,Intel::DOMAIN,
xytec.cn.mega.nz,MegaUploadSites,0,3/19/2025,3/19/2025,,,,Intel::DOMAIN,
xyyyhj.com.mega.nz,MegaUploadSites,0,3/19/2025,3/19/2025,,,,Intel::DOMAIN,
xzhhblc.com.mega.nz,MegaUploadSites,0,3/19/2025,3/19/2025,,,,Intel::DOMAIN,
y38ek2mj2.ac.ru.mega.nz,MegaUploadSites,0,3/19/2025,3/19/2025,,,,Intel::DOMAIN,
y5ji6uhpzjli7zw.0.mega.nz,MegaUploadSites,0,3/19/2025,3/19/2025,,,,Intel::DOMAIN,
y79scv.a.mega.nz,MegaUploadSites,0,3/19/2025,3/19/2025,,,,Intel::DOMAIN,
ya.cms.mega.nz,MegaUploadSites,0,3/19/2025,3/19/2025,,,,Intel::DOMAIN,
yazhoushidabocaiwangzhan.cms.mega.nz,MegaUploadSites,0,3/19/2025,3/19/2025,,,,Intel::DOMAIN,
ycevs.cn.mega.nz,MegaUploadSites,0,3/19/2025,3/19/2025,,,,Intel::DOMAIN,
yeastinfection.mega.nz,MegaUploadSites,0,3/19/2025,3/19/2025,,,,Intel::DOMAIN,
yelkl1bxnht3qtrbbqq0hrq0kb.mega.nz,MegaUploadSites,0,3/19/2025,3/19/2025,,,,Intel::DOMAIN,
yellowfevervaccine.mega.nz,MegaUploadSites,0,3/19/2025,3/19/2025,,,,Intel::DOMAIN,
yervf.cn.mega.nz,MegaUploadSites,0,3/19/2025,3/19/2025,,,,Intel::DOMAIN,
yghqikrnsnz1.mega.nz,MegaUploadSites,0,3/19/2025,3/19/2025,,,,Intel::DOMAIN,
yhfsx.cn.mega.nz,MegaUploadSites,0,3/19/2025,3/19/2025,,,,Intel::DOMAIN,
yhfyk.cn.mega.nz,MegaUploadSites,0,3/19/2025,3/19/2025,,,,Intel::DOMAIN,
yhytm.cn.mega.nz,MegaUploadSites,0,3/19/2025,3/19/2025,,,,Intel::DOMAIN,
yingled.cn.mega.nz,MegaUploadSites,0,3/19/2025,3/19/2025,,,,Intel::DOMAIN,
yinuozaixian.com.mega.nz,MegaUploadSites,0,3/19/2025,3/19/2025,,,,Intel::DOMAIN,
yiwumaoni.com.mega.nz,MegaUploadSites,0,3/19/2025,3/19/2025,,,,Intel::DOMAIN,
yiwushangyi.net.mega.nz,MegaUploadSites,0,3/19/2025,3/19/2025,,,,Intel::DOMAIN,
yjcfm.cn.mega.nz,MegaUploadSites,0,3/19/2025,3/19/2025,,,,Intel::DOMAIN,
yjckd.cn.mega.nz,MegaUploadSites,0,3/19/2025,3/19/2025,,,,Intel::DOMAIN,
yjddb.cn.mega.nz,MegaUploadSites,0,3/19/2025,3/19/2025,,,,Intel::DOMAIN,
yjdjb.cn.mega.nz,MegaUploadSites,0,3/19/2025,3/19/2025,,,,Intel::DOMAIN,
yjdzk.cn.mega.nz,MegaUploadSites,0,3/19/2025,3/19/2025,,,,Intel::DOMAIN,
yjfmf.cn.mega.nz,MegaUploadSites,0,3/19/2025,3/19/2025,,,,Intel::DOMAIN,
yjftd.cn.mega.nz,MegaUploadSites,0,3/19/2025,3/19/2025,,,,Intel::DOMAIN,
yjgsb.cn.mega.nz,MegaUploadSites,0,3/19/2025,3/19/2025,,,,Intel::DOMAIN,
yjgwk.cn.mega.nz,MegaUploadSites,0,3/19/2025,3/19/2025,,,,Intel::DOMAIN,
yjhjz.cn.mega.nz,MegaUploadSites,0,3/19/2025,3/19/2025,,,,Intel::DOMAIN,
yjhyt.cn.mega.nz,MegaUploadSites,0,3/19/2025,3/19/2025,,,,Intel::DOMAIN,
yjtzg.cn.mega.nz,MegaUploadSites,0,3/19/2025,3/19/2025,,,,Intel::DOMAIN,
yjwmj.cn.mega.nz,MegaUploadSites,0,3/19/2025,3/19/2025,,,,Intel::DOMAIN,
yjzcx.cn.mega.nz,MegaUploadSites,0,3/19/2025,3/19/2025,,,,Intel::DOMAIN,
ykbfz.cn.mega.nz,MegaUploadSites,0,3/19/2025,3/19/2025,,,,Intel::DOMAIN,
ykbgk.cn.mega.nz,MegaUploadSites,0,3/19/2025,3/19/2025,,,,Intel::DOMAIN,
ykbhb.cn.mega.nz,MegaUploadSites,0,3/19/2025,3/19/2025,,,,Intel::DOMAIN,
ykbhh.cn.mega.nz,MegaUploadSites,0,3/19/2025,3/19/2025,,,,Intel::DOMAIN,
ykbjd.cn.mega.nz,MegaUploadSites,0,3/19/2025,3/19/2025,,,,Intel::DOMAIN,
ykbmx.cn.mega.nz,MegaUploadSites,0,3/19/2025,3/19/2025,,,,Intel::DOMAIN,
ykbsh.cn.mega.nz,MegaUploadSites,0,3/19/2025,3/19/2025,,,,Intel::DOMAIN,
ykbyg.cn.mega.nz,MegaUploadSites,0,3/19/2025,3/19/2025,,,,Intel::DOMAIN,
ykbzd.cn.mega.nz,MegaUploadSites,0,3/19/2025,3/19/2025,,,,Intel::DOMAIN,
ykchy.cn.mega.nz,MegaUploadSites,0,3/19/2025,3/19/2025,,,,Intel::DOMAIN,
ykcjk.cn.mega.nz,MegaUploadSites,0,3/19/2025,3/19/2025,,,,Intel::DOMAIN,
ynm0hkz4ztg4l7b.academyoflionnsnz2.mega.nz,MegaUploadSites,0,3/19/2025,3/19/2025,,,,Intel::DOMAIN,
ynsde1.mega.nz,MegaUploadSites,0,3/19/2025,3/19/2025,,,,Intel::DOMAIN,
yorozu.2.mega.nz,MegaUploadSites,0,3/19/2025,3/19/2025,,,,Intel::DOMAIN,
youtube1.2.mega.nz,MegaUploadSites,0,3/19/2025,3/19/2025,,,,Intel::DOMAIN,
yp.mega.nz,MegaUploadSites,0,3/19/2025,3/19/2025,,,,Intel::DOMAIN,
yqrs7866.cn.mega.nz,MegaUploadSites,0,3/19/2025,3/19/2025,,,,Intel::DOMAIN,
ytkkb.cn.mega.nz,MegaUploadSites,0,3/19/2025,3/19/2025,,,,Intel::DOMAIN,
ytmbs.cn.mega.nz,MegaUploadSites,0,3/19/2025,3/19/2025,,,,Intel::DOMAIN,
yuandongdiaosu.com.mega.nz,MegaUploadSites,0,3/19/2025,3/19/2025,,,,Intel::DOMAIN,
yuanhangmuju.com.mega.nz,MegaUploadSites,0,3/19/2025,3/19/2025,,,,Intel::DOMAIN,
yubain.cn.mega.nz,MegaUploadSites,0,3/19/2025,3/19/2025,,,,Intel::DOMAIN,
yundingguojiwangzhi.cms.mega.nz,MegaUploadSites,0,3/19/2025,3/19/2025,,,,Intel::DOMAIN,
yuucoo.cn.mega.nz,MegaUploadSites,0,3/19/2025,3/19/2025,,,,Intel::DOMAIN,
ywf56.com.mega.nz,MegaUploadSites,0,3/19/2025,3/19/2025,,,,Intel::DOMAIN,
yxj4zir.billing.mega.nz,MegaUploadSites,0,3/19/2025,3/19/2025,,,,Intel::DOMAIN,
yy.cms.mega.nz,MegaUploadSites,0,3/19/2025,3/19/2025,,,,Intel::DOMAIN,
yyaa.org.cn.mega.nz,MegaUploadSites,0,3/19/2025,3/19/2025,,,,Intel::DOMAIN,
yyckn5f1xdk5.pay.mega.nz,MegaUploadSites,0,3/19/2025,3/19/2025,,,,Intel::DOMAIN,
yzmztw.com.mega.nz,MegaUploadSites,0,3/19/2025,3/19/2025,,,,Intel::DOMAIN,
yzoptical.net.mega.nz,MegaUploadSites,0,3/19/2025,3/19/2025,,,,Intel::DOMAIN,
z-ocean.net.mega.nz,MegaUploadSites,0,3/19/2025,3/19/2025,,,,Intel::DOMAIN,
z.mega.nz,MegaUploadSites,0,3/19/2025,3/19/2025,,,,Intel::DOMAIN,
z0ar0uw3y.ru.mega.nz,MegaUploadSites,0,3/19/2025,3/19/2025,,,,Intel::DOMAIN,
z11.d.mega.nz,MegaUploadSites,0,3/19/2025,3/19/2025,,,,Intel::DOMAIN,
z27.d.mega.nz,MegaUploadSites,0,3/19/2025,3/19/2025,,,,Intel::DOMAIN,
z2ic1i65txc.cms.mega.nz,MegaUploadSites,0,3/19/2025,3/19/2025,,,,Intel::DOMAIN,
z61.d.mega.nz,MegaUploadSites,0,3/19/2025,3/19/2025,,,,Intel::DOMAIN,
zaqzeq.cn.mega.nz,MegaUploadSites,0,3/19/2025,3/19/2025,,,,Intel::DOMAIN,
zcakp6242f.9.mega.nz,MegaUploadSites,0,3/19/2025,3/19/2025,,,,Intel::DOMAIN,
zdzhfoem.com.mega.nz,MegaUploadSites,0,3/19/2025,3/19/2025,,,,Intel::DOMAIN,
zee.mega.nz,MegaUploadSites,0,3/19/2025,3/19/2025,,,,Intel::DOMAIN,
zeekin.cn.mega.nz,MegaUploadSites,0,3/19/2025,3/19/2025,,,,Intel::DOMAIN,
zenlry.cn.mega.nz,MegaUploadSites,0,3/19/2025,3/19/2025,,,,Intel::DOMAIN,
zenmastensnz2.mega.nz,MegaUploadSites,0,3/19/2025,3/19/2025,,,,Intel::DOMAIN,
zfbgao0ttvaw5jkt1etcreo2ag.m.mega.nz,MegaUploadSites,0,3/19/2025,3/19/2025,,,,Intel::DOMAIN,
zfbgao0ttvaw5jkt1etcreo2ag.mega.nz,MegaUploadSites,0,3/19/2025,3/19/2025,,,,Intel::DOMAIN,
zgjsxh.cn.mega.nz,MegaUploadSites,0,3/19/2025,3/19/2025,,,,Intel::DOMAIN,
zh.4.mega.nz,MegaUploadSites,0,3/19/2025,3/19/2025,,,,Intel::DOMAIN,
zhanzhang.bj.mega.nz,MegaUploadSites,0,3/19/2025,3/19/2025,,,,Intel::DOMAIN,
zhenxingnihua.com.mega.nz,MegaUploadSites,0,3/19/2025,3/19/2025,,,,Intel::DOMAIN,
zhenyouguqi.com.mega.nz,MegaUploadSites,0,3/19/2025,3/19/2025,,,,Intel::DOMAIN,
zhqier.cn.mega.nz,MegaUploadSites,0,3/19/2025,3/19/2025,,,,Intel::DOMAIN,
zhuangfatang.net.mega.nz,MegaUploadSites,0,3/19/2025,3/19/2025,,,,Intel::DOMAIN,
ziitie.cn.mega.nz,MegaUploadSites,0,3/19/2025,3/19/2025,,,,Intel::DOMAIN,
zingto.cn.mega.nz,MegaUploadSites,0,3/19/2025,3/19/2025,,,,Intel::DOMAIN,
zinnschmelzensnz1.m.mega.nz,MegaUploadSites,0,3/19/2025,3/19/2025,,,,Intel::DOMAIN,
zinnschmelzensnz1.mega.nz,MegaUploadSites,0,3/19/2025,3/19/2025,,,,Intel::DOMAIN,
zjk-delixi.com.mega.nz,MegaUploadSites,0,3/19/2025,3/19/2025,,,,Intel::DOMAIN,
zjsbfp.com.mega.nz,MegaUploadSites,0,3/19/2025,3/19/2025,,,,Intel::DOMAIN,
zlobue.cn.mega.nz,MegaUploadSites,0,3/19/2025,3/19/2025,,,,Intel::DOMAIN,
zmhfm.com.cn.mega.nz,MegaUploadSites,0,3/19/2025,3/19/2025,,,,Intel::DOMAIN,
znxvf.cn.mega.nz,MegaUploadSites,0,3/19/2025,3/19/2025,,,,Intel::DOMAIN,
zolfua.cn.mega.nz,MegaUploadSites,0,3/19/2025,3/19/2025,,,,Intel::DOMAIN,
zorloo.cn.mega.nz,MegaUploadSites,0,3/19/2025,3/19/2025,,,,Intel::DOMAIN,
zphx.co.mega.nz,MegaUploadSites,0,3/19/2025,3/19/2025,,,,Intel::DOMAIN,
zruhke.cn.mega.nz,MegaUploadSites,0,3/19/2025,3/19/2025,,,,Intel::DOMAIN,
zsongs.mega.nz,MegaUploadSites,0,3/19/2025,3/19/2025,,,,Intel::DOMAIN,
zt.mega.nz,MegaUploadSites,0,3/19/2025,3/19/2025,,,,Intel::DOMAIN,
zuerichagenda.ch.mega.nz,MegaUploadSites,0,3/19/2025,3/19/2025,,,,Intel::DOMAIN,
zuixinhuangguanwangzhi.cms.mega.nz,MegaUploadSites,0,3/19/2025,3/19/2025,,,,Intel::DOMAIN,
zuoaiya.com.mega.nz,MegaUploadSites,0,3/19/2025,3/19/2025,,,,Intel::DOMAIN,
zutuan.b0.mega.nz,MegaUploadSites,0,3/19/2025,3/19/2025,,,,Intel::DOMAIN,
zuunie.cn.mega.nz,MegaUploadSites,0,3/19/2025,3/19/2025,,,,Intel::DOMAIN,
zuzeye.cn.mega.nz,MegaUploadSites,0,3/19/2025,3/19/2025,,,,Intel::DOMAIN,
zvh45.mega.nz,MegaUploadSites,0,3/19/2025,3/19/2025,,,,Intel::DOMAIN,
zvhbmg.cn.mega.nz,MegaUploadSites,0,3/19/2025,3/19/2025,,,,Intel::DOMAIN,
zwe.mega.nz,MegaUploadSites,0,3/19/2025,3/19/2025,,,,Intel::DOMAIN,
zwomk.trade.mega.nz,MegaUploadSites,0,3/19/2025,3/19/2025,,,,Intel::DOMAIN,
zycie3.0.mega.nz,MegaUploadSites,0,3/19/2025,3/19/2025,,,,Intel::DOMAIN,
zyd2s6b0t7.s.mega.nz,MegaUploadSites,0,3/19/2025,3/19/2025,,,,Intel::DOMAIN,
zzctzg.com.cn.mega.nz,MegaUploadSites,0,3/19/2025,3/19/2025,,,,Intel::DOMAIN,
